mtllib arrow.mtl
o shaft
usemtl wood_shaft
v 0 0.028034017563646797 0.27150000308454036
v 0.001345859025605023 0.028211203080451254 0.27150000308454036
v 0.0026000000070780516 0.02873068549934602 0.27150000308454036
v 0.0036769553553313017 0.0295570622224716 0.27150000308454036
v 0.004503332078456879 0.03063401757072485 0.27150000308454036
v 0.005022814497351646 0.03188815855219788 0.27150000308454036
v 0.005200000014156103 0.0332340175778029 0.27150000308454036
v 0.005022814497351646 0.03457987660340792 0.27150000308454036
v 0.004503332078456879 0.03583401758488095 0.27150000308454036
v 0.0036769553553313017 0.0369109729331342 0.27150000308454036
v 0.0026000000070780516 0.03773734965625978 0.27150000308454036
v 0.001345859025605023 0.03825683207515455 0.27150000308454036
v 6.368163166085827e-19 0.038434017591959004 0.27150000308454036
v -0.001345859025605023 0.03825683207515455 0.27150000308454036
v -0.0026000000070780516 0.03773734965625978 0.27150000308454036
v -0.0036769553553313017 0.0369109729331342 0.27150000308454036
v -0.004503332078456879 0.03583401758488095 0.27150000308454036
v -0.005022814497351646 0.03457987660340792 0.27150000308454036
v -0.005200000014156103 0.0332340175778029 0.27150000308454036
v -0.005022814497351646 0.03188815855219788 0.27150000308454036
v -0.004503332078456879 0.03063401757072485 0.27150000308454036
v -0.0036769553553313017 0.0295570622224716 0.27150000308454036
v -0.0026000000070780516 0.02873068549934602 0.27150000308454036
v -0.001345859025605023 0.028211203080451254 0.27150000308454036
v -1.2736326332171654e-18 0.028034017563646797 0.27150000308454036
v 0 0.0270340173997339 -0.283500004068017
v 0.0016046781092882156 0.0272452776812371 -0.283500004068017
v 0.003100000089034438 0.027864660278743146 -0.283500004068017
v 0.004384062252938747 0.028849955324864028 -0.283500004068017
v 0.0053693572990596294 0.030134017488768337 -0.283500004068017
v 0.005988739896565676 0.03162933946851456 -0.283500004068017
v 0.006200000178068876 0.033234017577802775 -0.283500004068017
v 0.005988739896565676 0.03483869568709099 -0.283500004068017
v 0.0053693572990596294 0.036334017666837214 -0.283500004068017
v 0.004384062252938747 0.03761807983074152 -0.283500004068017
v 0.003100000089034438 0.038603374876862405 -0.283500004068017
v 0.0016046781092882156 0.03922275747436845 -0.283500004068017
v 7.592810266825178e-19 0.03943401775587165 -0.283500004068017
v -0.0016046781092882156 0.03922275747436845 -0.283500004068017
v -0.003100000089034438 0.038603374876862405 -0.283500004068017
v -0.004384062252938747 0.03761807983074152 -0.283500004068017
v -0.0053693572990596294 0.036334017666837214 -0.283500004068017
v -0.005988739896565676 0.03483869568709099 -0.283500004068017
v -0.006200000178068876 0.033234017577802775 -0.283500004068017
v -0.005988739896565676 0.03162933946851456 -0.283500004068017
v -0.0053693572990596294 0.030134017488768337 -0.283500004068017
v -0.004384062252938747 0.028849955324864028 -0.283500004068017
v -0.003100000089034438 0.027864660278743146 -0.283500004068017
v -0.0016046781092882156 0.0272452776812371 -0.283500004068017
v -1.5185620533650357e-18 0.0270340173997339 -0.283500004068017
v 0 0.0332340175778029 0.27150000308454036
v 0 0.0332340175778029 0.27150000308454036
v 0 0.0332340175778029 0.27150000308454036
v 0 0.0332340175778029 0.27150000308454036
v 0 0.0332340175778029 0.27150000308454036
v 0 0.0332340175778029 0.27150000308454036
v 0 0.0332340175778029 0.27150000308454036
v 0 0.0332340175778029 0.27150000308454036
v 0 0.0332340175778029 0.27150000308454036
v 0 0.0332340175778029 0.27150000308454036
v 0 0.0332340175778029 0.27150000308454036
v 0 0.0332340175778029 0.27150000308454036
v 0 0.0332340175778029 0.27150000308454036
v 0 0.0332340175778029 0.27150000308454036
v 0 0.0332340175778029 0.27150000308454036
v 0 0.0332340175778029 0.27150000308454036
v 0 0.0332340175778029 0.27150000308454036
v 0 0.0332340175778029 0.27150000308454036
v 0 0.0332340175778029 0.27150000308454036
v 0 0.0332340175778029 0.27150000308454036
v 0 0.0332340175778029 0.27150000308454036
v 0 0.0332340175778029 0.27150000308454036
v 0 0.0332340175778029 0.27150000308454036
v 0 0.0332340175778029 0.27150000308454036
v 0 0.028034017563646797 0.27150000308454036
v 0.001345859025605023 0.028211203080451254 0.27150000308454036
v 0.0026000000070780516 0.02873068549934602 0.27150000308454036
v 0.0036769553553313017 0.0295570622224716 0.27150000308454036
v 0.004503332078456879 0.03063401757072485 0.27150000308454036
v 0.005022814497351646 0.03188815855219788 0.27150000308454036
v 0.005200000014156103 0.0332340175778029 0.27150000308454036
v 0.005022814497351646 0.03457987660340792 0.27150000308454036
v 0.004503332078456879 0.03583401758488095 0.27150000308454036
v 0.0036769553553313017 0.0369109729331342 0.27150000308454036
v 0.0026000000070780516 0.03773734965625978 0.27150000308454036
v 0.001345859025605023 0.03825683207515455 0.27150000308454036
v 6.368163166085827e-19 0.038434017591959004 0.27150000308454036
v -0.001345859025605023 0.03825683207515455 0.27150000308454036
v -0.0026000000070780516 0.03773734965625978 0.27150000308454036
v -0.0036769553553313017 0.0369109729331342 0.27150000308454036
v -0.004503332078456879 0.03583401758488095 0.27150000308454036
v -0.005022814497351646 0.03457987660340792 0.27150000308454036
v -0.005200000014156103 0.0332340175778029 0.27150000308454036
v -0.005022814497351646 0.03188815855219788 0.27150000308454036
v -0.004503332078456879 0.03063401757072485 0.27150000308454036
v -0.0036769553553313017 0.0295570622224716 0.27150000308454036
v -0.0026000000070780516 0.02873068549934602 0.27150000308454036
v -0.001345859025605023 0.028211203080451254 0.27150000308454036
v -1.2736326332171654e-18 0.028034017563646797 0.27150000308454036
v 0 0.033234017577802775 -0.283500004068017
v 0 0.033234017577802775 -0.283500004068017
v 0 0.033234017577802775 -0.283500004068017
v 0 0.033234017577802775 -0.283500004068017
v 0 0.033234017577802775 -0.283500004068017
v 0 0.033234017577802775 -0.283500004068017
v 0 0.033234017577802775 -0.283500004068017
v 0 0.033234017577802775 -0.283500004068017
v 0 0.033234017577802775 -0.283500004068017
v 0 0.033234017577802775 -0.283500004068017
v 0 0.033234017577802775 -0.283500004068017
v 0 0.033234017577802775 -0.283500004068017
v 0 0.033234017577802775 -0.283500004068017
v 0 0.033234017577802775 -0.283500004068017
v 0 0.033234017577802775 -0.283500004068017
v 0 0.033234017577802775 -0.283500004068017
v 0 0.033234017577802775 -0.283500004068017
v 0 0.033234017577802775 -0.283500004068017
v 0 0.033234017577802775 -0.283500004068017
v 0 0.033234017577802775 -0.283500004068017
v 0 0.033234017577802775 -0.283500004068017
v 0 0.033234017577802775 -0.283500004068017
v 0 0.033234017577802775 -0.283500004068017
v 0 0.033234017577802775 -0.283500004068017
v 0 0.0270340173997339 -0.283500004068017
v 0.0016046781092882156 0.0272452776812371 -0.283500004068017
v 0.003100000089034438 0.027864660278743146 -0.283500004068017
v 0.004384062252938747 0.028849955324864028 -0.283500004068017
v 0.0053693572990596294 0.030134017488768337 -0.283500004068017
v 0.005988739896565676 0.03162933946851456 -0.283500004068017
v 0.006200000178068876 0.033234017577802775 -0.283500004068017
v 0.005988739896565676 0.03483869568709099 -0.283500004068017
v 0.0053693572990596294 0.036334017666837214 -0.283500004068017
v 0.004384062252938747 0.03761807983074152 -0.283500004068017
v 0.003100000089034438 0.038603374876862405 -0.283500004068017
v 0.0016046781092882156 0.03922275747436845 -0.283500004068017
v 7.592810266825178e-19 0.03943401775587165 -0.283500004068017
v -0.0016046781092882156 0.03922275747436845 -0.283500004068017
v -0.003100000089034438 0.038603374876862405 -0.283500004068017
v -0.004384062252938747 0.03761807983074152 -0.283500004068017
v -0.0053693572990596294 0.036334017666837214 -0.283500004068017
v -0.005988739896565676 0.03483869568709099 -0.283500004068017
v -0.006200000178068876 0.033234017577802775 -0.283500004068017
v -0.005988739896565676 0.03162933946851456 -0.283500004068017
v -0.0053693572990596294 0.030134017488768337 -0.283500004068017
v -0.004384062252938747 0.028849955324864028 -0.283500004068017
v -0.003100000089034438 0.027864660278743146 -0.283500004068017
v -0.0016046781092882156 0.0272452776812371 -0.283500004068017
v -1.5185620533650357e-18 0.0270340173997339 -0.283500004068017
vt 0 1
vt 0.0416666679084301 1
vt 0.0833333358168602 1
vt 0.125 1
vt 0.1666666716337204 1
vt 0.2083333283662796 1
vt 0.25 1
vt 0.2916666567325592 1
vt 0.3333333432674408 1
vt 0.375 1
vt 0.4166666567325592 1
vt 0.4583333432674408 1
vt 0.5 1
vt 0.5416666865348816 1
vt 0.5833333134651184 1
vt 0.625 1
vt 0.6666666865348816 1
vt 0.7083333134651184 1
vt 0.75 1
vt 0.7916666865348816 1
vt 0.8333333134651184 1
vt 0.875 1
vt 0.9166666865348816 1
vt 0.9583333134651184 1
vt 1 1
vt 0 0
vt 0.0416666679084301 0
vt 0.0833333358168602 0
vt 0.125 0
vt 0.1666666716337204 0
vt 0.2083333283662796 0
vt 0.25 0
vt 0.2916666567325592 0
vt 0.3333333432674408 0
vt 0.375 0
vt 0.4166666567325592 0
vt 0.4583333432674408 0
vt 0.5 0
vt 0.5416666865348816 0
vt 0.5833333134651184 0
vt 0.625 0
vt 0.6666666865348816 0
vt 0.7083333134651184 0
vt 0.75 0
vt 0.7916666865348816 0
vt 0.8333333134651184 0
vt 0.875 0
vt 0.9166666865348816 0
vt 0.9583333134651184 0
vt 1 0
vt 0.5 0.5
vt 0.5 0.5
vt 0.5 0.5
vt 0.5 0.5
vt 0.5 0.5
vt 0.5 0.5
vt 0.5 0.5
vt 0.5 0.5
vt 0.5 0.5
vt 0.5 0.5
vt 0.5 0.5
vt 0.5 0.5
vt 0.5 0.5
vt 0.5 0.5
vt 0.5 0.5
vt 0.5 0.5
vt 0.5 0.5
vt 0.5 0.5
vt 0.5 0.5
vt 0.5 0.5
vt 0.5 0.5
vt 0.5 0.5
vt 0.5 0.5
vt 0.5 0.5
vt 1 0.5
vt 0.9829629063606262 0.6294095516204834
vt 0.9330127239227295 0.75
vt 0.8535534143447876 0.8535534143447876
vt 0.75 0.9330127239227295
vt 0.6294095516204834 0.9829629063606262
vt 0.5 1
vt 0.370590478181839 0.9829629063606262
vt 0.25 0.9330127239227295
vt 0.1464466154575348 0.8535534143447876
vt 0.0669872984290123 0.75
vt 0.017037086188793182 0.6294095516204834
vt 0 0.5
vt 0.017037086188793182 0.370590478181839
vt 0.0669872984290123 0.25
vt 0.1464466154575348 0.1464466154575348
vt 0.25 0.0669872984290123
vt 0.370590478181839 0.017037086188793182
vt 0.5 0
vt 0.6294095516204834 0.017037086188793182
vt 0.75 0.0669872984290123
vt 0.8535534143447876 0.1464466154575348
vt 0.9330127239227295 0.25
vt 0.9829629063606262 0.370590478181839
vt 1 0.5
vt 0.5 0.5
vt 0.5 0.5
vt 0.5 0.5
vt 0.5 0.5
vt 0.5 0.5
vt 0.5 0.5
vt 0.5 0.5
vt 0.5 0.5
vt 0.5 0.5
vt 0.5 0.5
vt 0.5 0.5
vt 0.5 0.5
vt 0.5 0.5
vt 0.5 0.5
vt 0.5 0.5
vt 0.5 0.5
vt 0.5 0.5
vt 0.5 0.5
vt 0.5 0.5
vt 0.5 0.5
vt 0.5 0.5
vt 0.5 0.5
vt 0.5 0.5
vt 0.5 0.5
vt 1 0.5
vt 0.9829629063606262 0.370590478181839
vt 0.9330127239227295 0.25
vt 0.8535534143447876 0.1464466154575348
vt 0.75 0.0669872984290123
vt 0.6294095516204834 0.017037086188793182
vt 0.5 0
vt 0.370590478181839 0.017037086188793182
vt 0.25 0.0669872984290123
vt 0.1464466154575348 0.1464466154575348
vt 0.0669872984290123 0.25
vt 0.017037086188793182 0.370590478181839
vt 0 0.5
vt 0.017037086188793182 0.6294095516204834
vt 0.0669872984290123 0.75
vt 0.1464466154575348 0.8535534143447876
vt 0.25 0.9330127239227295
vt 0.370590478181839 0.9829629063606262
vt 0.5 1
vt 0.6294095516204834 0.9829629063606262
vt 0.75 0.9330127239227295
vt 0.8535534143447876 0.8535534143447876
vt 0.9330127239227295 0.75
vt 0.9829629063606262 0.6294095516204834
vt 1 0.5
vn 0 -0.9999983767590266 0.0018017989099754145
vn 0.2588186251477627 -0.9659242583128612 0.0018017989263043727
vn 0.4999991852331524 -0.866023999833095 0.0018017988986371472
vn 0.7071056333818262 -0.7071056333818262 0.0018017989268565662
vn 0.866023999833095 -0.4999991852331524 0.0018017988986370659
vn 0.9659242583128612 -0.2588186251477627 0.0018017989263042157
vn 0.9999983767590266 -6.083216278838249e-17 0.0018017989099751925
vn 0.9659242583128612 0.2588186251477627 0.0018017989263041008
vn 0.866023999833095 0.4999991852331524 0.0018017988986368438
vn 0.7071056333818262 0.7071056333818262 0.0018017989268562522
vn 0.4999991852331524 0.866023999833095 0.0018017988986367625
vn 0.2588186251477627 0.9659242583128612 0.0018017989263039438
vn 1.2246448503100455e-16 0.9999983767590266 0.0018017989099749704
vn -0.2588186251477627 0.9659242583128612 0.0018017989263039438
vn -0.4999991852331524 0.866023999833095 0.0018017988986367625
vn -0.7071056333818262 0.7071056333818262 0.0018017989268562522
vn -0.866023999833095 0.4999991852331524 0.0018017988986368438
vn -0.9659242583128612 0.2588186251477627 0.0018017989263041008
vn -0.9999983767590266 1.8409680065618183e-16 0.0018017989099751925
vn -0.9659242583128612 -0.2588186251477627 0.0018017989263042157
vn -0.866023999833095 -0.4999991852331524 0.0018017988986370659
vn -0.7071056333818262 -0.7071056333818262 0.0018017989268565662
vn -0.4999991852331524 -0.866023999833095 0.0018017988986371472
vn -0.2588186251477627 -0.9659242583128612 0.0018017989263043727
vn -2.449289700620091e-16 -0.9999983767590266 0.0018017989099754145
vn 0 -0.9999983767590266 0.0018017989099754145
vn 0.2588186251477627 -0.9659242583128612 0.0018017989263043727
vn 0.4999991852331524 -0.866023999833095 0.0018017988986371472
vn 0.7071056333818262 -0.7071056333818262 0.0018017989268565662
vn 0.866023999833095 -0.4999991852331524 0.0018017988986370659
vn 0.9659242583128612 -0.2588186251477627 0.0018017989263042157
vn 0.9999983767590266 -6.083216278838249e-17 0.0018017989099751925
vn 0.9659242583128612 0.2588186251477627 0.0018017989263041008
vn 0.866023999833095 0.4999991852331524 0.0018017988986368438
vn 0.7071056333818262 0.7071056333818262 0.0018017989268562522
vn 0.4999991852331524 0.866023999833095 0.0018017988986367625
vn 0.2588186251477627 0.9659242583128612 0.0018017989263039438
vn 1.2246448503100455e-16 0.9999983767590266 0.0018017989099749704
vn -0.2588186251477627 0.9659242583128612 0.0018017989263039438
vn -0.4999991852331524 0.866023999833095 0.0018017988986367625
vn -0.7071056333818262 0.7071056333818262 0.0018017989268562522
vn -0.866023999833095 0.4999991852331524 0.0018017988986368438
vn -0.9659242583128612 0.2588186251477627 0.0018017989263041008
vn -0.9999983767590266 1.8409680065618183e-16 0.0018017989099751925
vn -0.9659242583128612 -0.2588186251477627 0.0018017989263042157
vn -0.866023999833095 -0.4999991852331524 0.0018017988986370659
vn -0.7071056333818262 -0.7071056333818262 0.0018017989268565662
vn -0.4999991852331524 -0.866023999833095 0.0018017988986371472
vn -0.2588186251477627 -0.9659242583128612 0.0018017989263043727
vn -2.449289700620091e-16 -0.9999983767590266 0.0018017989099754145
vn 0 2.220446049250313e-16 1
vn 0 2.220446049250313e-16 1
vn 0 2.220446049250313e-16 1
vn 0 2.220446049250313e-16 1
vn 0 2.220446049250313e-16 1
vn 0 2.220446049250313e-16 1
vn 0 2.220446049250313e-16 1
vn 0 2.220446049250313e-16 1
vn 0 2.220446049250313e-16 1
vn 0 2.220446049250313e-16 1
vn 0 2.220446049250313e-16 1
vn 0 2.220446049250313e-16 1
vn 0 2.220446049250313e-16 1
vn 0 2.220446049250313e-16 1
vn 0 2.220446049250313e-16 1
vn 0 2.220446049250313e-16 1
vn 0 2.220446049250313e-16 1
vn 0 2.220446049250313e-16 1
vn 0 2.220446049250313e-16 1
vn 0 2.220446049250313e-16 1
vn 0 2.220446049250313e-16 1
vn 0 2.220446049250313e-16 1
vn 0 2.220446049250313e-16 1
vn 0 2.220446049250313e-16 1
vn 0 2.220446049250313e-16 1
vn 0 2.220446049250313e-16 1
vn 0 2.220446049250313e-16 1
vn 0 2.220446049250313e-16 1
vn 0 2.220446049250313e-16 1
vn 0 2.220446049250313e-16 1
vn 0 2.220446049250313e-16 1
vn 0 2.220446049250313e-16 1
vn 0 2.220446049250313e-16 1
vn 0 2.220446049250313e-16 1
vn 0 2.220446049250313e-16 1
vn 0 2.220446049250313e-16 1
vn 0 2.220446049250313e-16 1
vn 0 2.220446049250313e-16 1
vn 0 2.220446049250313e-16 1
vn 0 2.220446049250313e-16 1
vn 0 2.220446049250313e-16 1
vn 0 2.220446049250313e-16 1
vn 0 2.220446049250313e-16 1
vn 0 2.220446049250313e-16 1
vn 0 2.220446049250313e-16 1
vn 0 2.220446049250313e-16 1
vn 0 2.220446049250313e-16 1
vn 0 2.220446049250313e-16 1
vn 0 2.220446049250313e-16 1
vn 0 -2.220446049250313e-16 -1
vn 0 -2.220446049250313e-16 -1
vn 0 -2.220446049250313e-16 -1
vn 0 -2.220446049250313e-16 -1
vn 0 -2.220446049250313e-16 -1
vn 0 -2.220446049250313e-16 -1
vn 0 -2.220446049250313e-16 -1
vn 0 -2.220446049250313e-16 -1
vn 0 -2.220446049250313e-16 -1
vn 0 -2.220446049250313e-16 -1
vn 0 -2.220446049250313e-16 -1
vn 0 -2.220446049250313e-16 -1
vn 0 -2.220446049250313e-16 -1
vn 0 -2.220446049250313e-16 -1
vn 0 -2.220446049250313e-16 -1
vn 0 -2.220446049250313e-16 -1
vn 0 -2.220446049250313e-16 -1
vn 0 -2.220446049250313e-16 -1
vn 0 -2.220446049250313e-16 -1
vn 0 -2.220446049250313e-16 -1
vn 0 -2.220446049250313e-16 -1
vn 0 -2.220446049250313e-16 -1
vn 0 -2.220446049250313e-16 -1
vn 0 -2.220446049250313e-16 -1
vn 0 -2.220446049250313e-16 -1
vn 0 -2.220446049250313e-16 -1
vn 0 -2.220446049250313e-16 -1
vn 0 -2.220446049250313e-16 -1
vn 0 -2.220446049250313e-16 -1
vn 0 -2.220446049250313e-16 -1
vn 0 -2.220446049250313e-16 -1
vn 0 -2.220446049250313e-16 -1
vn 0 -2.220446049250313e-16 -1
vn 0 -2.220446049250313e-16 -1
vn 0 -2.220446049250313e-16 -1
vn 0 -2.220446049250313e-16 -1
vn 0 -2.220446049250313e-16 -1
vn 0 -2.220446049250313e-16 -1
vn 0 -2.220446049250313e-16 -1
vn 0 -2.220446049250313e-16 -1
vn 0 -2.220446049250313e-16 -1
vn 0 -2.220446049250313e-16 -1
vn 0 -2.220446049250313e-16 -1
vn 0 -2.220446049250313e-16 -1
vn 0 -2.220446049250313e-16 -1
vn 0 -2.220446049250313e-16 -1
vn 0 -2.220446049250313e-16 -1
vn 0 -2.220446049250313e-16 -1
vn 0 -2.220446049250313e-16 -1
f 1/1/1 26/26/26 2/2/2
f 26/26/26 27/27/27 2/2/2
f 2/2/2 27/27/27 3/3/3
f 27/27/27 28/28/28 3/3/3
f 3/3/3 28/28/28 4/4/4
f 28/28/28 29/29/29 4/4/4
f 4/4/4 29/29/29 5/5/5
f 29/29/29 30/30/30 5/5/5
f 5/5/5 30/30/30 6/6/6
f 30/30/30 31/31/31 6/6/6
f 6/6/6 31/31/31 7/7/7
f 31/31/31 32/32/32 7/7/7
f 7/7/7 32/32/32 8/8/8
f 32/32/32 33/33/33 8/8/8
f 8/8/8 33/33/33 9/9/9
f 33/33/33 34/34/34 9/9/9
f 9/9/9 34/34/34 10/10/10
f 34/34/34 35/35/35 10/10/10
f 10/10/10 35/35/35 11/11/11
f 35/35/35 36/36/36 11/11/11
f 11/11/11 36/36/36 12/12/12
f 36/36/36 37/37/37 12/12/12
f 12/12/12 37/37/37 13/13/13
f 37/37/37 38/38/38 13/13/13
f 13/13/13 38/38/38 14/14/14
f 38/38/38 39/39/39 14/14/14
f 14/14/14 39/39/39 15/15/15
f 39/39/39 40/40/40 15/15/15
f 15/15/15 40/40/40 16/16/16
f 40/40/40 41/41/41 16/16/16
f 16/16/16 41/41/41 17/17/17
f 41/41/41 42/42/42 17/17/17
f 17/17/17 42/42/42 18/18/18
f 42/42/42 43/43/43 18/18/18
f 18/18/18 43/43/43 19/19/19
f 43/43/43 44/44/44 19/19/19
f 19/19/19 44/44/44 20/20/20
f 44/44/44 45/45/45 20/20/20
f 20/20/20 45/45/45 21/21/21
f 45/45/45 46/46/46 21/21/21
f 21/21/21 46/46/46 22/22/22
f 46/46/46 47/47/47 22/22/22
f 22/22/22 47/47/47 23/23/23
f 47/47/47 48/48/48 23/23/23
f 23/23/23 48/48/48 24/24/24
f 48/48/48 49/49/49 24/24/24
f 24/24/24 49/49/49 25/25/25
f 49/49/49 50/50/50 25/25/25
f 75/75/75 76/76/76 51/51/51
f 76/76/76 77/77/77 52/52/52
f 77/77/77 78/78/78 53/53/53
f 78/78/78 79/79/79 54/54/54
f 79/79/79 80/80/80 55/55/55
f 80/80/80 81/81/81 56/56/56
f 81/81/81 82/82/82 57/57/57
f 82/82/82 83/83/83 58/58/58
f 83/83/83 84/84/84 59/59/59
f 84/84/84 85/85/85 60/60/60
f 85/85/85 86/86/86 61/61/61
f 86/86/86 87/87/87 62/62/62
f 87/87/87 88/88/88 63/63/63
f 88/88/88 89/89/89 64/64/64
f 89/89/89 90/90/90 65/65/65
f 90/90/90 91/91/91 66/66/66
f 91/91/91 92/92/92 67/67/67
f 92/92/92 93/93/93 68/68/68
f 93/93/93 94/94/94 69/69/69
f 94/94/94 95/95/95 70/70/70
f 95/95/95 96/96/96 71/71/71
f 96/96/96 97/97/97 72/72/72
f 97/97/97 98/98/98 73/73/73
f 98/98/98 99/99/99 74/74/74
f 125/125/125 124/124/124 100/100/100
f 126/126/126 125/125/125 101/101/101
f 127/127/127 126/126/126 102/102/102
f 128/128/128 127/127/127 103/103/103
f 129/129/129 128/128/128 104/104/104
f 130/130/130 129/129/129 105/105/105
f 131/131/131 130/130/130 106/106/106
f 132/132/132 131/131/131 107/107/107
f 133/133/133 132/132/132 108/108/108
f 134/134/134 133/133/133 109/109/109
f 135/135/135 134/134/134 110/110/110
f 136/136/136 135/135/135 111/111/111
f 137/137/137 136/136/136 112/112/112
f 138/138/138 137/137/137 113/113/113
f 139/139/139 138/138/138 114/114/114
f 140/140/140 139/139/139 115/115/115
f 141/141/141 140/140/140 116/116/116
f 142/142/142 141/141/141 117/117/117
f 143/143/143 142/142/142 118/118/118
f 144/144/144 143/143/143 119/119/119
f 145/145/145 144/144/144 120/120/120
f 146/146/146 145/145/145 121/121/121
f 147/147/147 146/146/146 122/122/122
f 148/148/148 147/147/147 123/123/123
o shaft_taper
usemtl wood_shaft
v 0 0.02843401734981508 0.32099999988079064
v 0.001242331461980939 0.028597573426401325 0.32099999988079064
v 0.002400000113993883 0.029077095587587067 0.32099999988079064
v 0.003394112456589937 0.029839905121212908 0.32099999988079064
v 0.004156921990215778 0.030834017463808962 0.32099999988079064
v 0.00463644415140152 0.031991686115821906 0.32099999988079064
v 0.004800000227987766 0.033234017577802845 0.32099999988079064
v 0.00463644415140152 0.034476349039783784 0.32099999988079064
v 0.004156921990215778 0.03563401769179673 0.32099999988079064
v 0.003394112456589937 0.03662813003439278 0.32099999988079064
v 0.002400000113993883 0.03739093956801862 0.32099999988079064
v 0.001242331461980939 0.037870461729204365 0.32099999988079064
v 5.878304739380392e-19 0.03803401780579061 0.32099999988079064
v -0.001242331461980939 0.037870461729204365 0.32099999988079064
v -0.002400000113993883 0.03739093956801862 0.32099999988079064
v -0.003394112456589937 0.03662813003439278 0.32099999988079064
v -0.004156921990215778 0.03563401769179673 0.32099999988079064
v -0.00463644415140152 0.034476349039783784 0.32099999988079064
v -0.004800000227987766 0.033234017577802845 0.32099999988079064
v -0.00463644415140152 0.031991686115821906 0.32099999988079064
v -0.004156921990215778 0.030834017463808962 0.32099999988079064
v -0.003394112456589937 0.029839905121212908 0.32099999988079064
v -0.002400000113993883 0.029077095587587067 0.32099999988079064
v -0.001242331461980939 0.028597573426401325 0.32099999988079064
v -1.1756609478760785e-18 0.02843401734981508 0.32099999988079064
v 0 0.028034017563646728 0.2709999991357326
v 0.001345859025605023 0.028211203080451185 0.2709999991357326
v 0.0026000000070780516 0.028730685499345952 0.2709999991357326
v 0.0036769553553313017 0.02955706222247153 0.2709999991357326
v 0.004503332078456879 0.03063401757072478 0.2709999991357326
v 0.005022814497351646 0.03188815855219781 0.2709999991357326
v 0.005200000014156103 0.03323401757780283 0.2709999991357326
v 0.005022814497351646 0.034579876603407854 0.2709999991357326
v 0.004503332078456879 0.03583401758488088 0.2709999991357326
v 0.0036769553553313017 0.03691097293313413 0.2709999991357326
v 0.0026000000070780516 0.03773734965625971 0.2709999991357326
v 0.001345859025605023 0.03825683207515448 0.2709999991357326
v 6.368163166085827e-19 0.038434017591958934 0.2709999991357326
v -0.001345859025605023 0.03825683207515448 0.2709999991357326
v -0.0026000000070780516 0.03773734965625971 0.2709999991357326
v -0.0036769553553313017 0.03691097293313413 0.2709999991357326
v -0.004503332078456879 0.03583401758488088 0.2709999991357326
v -0.005022814497351646 0.034579876603407854 0.2709999991357326
v -0.005200000014156103 0.03323401757780283 0.2709999991357326
v -0.005022814497351646 0.03188815855219781 0.2709999991357326
v -0.004503332078456879 0.03063401757072478 0.2709999991357326
v -0.0036769553553313017 0.02955706222247153 0.2709999991357326
v -0.0026000000070780516 0.028730685499345952 0.2709999991357326
v -0.001345859025605023 0.028211203080451185 0.2709999991357326
v -1.2736326332171654e-18 0.028034017563646728 0.2709999991357326
v 0 0.033234017577802845 0.32099999988079064
v 0 0.033234017577802845 0.32099999988079064
v 0 0.033234017577802845 0.32099999988079064
v 0 0.033234017577802845 0.32099999988079064
v 0 0.033234017577802845 0.32099999988079064
v 0 0.033234017577802845 0.32099999988079064
v 0 0.033234017577802845 0.32099999988079064
v 0 0.033234017577802845 0.32099999988079064
v 0 0.033234017577802845 0.32099999988079064
v 0 0.033234017577802845 0.32099999988079064
v 0 0.033234017577802845 0.32099999988079064
v 0 0.033234017577802845 0.32099999988079064
v 0 0.033234017577802845 0.32099999988079064
v 0 0.033234017577802845 0.32099999988079064
v 0 0.033234017577802845 0.32099999988079064
v 0 0.033234017577802845 0.32099999988079064
v 0 0.033234017577802845 0.32099999988079064
v 0 0.033234017577802845 0.32099999988079064
v 0 0.033234017577802845 0.32099999988079064
v 0 0.033234017577802845 0.32099999988079064
v 0 0.033234017577802845 0.32099999988079064
v 0 0.033234017577802845 0.32099999988079064
v 0 0.033234017577802845 0.32099999988079064
v 0 0.033234017577802845 0.32099999988079064
v 0 0.02843401734981508 0.32099999988079064
v 0.001242331461980939 0.028597573426401325 0.32099999988079064
v 0.002400000113993883 0.029077095587587067 0.32099999988079064
v 0.003394112456589937 0.029839905121212908 0.32099999988079064
v 0.004156921990215778 0.030834017463808962 0.32099999988079064
v 0.00463644415140152 0.031991686115821906 0.32099999988079064
v 0.004800000227987766 0.033234017577802845 0.32099999988079064
v 0.00463644415140152 0.034476349039783784 0.32099999988079064
v 0.004156921990215778 0.03563401769179673 0.32099999988079064
v 0.003394112456589937 0.03662813003439278 0.32099999988079064
v 0.002400000113993883 0.03739093956801862 0.32099999988079064
v 0.001242331461980939 0.037870461729204365 0.32099999988079064
v 5.878304739380392e-19 0.03803401780579061 0.32099999988079064
v -0.001242331461980939 0.037870461729204365 0.32099999988079064
v -0.002400000113993883 0.03739093956801862 0.32099999988079064
v -0.003394112456589937 0.03662813003439278 0.32099999988079064
v -0.004156921990215778 0.03563401769179673 0.32099999988079064
v -0.00463644415140152 0.034476349039783784 0.32099999988079064
v -0.004800000227987766 0.033234017577802845 0.32099999988079064
v -0.00463644415140152 0.031991686115821906 0.32099999988079064
v -0.004156921990215778 0.030834017463808962 0.32099999988079064
v -0.003394112456589937 0.029839905121212908 0.32099999988079064
v -0.002400000113993883 0.029077095587587067 0.32099999988079064
v -0.001242331461980939 0.028597573426401325 0.32099999988079064
v -1.1756609478760785e-18 0.02843401734981508 0.32099999988079064
v 0 0.03323401757780283 0.2709999991357326
v 0 0.03323401757780283 0.2709999991357326
v 0 0.03323401757780283 0.2709999991357326
v 0 0.03323401757780283 0.2709999991357326
v 0 0.03323401757780283 0.2709999991357326
v 0 0.03323401757780283 0.2709999991357326
v 0 0.03323401757780283 0.2709999991357326
v 0 0.03323401757780283 0.2709999991357326
v 0 0.03323401757780283 0.2709999991357326
v 0 0.03323401757780283 0.2709999991357326
v 0 0.03323401757780283 0.2709999991357326
v 0 0.03323401757780283 0.2709999991357326
v 0 0.03323401757780283 0.2709999991357326
v 0 0.03323401757780283 0.2709999991357326
v 0 0.03323401757780283 0.2709999991357326
v 0 0.03323401757780283 0.2709999991357326
v 0 0.03323401757780283 0.2709999991357326
v 0 0.03323401757780283 0.2709999991357326
v 0 0.03323401757780283 0.2709999991357326
v 0 0.03323401757780283 0.2709999991357326
v 0 0.03323401757780283 0.2709999991357326
v 0 0.03323401757780283 0.2709999991357326
v 0 0.03323401757780283 0.2709999991357326
v 0 0.03323401757780283 0.2709999991357326
v 0 0.028034017563646728 0.2709999991357326
v 0.001345859025605023 0.028211203080451185 0.2709999991357326
v 0.0026000000070780516 0.028730685499345952 0.2709999991357326
v 0.0036769553553313017 0.02955706222247153 0.2709999991357326
v 0.004503332078456879 0.03063401757072478 0.2709999991357326
v 0.005022814497351646 0.03188815855219781 0.2709999991357326
v 0.005200000014156103 0.03323401757780283 0.2709999991357326
v 0.005022814497351646 0.034579876603407854 0.2709999991357326
v 0.004503332078456879 0.03583401758488088 0.2709999991357326
v 0.0036769553553313017 0.03691097293313413 0.2709999991357326
v 0.0026000000070780516 0.03773734965625971 0.2709999991357326
v 0.001345859025605023 0.03825683207515448 0.2709999991357326
v 6.368163166085827e-19 0.038434017591958934 0.2709999991357326
v -0.001345859025605023 0.03825683207515448 0.2709999991357326
v -0.0026000000070780516 0.03773734965625971 0.2709999991357326
v -0.0036769553553313017 0.03691097293313413 0.2709999991357326
v -0.004503332078456879 0.03583401758488088 0.2709999991357326
v -0.005022814497351646 0.034579876603407854 0.2709999991357326
v -0.005200000014156103 0.03323401757780283 0.2709999991357326
v -0.005022814497351646 0.03188815855219781 0.2709999991357326
v -0.004503332078456879 0.03063401757072478 0.2709999991357326
v -0.0036769553553313017 0.02955706222247153 0.2709999991357326
v -0.0026000000070780516 0.028730685499345952 0.2709999991357326
v -0.001345859025605023 0.028211203080451185 0.2709999991357326
v -1.2736326332171654e-18 0.028034017563646728 0.2709999991357326
vt 0 1
vt 0.0416666679084301 1
vt 0.0833333358168602 1
vt 0.125 1
vt 0.1666666716337204 1
vt 0.2083333283662796 1
vt 0.25 1
vt 0.2916666567325592 1
vt 0.3333333432674408 1
vt 0.375 1
vt 0.4166666567325592 1
vt 0.4583333432674408 1
vt 0.5 1
vt 0.5416666865348816 1
vt 0.5833333134651184 1
vt 0.625 1
vt 0.6666666865348816 1
vt 0.7083333134651184 1
vt 0.75 1
vt 0.7916666865348816 1
vt 0.8333333134651184 1
vt 0.875 1
vt 0.9166666865348816 1
vt 0.9583333134651184 1
vt 1 1
vt 0 0
vt 0.0416666679084301 0
vt 0.0833333358168602 0
vt 0.125 0
vt 0.1666666716337204 0
vt 0.2083333283662796 0
vt 0.25 0
vt 0.2916666567325592 0
vt 0.3333333432674408 0
vt 0.375 0
vt 0.4166666567325592 0
vt 0.4583333432674408 0
vt 0.5 0
vt 0.5416666865348816 0
vt 0.5833333134651184 0
vt 0.625 0
vt 0.6666666865348816 0
vt 0.7083333134651184 0
vt 0.75 0
vt 0.7916666865348816 0
vt 0.8333333134651184 0
vt 0.875 0
vt 0.9166666865348816 0
vt 0.9583333134651184 0
vt 1 0
vt 0.5 0.5
vt 0.5 0.5
vt 0.5 0.5
vt 0.5 0.5
vt 0.5 0.5
vt 0.5 0.5
vt 0.5 0.5
vt 0.5 0.5
vt 0.5 0.5
vt 0.5 0.5
vt 0.5 0.5
vt 0.5 0.5
vt 0.5 0.5
vt 0.5 0.5
vt 0.5 0.5
vt 0.5 0.5
vt 0.5 0.5
vt 0.5 0.5
vt 0.5 0.5
vt 0.5 0.5
vt 0.5 0.5
vt 0.5 0.5
vt 0.5 0.5
vt 0.5 0.5
vt 1 0.5
vt 0.9829629063606262 0.6294095516204834
vt 0.9330127239227295 0.75
vt 0.8535534143447876 0.8535534143447876
vt 0.75 0.9330127239227295
vt 0.6294095516204834 0.9829629063606262
vt 0.5 1
vt 0.370590478181839 0.9829629063606262
vt 0.25 0.9330127239227295
vt 0.1464466154575348 0.8535534143447876
vt 0.0669872984290123 0.75
vt 0.017037086188793182 0.6294095516204834
vt 0 0.5
vt 0.017037086188793182 0.370590478181839
vt 0.0669872984290123 0.25
vt 0.1464466154575348 0.1464466154575348
vt 0.25 0.0669872984290123
vt 0.370590478181839 0.017037086188793182
vt 0.5 0
vt 0.6294095516204834 0.017037086188793182
vt 0.75 0.0669872984290123
vt 0.8535534143447876 0.1464466154575348
vt 0.9330127239227295 0.25
vt 0.9829629063606262 0.370590478181839
vt 1 0.5
vt 0.5 0.5
vt 0.5 0.5
vt 0.5 0.5
vt 0.5 0.5
vt 0.5 0.5
vt 0.5 0.5
vt 0.5 0.5
vt 0.5 0.5
vt 0.5 0.5
vt 0.5 0.5
vt 0.5 0.5
vt 0.5 0.5
vt 0.5 0.5
vt 0.5 0.5
vt 0.5 0.5
vt 0.5 0.5
vt 0.5 0.5
vt 0.5 0.5
vt 0.5 0.5
vt 0.5 0.5
vt 0.5 0.5
vt 0.5 0.5
vt 0.5 0.5
vt 0.5 0.5
vt 1 0.5
vt 0.9829629063606262 0.370590478181839
vt 0.9330127239227295 0.25
vt 0.8535534143447876 0.1464466154575348
vt 0.75 0.0669872984290123
vt 0.6294095516204834 0.017037086188793182
vt 0.5 0
vt 0.370590478181839 0.017037086188793182
vt 0.25 0.0669872984290123
vt 0.1464466154575348 0.1464466154575348
vt 0.0669872984290123 0.25
vt 0.017037086188793182 0.370590478181839
vt 0 0.5
vt 0.017037086188793182 0.6294095516204834
vt 0.0669872984290123 0.75
vt 0.1464466154575348 0.8535534143447876
vt 0.25 0.9330127239227295
vt 0.370590478181839 0.9829629063606262
vt 0.5 1
vt 0.6294095516204834 0.9829629063606262
vt 0.75 0.9330127239227295
vt 0.8535534143447876 0.8535534143447876
vt 0.9330127239227295 0.75
vt 0.9829629063606262 0.6294095516204834
vt 1 0.5
vn 0 -0.9999680015332957 0.007999744340092136
vn 0.25881075406303394 -0.9658949206177849 0.007999744126323387
vn 0.49998400606080423 -0.8659976892420254 0.007999744424798613
vn 0.7070841548557113 -0.7070841548557113 0.007999743993963805
vn 0.8659976892420254 -0.49998400606080423 0.007999744424798531
vn 0.9658949206177849 -0.25881075406303394 0.00799974412632323
vn 0.9999680015332957 -5.94540843590948e-17 0.007999744340091914
vn 0.9658949206177849 0.25881075406303394 0.007999744126323115
vn 0.8659976892420254 0.49998400606080423 0.007999744424798309
vn 0.7070841548557113 0.7070841548557113 0.00799974399396349
vn 0.49998400606080423 0.8659976892420254 0.007999744424798227
vn 0.25881075406303394 0.9658949206177849 0.007999744126322957
vn 1.2246076886118354e-16 0.9999680015332957 0.007999744340091692
vn -0.25881075406303394 0.9658949206177849 0.007999744126322957
vn -0.49998400606080423 0.8659976892420254 0.007999744424798227
vn -0.7070841548557113 0.7070841548557113 0.00799974399396349
vn -0.8659976892420254 0.49998400606080423 0.007999744424798309
vn -0.9658949206177849 0.25881075406303394 0.007999744126323115
vn -0.9999680015332957 1.8546744012838236e-16 0.007999744340091914
vn -0.9658949206177849 -0.25881075406303394 0.00799974412632323
vn -0.8659976892420254 -0.49998400606080423 0.007999744424798531
vn -0.7070841548557113 -0.7070841548557113 0.007999743993963805
vn -0.49998400606080423 -0.8659976892420254 0.007999744424798613
vn -0.25881075406303394 -0.9658949206177849 0.007999744126323387
vn -2.449215377223671e-16 -0.9999680015332957 0.007999744340092136
vn 0 -0.9999680015332957 0.007999744340092136
vn 0.25881075406303394 -0.9658949206177849 0.007999744126323387
vn 0.49998400606080423 -0.8659976892420254 0.007999744424798613
vn 0.7070841548557113 -0.7070841548557113 0.007999743993963805
vn 0.8659976892420254 -0.49998400606080423 0.007999744424798531
vn 0.9658949206177849 -0.25881075406303394 0.00799974412632323
vn 0.9999680015332957 -5.94540843590948e-17 0.007999744340091914
vn 0.9658949206177849 0.25881075406303394 0.007999744126323115
vn 0.8659976892420254 0.49998400606080423 0.007999744424798309
vn 0.7070841548557113 0.7070841548557113 0.00799974399396349
vn 0.49998400606080423 0.8659976892420254 0.007999744424798227
vn 0.25881075406303394 0.9658949206177849 0.007999744126322957
vn 1.2246076886118354e-16 0.9999680015332957 0.007999744340091692
vn -0.25881075406303394 0.9658949206177849 0.007999744126322957
vn -0.49998400606080423 0.8659976892420254 0.007999744424798227
vn -0.7070841548557113 0.7070841548557113 0.00799974399396349
vn -0.8659976892420254 0.49998400606080423 0.007999744424798309
vn -0.9658949206177849 0.25881075406303394 0.007999744126323115
vn -0.9999680015332957 1.8546744012838236e-16 0.007999744340091914
vn -0.9658949206177849 -0.25881075406303394 0.00799974412632323
vn -0.8659976892420254 -0.49998400606080423 0.007999744424798531
vn -0.7070841548557113 -0.7070841548557113 0.007999743993963805
vn -0.49998400606080423 -0.8659976892420254 0.007999744424798613
vn -0.25881075406303394 -0.9658949206177849 0.007999744126323387
vn -2.449215377223671e-16 -0.9999680015332957 0.007999744340092136
vn 0 2.220446049250313e-16 1
vn 0 2.220446049250313e-16 1
vn 0 2.220446049250313e-16 1
vn 0 2.220446049250313e-16 1
vn 0 2.220446049250313e-16 1
vn 0 2.220446049250313e-16 1
vn 0 2.220446049250313e-16 1
vn 0 2.220446049250313e-16 1
vn 0 2.220446049250313e-16 1
vn 0 2.220446049250313e-16 1
vn 0 2.220446049250313e-16 1
vn 0 2.220446049250313e-16 1
vn 0 2.220446049250313e-16 1
vn 0 2.220446049250313e-16 1
vn 0 2.220446049250313e-16 1
vn 0 2.220446049250313e-16 1
vn 0 2.220446049250313e-16 1
vn 0 2.220446049250313e-16 1
vn 0 2.220446049250313e-16 1
vn 0 2.220446049250313e-16 1
vn 0 2.220446049250313e-16 1
vn 0 2.220446049250313e-16 1
vn 0 2.220446049250313e-16 1
vn 0 2.220446049250313e-16 1
vn 0 2.220446049250313e-16 1
vn 0 2.220446049250313e-16 1
vn 0 2.220446049250313e-16 1
vn 0 2.220446049250313e-16 1
vn 0 2.220446049250313e-16 1
vn 0 2.220446049250313e-16 1
vn 0 2.220446049250313e-16 1
vn 0 2.220446049250313e-16 1
vn 0 2.220446049250313e-16 1
vn 0 2.220446049250313e-16 1
vn 0 2.220446049250313e-16 1
vn 0 2.220446049250313e-16 1
vn 0 2.220446049250313e-16 1
vn 0 2.220446049250313e-16 1
vn 0 2.220446049250313e-16 1
vn 0 2.220446049250313e-16 1
vn 0 2.220446049250313e-16 1
vn 0 2.220446049250313e-16 1
vn 0 2.220446049250313e-16 1
vn 0 2.220446049250313e-16 1
vn 0 2.220446049250313e-16 1
vn 0 2.220446049250313e-16 1
vn 0 2.220446049250313e-16 1
vn 0 2.220446049250313e-16 1
vn 0 2.220446049250313e-16 1
vn 0 -2.220446049250313e-16 -1
vn 0 -2.220446049250313e-16 -1
vn 0 -2.220446049250313e-16 -1
vn 0 -2.220446049250313e-16 -1
vn 0 -2.220446049250313e-16 -1
vn 0 -2.220446049250313e-16 -1
vn 0 -2.220446049250313e-16 -1
vn 0 -2.220446049250313e-16 -1
vn 0 -2.220446049250313e-16 -1
vn 0 -2.220446049250313e-16 -1
vn 0 -2.220446049250313e-16 -1
vn 0 -2.220446049250313e-16 -1
vn 0 -2.220446049250313e-16 -1
vn 0 -2.220446049250313e-16 -1
vn 0 -2.220446049250313e-16 -1
vn 0 -2.220446049250313e-16 -1
vn 0 -2.220446049250313e-16 -1
vn 0 -2.220446049250313e-16 -1
vn 0 -2.220446049250313e-16 -1
vn 0 -2.220446049250313e-16 -1
vn 0 -2.220446049250313e-16 -1
vn 0 -2.220446049250313e-16 -1
vn 0 -2.220446049250313e-16 -1
vn 0 -2.220446049250313e-16 -1
vn 0 -2.220446049250313e-16 -1
vn 0 -2.220446049250313e-16 -1
vn 0 -2.220446049250313e-16 -1
vn 0 -2.220446049250313e-16 -1
vn 0 -2.220446049250313e-16 -1
vn 0 -2.220446049250313e-16 -1
vn 0 -2.220446049250313e-16 -1
vn 0 -2.220446049250313e-16 -1
vn 0 -2.220446049250313e-16 -1
vn 0 -2.220446049250313e-16 -1
vn 0 -2.220446049250313e-16 -1
vn 0 -2.220446049250313e-16 -1
vn 0 -2.220446049250313e-16 -1
vn 0 -2.220446049250313e-16 -1
vn 0 -2.220446049250313e-16 -1
vn 0 -2.220446049250313e-16 -1
vn 0 -2.220446049250313e-16 -1
vn 0 -2.220446049250313e-16 -1
vn 0 -2.220446049250313e-16 -1
vn 0 -2.220446049250313e-16 -1
vn 0 -2.220446049250313e-16 -1
vn 0 -2.220446049250313e-16 -1
vn 0 -2.220446049250313e-16 -1
vn 0 -2.220446049250313e-16 -1
vn 0 -2.220446049250313e-16 -1
f 149/149/149 174/174/174 150/150/150
f 174/174/174 175/175/175 150/150/150
f 150/150/150 175/175/175 151/151/151
f 175/175/175 176/176/176 151/151/151
f 151/151/151 176/176/176 152/152/152
f 176/176/176 177/177/177 152/152/152
f 152/152/152 177/177/177 153/153/153
f 177/177/177 178/178/178 153/153/153
f 153/153/153 178/178/178 154/154/154
f 178/178/178 179/179/179 154/154/154
f 154/154/154 179/179/179 155/155/155
f 179/179/179 180/180/180 155/155/155
f 155/155/155 180/180/180 156/156/156
f 180/180/180 181/181/181 156/156/156
f 156/156/156 181/181/181 157/157/157
f 181/181/181 182/182/182 157/157/157
f 157/157/157 182/182/182 158/158/158
f 182/182/182 183/183/183 158/158/158
f 158/158/158 183/183/183 159/159/159
f 183/183/183 184/184/184 159/159/159
f 159/159/159 184/184/184 160/160/160
f 184/184/184 185/185/185 160/160/160
f 160/160/160 185/185/185 161/161/161
f 185/185/185 186/186/186 161/161/161
f 161/161/161 186/186/186 162/162/162
f 186/186/186 187/187/187 162/162/162
f 162/162/162 187/187/187 163/163/163
f 187/187/187 188/188/188 163/163/163
f 163/163/163 188/188/188 164/164/164
f 188/188/188 189/189/189 164/164/164
f 164/164/164 189/189/189 165/165/165
f 189/189/189 190/190/190 165/165/165
f 165/165/165 190/190/190 166/166/166
f 190/190/190 191/191/191 166/166/166
f 166/166/166 191/191/191 167/167/167
f 191/191/191 192/192/192 167/167/167
f 167/167/167 192/192/192 168/168/168
f 192/192/192 193/193/193 168/168/168
f 168/168/168 193/193/193 169/169/169
f 193/193/193 194/194/194 169/169/169
f 169/169/169 194/194/194 170/170/170
f 194/194/194 195/195/195 170/170/170
f 170/170/170 195/195/195 171/171/171
f 195/195/195 196/196/196 171/171/171
f 171/171/171 196/196/196 172/172/172
f 196/196/196 197/197/197 172/172/172
f 172/172/172 197/197/197 173/173/173
f 197/197/197 198/198/198 173/173/173
f 223/223/223 224/224/224 199/199/199
f 224/224/224 225/225/225 200/200/200
f 225/225/225 226/226/226 201/201/201
f 226/226/226 227/227/227 202/202/202
f 227/227/227 228/228/228 203/203/203
f 228/228/228 229/229/229 204/204/204
f 229/229/229 230/230/230 205/205/205
f 230/230/230 231/231/231 206/206/206
f 231/231/231 232/232/232 207/207/207
f 232/232/232 233/233/233 208/208/208
f 233/233/233 234/234/234 209/209/209
f 234/234/234 235/235/235 210/210/210
f 235/235/235 236/236/236 211/211/211
f 236/236/236 237/237/237 212/212/212
f 237/237/237 238/238/238 213/213/213
f 238/238/238 239/239/239 214/214/214
f 239/239/239 240/240/240 215/215/215
f 240/240/240 241/241/241 216/216/216
f 241/241/241 242/242/242 217/217/217
f 242/242/242 243/243/243 218/218/218
f 243/243/243 244/244/244 219/219/219
f 244/244/244 245/245/245 220/220/220
f 245/245/245 246/246/246 221/221/221
f 246/246/246 247/247/247 222/222/222
f 273/273/273 272/272/272 248/248/248
f 274/274/274 273/273/273 249/249/249
f 275/275/275 274/274/274 250/250/250
f 276/276/276 275/275/275 251/251/251
f 277/277/277 276/276/276 252/252/252
f 278/278/278 277/277/277 253/253/253
f 279/279/279 278/278/278 254/254/254
f 280/280/280 279/279/279 255/255/255
f 281/281/281 280/280/280 256/256/256
f 282/282/282 281/281/281 257/257/257
f 283/283/283 282/282/282 258/258/258
f 284/284/284 283/283/283 259/259/259
f 285/285/285 284/284/284 260/260/260
f 286/286/286 285/285/285 261/261/261
f 287/287/287 286/286/286 262/262/262
f 288/288/288 287/287/287 263/263/263
f 289/289/289 288/288/288 264/264/264
f 290/290/290 289/289/289 265/265/265
f 291/291/291 290/290/290 266/266/266
f 292/292/292 291/291/291 267/267/267
f 293/293/293 292/292/292 268/268/268
f 294/294/294 293/293/293 269/269/269
f 295/295/295 294/294/294 270/270/270
f 296/296/296 295/295/295 271/271/271
o nock
usemtl wood_nock
v 0 0.025834017575567667 -0.2820000008270145
v 0.0019152609165757895 0.026086166643386786 -0.2820000008270145
v 0.003700000001117587 0.026825429548358624 -0.2820000008270145
v 0.00523259025067091 0.02800142732713193 -0.2820000008270145
v 0.006408588029444218 0.029534017576685254 -0.2820000008270145
v 0.007147850934416056 0.03131875666122705 -0.2820000008270145
v 0.007400000002235174 0.03323401757780284 -0.2820000008270145
v 0.007147850934416056 0.03514927849437863 -0.2820000008270145
v 0.006408588029444218 0.036934017578920425 -0.2820000008270145
v 0.00523259025067091 0.03846660782847375 -0.2820000008270145
v 0.003700000001117587 0.039642605607247056 -0.2820000008270145
v 0.0019152609165757895 0.040381868512218894 -0.2820000008270145
v 9.062386063929364e-19 0.04063401758003801 -0.2820000008270145
v -0.0019152609165757895 0.040381868512218894 -0.2820000008270145
v -0.003700000001117587 0.039642605607247056 -0.2820000008270145
v -0.00523259025067091 0.03846660782847375 -0.2820000008270145
v -0.006408588029444218 0.036934017578920425 -0.2820000008270145
v -0.007147850934416056 0.03514927849437863 -0.2820000008270145
v -0.007400000002235174 0.033234017577802845 -0.2820000008270145
v -0.007147850934416056 0.03131875666122705 -0.2820000008270145
v -0.006408588029444218 0.029534017576685254 -0.2820000008270145
v -0.00523259025067091 0.02800142732713193 -0.2820000008270145
v -0.003700000001117587 0.026825429548358624 -0.2820000008270145
v -0.0019152609165757895 0.026086166643386786 -0.2820000008270145
v -1.812477212785873e-18 0.025834017575567667 -0.2820000008270145
v 0 0.02583401757556766 -0.31200000015646223
v 0.0019152609165757895 0.02608616664338678 -0.31200000015646223
v 0.003700000001117587 0.026825429548358617 -0.31200000015646223
v 0.00523259025067091 0.028001427327131925 -0.31200000015646223
v 0.006408588029444218 0.029534017576685247 -0.31200000015646223
v 0.007147850934416056 0.03131875666122705 -0.31200000015646223
v 0.007400000002235174 0.03323401757780283 -0.31200000015646223
v 0.007147850934416056 0.03514927849437863 -0.31200000015646223
v 0.006408588029444218 0.036934017578920425 -0.31200000015646223
v 0.00523259025067091 0.03846660782847375 -0.31200000015646223
v 0.003700000001117587 0.039642605607247056 -0.31200000015646223
v 0.0019152609165757895 0.040381868512218894 -0.31200000015646223
v 9.062386063929364e-19 0.04063401758003801 -0.31200000015646223
v -0.0019152609165757895 0.040381868512218894 -0.31200000015646223
v -0.003700000001117587 0.039642605607247056 -0.31200000015646223
v -0.00523259025067091 0.03846660782847375 -0.31200000015646223
v -0.006408588029444218 0.036934017578920425 -0.31200000015646223
v -0.007147850934416056 0.03514927849437863 -0.31200000015646223
v -0.007400000002235174 0.03323401757780284 -0.31200000015646223
v -0.007147850934416056 0.03131875666122705 -0.31200000015646223
v -0.006408588029444218 0.029534017576685247 -0.31200000015646223
v -0.00523259025067091 0.028001427327131925 -0.31200000015646223
v -0.003700000001117587 0.026825429548358617 -0.31200000015646223
v -0.0019152609165757895 0.02608616664338678 -0.31200000015646223
v -1.812477212785873e-18 0.02583401757556766 -0.31200000015646223
v 0 0.03323401757780284 -0.2820000008270145
v 0 0.03323401757780284 -0.2820000008270145
v 0 0.03323401757780284 -0.2820000008270145
v 0 0.03323401757780284 -0.2820000008270145
v 0 0.03323401757780284 -0.2820000008270145
v 0 0.03323401757780284 -0.2820000008270145
v 0 0.03323401757780284 -0.2820000008270145
v 0 0.03323401757780284 -0.2820000008270145
v 0 0.03323401757780284 -0.2820000008270145
v 0 0.03323401757780284 -0.2820000008270145
v 0 0.03323401757780284 -0.2820000008270145
v 0 0.03323401757780284 -0.2820000008270145
v 0 0.03323401757780284 -0.2820000008270145
v 0 0.03323401757780284 -0.2820000008270145
v 0 0.03323401757780284 -0.2820000008270145
v 0 0.03323401757780284 -0.2820000008270145
v 0 0.03323401757780284 -0.2820000008270145
v 0 0.03323401757780284 -0.2820000008270145
v 0 0.03323401757780284 -0.2820000008270145
v 0 0.03323401757780284 -0.2820000008270145
v 0 0.03323401757780284 -0.2820000008270145
v 0 0.03323401757780284 -0.2820000008270145
v 0 0.03323401757780284 -0.2820000008270145
v 0 0.03323401757780284 -0.2820000008270145
v 0 0.025834017575567667 -0.2820000008270145
v 0.0019152609165757895 0.026086166643386786 -0.2820000008270145
v 0.003700000001117587 0.026825429548358624 -0.2820000008270145
v 0.00523259025067091 0.02800142732713193 -0.2820000008270145
v 0.006408588029444218 0.029534017576685254 -0.2820000008270145
v 0.007147850934416056 0.03131875666122705 -0.2820000008270145
v 0.007400000002235174 0.03323401757780284 -0.2820000008270145
v 0.007147850934416056 0.03514927849437863 -0.2820000008270145
v 0.006408588029444218 0.036934017578920425 -0.2820000008270145
v 0.00523259025067091 0.03846660782847375 -0.2820000008270145
v 0.003700000001117587 0.039642605607247056 -0.2820000008270145
v 0.0019152609165757895 0.040381868512218894 -0.2820000008270145
v 9.062386063929364e-19 0.04063401758003801 -0.2820000008270145
v -0.0019152609165757895 0.040381868512218894 -0.2820000008270145
v -0.003700000001117587 0.039642605607247056 -0.2820000008270145
v -0.00523259025067091 0.03846660782847375 -0.2820000008270145
v -0.006408588029444218 0.036934017578920425 -0.2820000008270145
v -0.007147850934416056 0.03514927849437863 -0.2820000008270145
v -0.007400000002235174 0.033234017577802845 -0.2820000008270145
v -0.007147850934416056 0.03131875666122705 -0.2820000008270145
v -0.006408588029444218 0.029534017576685254 -0.2820000008270145
v -0.00523259025067091 0.02800142732713193 -0.2820000008270145
v -0.003700000001117587 0.026825429548358624 -0.2820000008270145
v -0.0019152609165757895 0.026086166643386786 -0.2820000008270145
v -1.812477212785873e-18 0.025834017575567667 -0.2820000008270145
v 0 0.03323401757780284 -0.31200000015646223
v 0 0.03323401757780284 -0.31200000015646223
v 0 0.03323401757780284 -0.31200000015646223
v 0 0.03323401757780284 -0.31200000015646223
v 0 0.03323401757780284 -0.31200000015646223
v 0 0.03323401757780284 -0.31200000015646223
v 0 0.03323401757780284 -0.31200000015646223
v 0 0.03323401757780284 -0.31200000015646223
v 0 0.03323401757780284 -0.31200000015646223
v 0 0.03323401757780284 -0.31200000015646223
v 0 0.03323401757780284 -0.31200000015646223
v 0 0.03323401757780284 -0.31200000015646223
v 0 0.03323401757780284 -0.31200000015646223
v 0 0.03323401757780284 -0.31200000015646223
v 0 0.03323401757780284 -0.31200000015646223
v 0 0.03323401757780284 -0.31200000015646223
v 0 0.03323401757780284 -0.31200000015646223
v 0 0.03323401757780284 -0.31200000015646223
v 0 0.03323401757780284 -0.31200000015646223
v 0 0.03323401757780284 -0.31200000015646223
v 0 0.03323401757780284 -0.31200000015646223
v 0 0.03323401757780284 -0.31200000015646223
v 0 0.03323401757780284 -0.31200000015646223
v 0 0.03323401757780284 -0.31200000015646223
v 0 0.02583401757556766 -0.31200000015646223
v 0.0019152609165757895 0.02608616664338678 -0.31200000015646223
v 0.003700000001117587 0.026825429548358617 -0.31200000015646223
v 0.00523259025067091 0.028001427327131925 -0.31200000015646223
v 0.006408588029444218 0.029534017576685247 -0.31200000015646223
v 0.007147850934416056 0.03131875666122705 -0.31200000015646223
v 0.007400000002235174 0.03323401757780283 -0.31200000015646223
v 0.007147850934416056 0.03514927849437863 -0.31200000015646223
v 0.006408588029444218 0.036934017578920425 -0.31200000015646223
v 0.00523259025067091 0.03846660782847375 -0.31200000015646223
v 0.003700000001117587 0.039642605607247056 -0.31200000015646223
v 0.0019152609165757895 0.040381868512218894 -0.31200000015646223
v 9.062386063929364e-19 0.04063401758003801 -0.31200000015646223
v -0.0019152609165757895 0.040381868512218894 -0.31200000015646223
v -0.003700000001117587 0.039642605607247056 -0.31200000015646223
v -0.00523259025067091 0.03846660782847375 -0.31200000015646223
v -0.006408588029444218 0.036934017578920425 -0.31200000015646223
v -0.007147850934416056 0.03514927849437863 -0.31200000015646223
v -0.007400000002235174 0.03323401757780284 -0.31200000015646223
v -0.007147850934416056 0.03131875666122705 -0.31200000015646223
v -0.006408588029444218 0.029534017576685247 -0.31200000015646223
v -0.00523259025067091 0.028001427327131925 -0.31200000015646223
v -0.003700000001117587 0.026825429548358617 -0.31200000015646223
v -0.0019152609165757895 0.02608616664338678 -0.31200000015646223
v -1.812477212785873e-18 0.02583401757556766 -0.31200000015646223
vt 0 1
vt 0.0416666679084301 1
vt 0.0833333358168602 1
vt 0.125 1
vt 0.1666666716337204 1
vt 0.2083333283662796 1
vt 0.25 1
vt 0.2916666567325592 1
vt 0.3333333432674408 1
vt 0.375 1
vt 0.4166666567325592 1
vt 0.4583333432674408 1
vt 0.5 1
vt 0.5416666865348816 1
vt 0.5833333134651184 1
vt 0.625 1
vt 0.6666666865348816 1
vt 0.7083333134651184 1
vt 0.75 1
vt 0.7916666865348816 1
vt 0.8333333134651184 1
vt 0.875 1
vt 0.9166666865348816 1
vt 0.9583333134651184 1
vt 1 1
vt 0 0
vt 0.0416666679084301 0
vt 0.0833333358168602 0
vt 0.125 0
vt 0.1666666716337204 0
vt 0.2083333283662796 0
vt 0.25 0
vt 0.2916666567325592 0
vt 0.3333333432674408 0
vt 0.375 0
vt 0.4166666567325592 0
vt 0.4583333432674408 0
vt 0.5 0
vt 0.5416666865348816 0
vt 0.5833333134651184 0
vt 0.625 0
vt 0.6666666865348816 0
vt 0.7083333134651184 0
vt 0.75 0
vt 0.7916666865348816 0
vt 0.8333333134651184 0
vt 0.875 0
vt 0.9166666865348816 0
vt 0.9583333134651184 0
vt 1 0
vt 0.5 0.5
vt 0.5 0.5
vt 0.5 0.5
vt 0.5 0.5
vt 0.5 0.5
vt 0.5 0.5
vt 0.5 0.5
vt 0.5 0.5
vt 0.5 0.5
vt 0.5 0.5
vt 0.5 0.5
vt 0.5 0.5
vt 0.5 0.5
vt 0.5 0.5
vt 0.5 0.5
vt 0.5 0.5
vt 0.5 0.5
vt 0.5 0.5
vt 0.5 0.5
vt 0.5 0.5
vt 0.5 0.5
vt 0.5 0.5
vt 0.5 0.5
vt 0.5 0.5
vt 1 0.5
vt 0.9829629063606262 0.6294095516204834
vt 0.9330127239227295 0.75
vt 0.8535534143447876 0.8535534143447876
vt 0.75 0.9330127239227295
vt 0.6294095516204834 0.9829629063606262
vt 0.5 1
vt 0.370590478181839 0.9829629063606262
vt 0.25 0.9330127239227295
vt 0.1464466154575348 0.8535534143447876
vt 0.0669872984290123 0.75
vt 0.017037086188793182 0.6294095516204834
vt 0 0.5
vt 0.017037086188793182 0.370590478181839
vt 0.0669872984290123 0.25
vt 0.1464466154575348 0.1464466154575348
vt 0.25 0.0669872984290123
vt 0.370590478181839 0.017037086188793182
vt 0.5 0
vt 0.6294095516204834 0.017037086188793182
vt 0.75 0.0669872984290123
vt 0.8535534143447876 0.1464466154575348
vt 0.9330127239227295 0.25
vt 0.9829629063606262 0.370590478181839
vt 1 0.5
vt 0.5 0.5
vt 0.5 0.5
vt 0.5 0.5
vt 0.5 0.5
vt 0.5 0.5
vt 0.5 0.5
vt 0.5 0.5
vt 0.5 0.5
vt 0.5 0.5
vt 0.5 0.5
vt 0.5 0.5
vt 0.5 0.5
vt 0.5 0.5
vt 0.5 0.5
vt 0.5 0.5
vt 0.5 0.5
vt 0.5 0.5
vt 0.5 0.5
vt 0.5 0.5
vt 0.5 0.5
vt 0.5 0.5
vt 0.5 0.5
vt 0.5 0.5
vt 0.5 0.5
vt 1 0.5
vt 0.9829629063606262 0.370590478181839
vt 0.9330127239227295 0.25
vt 0.8535534143447876 0.1464466154575348
vt 0.75 0.0669872984290123
vt 0.6294095516204834 0.017037086188793182
vt 0.5 0
vt 0.370590478181839 0.017037086188793182
vt 0.25 0.0669872984290123
vt 0.1464466154575348 0.1464466154575348
vt 0.0669872984290123 0.25
vt 0.017037086188793182 0.370590478181839
vt 0 0.5
vt 0.017037086188793182 0.6294095516204834
vt 0.0669872984290123 0.75
vt 0.1464466154575348 0.8535534143447876
vt 0.25 0.9330127239227295
vt 0.370590478181839 0.9829629063606262
vt 0.5 1
vt 0.6294095516204834 0.9829629063606262
vt 0.75 0.9330127239227295
vt 0.8535534143447876 0.8535534143447876
vt 0.9330127239227295 0.75
vt 0.9829629063606262 0.6294095516204834
vt 1 0.5
vn 0 -1 2.220446049250313e-16
vn 0.2588190471264927 -0.9659258257467466 2.1447861836482098e-16
vn 0.5000000067305869 -0.8660253998985324 1.9229626777551189e-16
vn 0.7071067811865476 -0.7071067811865476 1.5700924586837752e-16
vn 0.8660253998985324 -0.5000000067305869 1.1102230395700616e-16
vn 0.9659258257467466 -0.2588190471264927 5.746937306627513e-17
vn 1 -6.123234262925839e-17 1.3596311327747833e-32
vn 0.9659258257467466 0.2588190471264927 -5.746937306627513e-17
vn 0.8660253998985324 0.5000000067305869 -1.1102230395700616e-16
vn 0.7071067811865476 0.7071067811865476 -1.5700924586837752e-16
vn 0.5000000067305869 0.8660253998985324 -1.9229626777551189e-16
vn 0.2588190471264927 0.9659258257467466 -2.1447861836482098e-16
vn 1.2246468525851679e-16 1 -2.220446049250313e-16
vn -0.2588190471264927 0.9659258257467466 -2.1447861836482098e-16
vn -0.5000000067305869 0.8660253998985324 -1.9229626777551189e-16
vn -0.7071067811865476 0.7071067811865476 -1.5700924586837752e-16
vn -0.8660253998985324 0.5000000067305869 -1.1102230395700616e-16
vn -0.9659258257467466 0.2588190471264927 -5.746937306627513e-17
vn -1 1.8369701465288538e-16 -4.078893104450762e-32
vn -0.9659258257467466 -0.2588190471264927 5.746937306627513e-17
vn -0.8660253998985324 -0.5000000067305869 1.1102230395700616e-16
vn -0.7071067811865476 -0.7071067811865476 1.5700924586837752e-16
vn -0.5000000067305869 -0.8660253998985324 1.9229626777551189e-16
vn -0.2588190471264927 -0.9659258257467466 2.1447861836482098e-16
vn -2.4492937051703357e-16 -1 2.220446049250313e-16
vn 0 -1 2.220446049250313e-16
vn 0.2588190471264927 -0.9659258257467466 2.1447861836482098e-16
vn 0.5000000067305869 -0.8660253998985324 1.9229626777551189e-16
vn 0.7071067811865476 -0.7071067811865476 1.5700924586837752e-16
vn 0.8660253998985324 -0.5000000067305869 1.1102230395700616e-16
vn 0.9659258257467466 -0.2588190471264927 5.746937306627513e-17
vn 1 -6.123234262925839e-17 1.3596311327747833e-32
vn 0.9659258257467466 0.2588190471264927 -5.746937306627513e-17
vn 0.8660253998985324 0.5000000067305869 -1.1102230395700616e-16
vn 0.7071067811865476 0.7071067811865476 -1.5700924586837752e-16
vn 0.5000000067305869 0.8660253998985324 -1.9229626777551189e-16
vn 0.2588190471264927 0.9659258257467466 -2.1447861836482098e-16
vn 1.2246468525851679e-16 1 -2.220446049250313e-16
vn -0.2588190471264927 0.9659258257467466 -2.1447861836482098e-16
vn -0.5000000067305869 0.8660253998985324 -1.9229626777551189e-16
vn -0.7071067811865476 0.7071067811865476 -1.5700924586837752e-16
vn -0.8660253998985324 0.5000000067305869 -1.1102230395700616e-16
vn -0.9659258257467466 0.2588190471264927 -5.746937306627513e-17
vn -1 1.8369701465288538e-16 -4.078893104450762e-32
vn -0.9659258257467466 -0.2588190471264927 5.746937306627513e-17
vn -0.8660253998985324 -0.5000000067305869 1.1102230395700616e-16
vn -0.7071067811865476 -0.7071067811865476 1.5700924586837752e-16
vn -0.5000000067305869 -0.8660253998985324 1.9229626777551189e-16
vn -0.2588190471264927 -0.9659258257467466 2.1447861836482098e-16
vn -2.4492937051703357e-16 -1 2.220446049250313e-16
vn 0 2.220446049250313e-16 1
vn 0 2.220446049250313e-16 1
vn 0 2.220446049250313e-16 1
vn 0 2.220446049250313e-16 1
vn 0 2.220446049250313e-16 1
vn 0 2.220446049250313e-16 1
vn 0 2.220446049250313e-16 1
vn 0 2.220446049250313e-16 1
vn 0 2.220446049250313e-16 1
vn 0 2.220446049250313e-16 1
vn 0 2.220446049250313e-16 1
vn 0 2.220446049250313e-16 1
vn 0 2.220446049250313e-16 1
vn 0 2.220446049250313e-16 1
vn 0 2.220446049250313e-16 1
vn 0 2.220446049250313e-16 1
vn 0 2.220446049250313e-16 1
vn 0 2.220446049250313e-16 1
vn 0 2.220446049250313e-16 1
vn 0 2.220446049250313e-16 1
vn 0 2.220446049250313e-16 1
vn 0 2.220446049250313e-16 1
vn 0 2.220446049250313e-16 1
vn 0 2.220446049250313e-16 1
vn 0 2.220446049250313e-16 1
vn 0 2.220446049250313e-16 1
vn 0 2.220446049250313e-16 1
vn 0 2.220446049250313e-16 1
vn 0 2.220446049250313e-16 1
vn 0 2.220446049250313e-16 1
vn 0 2.220446049250313e-16 1
vn 0 2.220446049250313e-16 1
vn 0 2.220446049250313e-16 1
vn 0 2.220446049250313e-16 1
vn 0 2.220446049250313e-16 1
vn 0 2.220446049250313e-16 1
vn 0 2.220446049250313e-16 1
vn 0 2.220446049250313e-16 1
vn 0 2.220446049250313e-16 1
vn 0 2.220446049250313e-16 1
vn 0 2.220446049250313e-16 1
vn 0 2.220446049250313e-16 1
vn 0 2.220446049250313e-16 1
vn 0 2.220446049250313e-16 1
vn 0 2.220446049250313e-16 1
vn 0 2.220446049250313e-16 1
vn 0 2.220446049250313e-16 1
vn 0 2.220446049250313e-16 1
vn 0 2.220446049250313e-16 1
vn 0 -2.220446049250313e-16 -1
vn 0 -2.220446049250313e-16 -1
vn 0 -2.220446049250313e-16 -1
vn 0 -2.220446049250313e-16 -1
vn 0 -2.220446049250313e-16 -1
vn 0 -2.220446049250313e-16 -1
vn 0 -2.220446049250313e-16 -1
vn 0 -2.220446049250313e-16 -1
vn 0 -2.220446049250313e-16 -1
vn 0 -2.220446049250313e-16 -1
vn 0 -2.220446049250313e-16 -1
vn 0 -2.220446049250313e-16 -1
vn 0 -2.220446049250313e-16 -1
vn 0 -2.220446049250313e-16 -1
vn 0 -2.220446049250313e-16 -1
vn 0 -2.220446049250313e-16 -1
vn 0 -2.220446049250313e-16 -1
vn 0 -2.220446049250313e-16 -1
vn 0 -2.220446049250313e-16 -1
vn 0 -2.220446049250313e-16 -1
vn 0 -2.220446049250313e-16 -1
vn 0 -2.220446049250313e-16 -1
vn 0 -2.220446049250313e-16 -1
vn 0 -2.220446049250313e-16 -1
vn 0 -2.220446049250313e-16 -1
vn 0 -2.220446049250313e-16 -1
vn 0 -2.220446049250313e-16 -1
vn 0 -2.220446049250313e-16 -1
vn 0 -2.220446049250313e-16 -1
vn 0 -2.220446049250313e-16 -1
vn 0 -2.220446049250313e-16 -1
vn 0 -2.220446049250313e-16 -1
vn 0 -2.220446049250313e-16 -1
vn 0 -2.220446049250313e-16 -1
vn 0 -2.220446049250313e-16 -1
vn 0 -2.220446049250313e-16 -1
vn 0 -2.220446049250313e-16 -1
vn 0 -2.220446049250313e-16 -1
vn 0 -2.220446049250313e-16 -1
vn 0 -2.220446049250313e-16 -1
vn 0 -2.220446049250313e-16 -1
vn 0 -2.220446049250313e-16 -1
vn 0 -2.220446049250313e-16 -1
vn 0 -2.220446049250313e-16 -1
vn 0 -2.220446049250313e-16 -1
vn 0 -2.220446049250313e-16 -1
vn 0 -2.220446049250313e-16 -1
vn 0 -2.220446049250313e-16 -1
vn 0 -2.220446049250313e-16 -1
f 297/297/297 322/322/322 298/298/298
f 322/322/322 323/323/323 298/298/298
f 298/298/298 323/323/323 299/299/299
f 323/323/323 324/324/324 299/299/299
f 299/299/299 324/324/324 300/300/300
f 324/324/324 325/325/325 300/300/300
f 300/300/300 325/325/325 301/301/301
f 325/325/325 326/326/326 301/301/301
f 301/301/301 326/326/326 302/302/302
f 326/326/326 327/327/327 302/302/302
f 302/302/302 327/327/327 303/303/303
f 327/327/327 328/328/328 303/303/303
f 303/303/303 328/328/328 304/304/304
f 328/328/328 329/329/329 304/304/304
f 304/304/304 329/329/329 305/305/305
f 329/329/329 330/330/330 305/305/305
f 305/305/305 330/330/330 306/306/306
f 330/330/330 331/331/331 306/306/306
f 306/306/306 331/331/331 307/307/307
f 331/331/331 332/332/332 307/307/307
f 307/307/307 332/332/332 308/308/308
f 332/332/332 333/333/333 308/308/308
f 308/308/308 333/333/333 309/309/309
f 333/333/333 334/334/334 309/309/309
f 309/309/309 334/334/334 310/310/310
f 334/334/334 335/335/335 310/310/310
f 310/310/310 335/335/335 311/311/311
f 335/335/335 336/336/336 311/311/311
f 311/311/311 336/336/336 312/312/312
f 336/336/336 337/337/337 312/312/312
f 312/312/312 337/337/337 313/313/313
f 337/337/337 338/338/338 313/313/313
f 313/313/313 338/338/338 314/314/314
f 338/338/338 339/339/339 314/314/314
f 314/314/314 339/339/339 315/315/315
f 339/339/339 340/340/340 315/315/315
f 315/315/315 340/340/340 316/316/316
f 340/340/340 341/341/341 316/316/316
f 316/316/316 341/341/341 317/317/317
f 341/341/341 342/342/342 317/317/317
f 317/317/317 342/342/342 318/318/318
f 342/342/342 343/343/343 318/318/318
f 318/318/318 343/343/343 319/319/319
f 343/343/343 344/344/344 319/319/319
f 319/319/319 344/344/344 320/320/320
f 344/344/344 345/345/345 320/320/320
f 320/320/320 345/345/345 321/321/321
f 345/345/345 346/346/346 321/321/321
f 371/371/371 372/372/372 347/347/347
f 372/372/372 373/373/373 348/348/348
f 373/373/373 374/374/374 349/349/349
f 374/374/374 375/375/375 350/350/350
f 375/375/375 376/376/376 351/351/351
f 376/376/376 377/377/377 352/352/352
f 377/377/377 378/378/378 353/353/353
f 378/378/378 379/379/379 354/354/354
f 379/379/379 380/380/380 355/355/355
f 380/380/380 381/381/381 356/356/356
f 381/381/381 382/382/382 357/357/357
f 382/382/382 383/383/383 358/358/358
f 383/383/383 384/384/384 359/359/359
f 384/384/384 385/385/385 360/360/360
f 385/385/385 386/386/386 361/361/361
f 386/386/386 387/387/387 362/362/362
f 387/387/387 388/388/388 363/363/363
f 388/388/388 389/389/389 364/364/364
f 389/389/389 390/390/390 365/365/365
f 390/390/390 391/391/391 366/366/366
f 391/391/391 392/392/392 367/367/367
f 392/392/392 393/393/393 368/368/368
f 393/393/393 394/394/394 369/369/369
f 394/394/394 395/395/395 370/370/370
f 421/421/421 420/420/420 396/396/396
f 422/422/422 421/421/421 397/397/397
f 423/423/423 422/422/422 398/398/398
f 424/424/424 423/423/423 399/399/399
f 425/425/425 424/424/424 400/400/400
f 426/426/426 425/425/425 401/401/401
f 427/427/427 426/426/426 402/402/402
f 428/428/428 427/427/427 403/403/403
f 429/429/429 428/428/428 404/404/404
f 430/430/430 429/429/429 405/405/405
f 431/431/431 430/430/430 406/406/406
f 432/432/432 431/431/431 407/407/407
f 433/433/433 432/432/432 408/408/408
f 434/434/434 433/433/433 409/409/409
f 435/435/435 434/434/434 410/410/410
f 436/436/436 435/435/435 411/411/411
f 437/437/437 436/436/436 412/412/412
f 438/438/438 437/437/437 413/413/413
f 439/439/439 438/438/438 414/414/414
f 440/440/440 439/439/439 415/415/415
f 441/441/441 440/440/440 416/416/416
f 442/442/442 441/441/441 417/417/417
f 443/443/443 442/442/442 418/418/418
f 444/444/444 443/443/443 419/419/419
o nock_slot
usemtl steel_ferrule
v 0.0013000000035390258 0.040834017705952824 -0.29900000027567153
v 0.0013000000035390258 0.040834017705952824 -0.3130000007078052
v 0.0013000000035390258 0.02563401744965285 -0.29900000027567153
v 0.0013000000035390258 0.02563401744965285 -0.3130000007078052
v -0.0013000000035390258 0.040834017705952824 -0.3130000007078052
v -0.0013000000035390258 0.040834017705952824 -0.29900000027567153
v -0.0013000000035390258 0.02563401744965285 -0.3130000007078052
v -0.0013000000035390258 0.02563401744965285 -0.29900000027567153
v -0.0013000000035390258 0.040834017705952824 -0.3130000007078052
v 0.0013000000035390258 0.040834017705952824 -0.3130000007078052
v -0.0013000000035390258 0.040834017705952824 -0.29900000027567153
v 0.0013000000035390258 0.040834017705952824 -0.29900000027567153
v -0.0013000000035390258 0.02563401744965285 -0.29900000027567153
v 0.0013000000035390258 0.02563401744965285 -0.29900000027567153
v -0.0013000000035390258 0.02563401744965285 -0.3130000007078052
v 0.0013000000035390258 0.02563401744965285 -0.3130000007078052
v -0.0013000000035390258 0.040834017705952824 -0.29900000027567153
v 0.0013000000035390258 0.040834017705952824 -0.29900000027567153
v -0.0013000000035390258 0.02563401744965285 -0.29900000027567153
v 0.0013000000035390258 0.02563401744965285 -0.29900000027567153
v 0.0013000000035390258 0.040834017705952824 -0.3130000007078052
v -0.0013000000035390258 0.040834017705952824 -0.3130000007078052
v 0.0013000000035390258 0.02563401744965285 -0.3130000007078052
v -0.0013000000035390258 0.02563401744965285 -0.3130000007078052
vt 0 1
vt 1 1
vt 0 0
vt 1 0
vt 0 1
vt 1 1
vt 0 0
vt 1 0
vt 0 1
vt 1 1
vt 0 0
vt 1 0
vt 0 1
vt 1 1
vt 0 0
vt 1 0
vt 0 1
vt 1 1
vt 0 0
vt 1 0
vt 0 1
vt 1 1
vt 0 0
vt 1 0
vn 1 0 0
vn 1 0 0
vn 1 0 0
vn 1 0 0
vn -1 0 0
vn -1 0 0
vn -1 0 0
vn -1 0 0
vn 0 1 0
vn 0 1 0
vn 0 1 0
vn 0 1 0
vn 0 -1 0
vn 0 -1 0
vn 0 -1 0
vn 0 -1 0
vn 0 0 1
vn 0 0 1
vn 0 0 1
vn 0 0 1
vn 0 0 -1
vn 0 0 -1
vn 0 0 -1
vn 0 0 -1
f 445/445/445 447/447/447 446/446/446
f 447/447/447 448/448/448 446/446/446
f 449/449/449 451/451/451 450/450/450
f 451/451/451 452/452/452 450/450/450
f 453/453/453 455/455/455 454/454/454
f 455/455/455 456/456/456 454/454/454
f 457/457/457 459/459/459 458/458/458
f 459/459/459 460/460/460 458/458/458
f 461/461/461 463/463/463 462/462/462
f 463/463/463 464/464/464 462/462/462
f 465/465/465 467/467/467 466/466/466
f 467/467/467 468/468/468 466/466/466
o nock_wrap
usemtl sinew_wrap
v 0.008799999952316284 0.03323401757780284 -0.28000000049173834
v 0.008579365909099579 0.03519220175485879 -0.28000000049173834
v 0.007928526028990746 0.037052194497397245 -0.28000000049173834
v 0.006880117114633322 0.03872072804052204 -0.28000000049173834
v 0.005486710462719202 0.04011413469243616 -0.28000000049173834
v 0.003818176919594407 0.041162543606793583 -0.28000000049173834
v 0.001958184177055955 0.04181338348690242 -0.28000000049173834
v 5.388445795687075e-19 0.04203401753011912 -0.28000000049173834
v -0.001958184177055955 0.04181338348690242 -0.28000000049173834
v -0.003818176919594407 0.041162543606793583 -0.28000000049173834
v -0.005486710462719202 0.04011413469243616 -0.28000000049173834
v -0.006880117114633322 0.03872072804052204 -0.28000000049173834
v -0.007928526028990746 0.037052194497397245 -0.28000000049173834
v -0.008579365909099579 0.03519220175485879 -0.28000000049173834
v -0.008799999952316284 0.03323401757780284 -0.28000000049173834
v -0.008579365909099579 0.03127583340074688 -0.28000000049173834
v -0.007928526028990746 0.02941584065820843 -0.28000000049173834
v -0.006880117114633322 0.027747307115083636 -0.28000000049173834
v -0.005486710462719202 0.026353900463169516 -0.28000000049173834
v -0.003818176919594407 0.025305491548812092 -0.28000000049173834
v -0.001958184177055955 0.02465465166870326 -0.28000000049173834
v -1.6165337387061225e-18 0.024434017625486554 -0.28000000049173834
v 0.001958184177055955 0.02465465166870326 -0.28000000049173834
v 0.003818176919594407 0.025305491548812092 -0.28000000049173834
v 0.005486710462719202 0.026353900463169516 -0.28000000049173834
v 0.006880117114633322 0.027747307115083636 -0.28000000049173834
v 0.007928526028990746 0.02941584065820843 -0.28000000049173834
v 0.008579365909099579 0.03127583340074688 -0.28000000049173834
v 0.008799999952316284 0.03323401757780284 -0.28000000049173834
v 0.008494427427649498 0.03323401757780284 -0.27905954408738765
v 0.00828145444393158 0.03512420542802483 -0.27905954408738765
v 0.007653214503079653 0.036919611415674985 -0.27905954408738765
v 0.006641210522502661 0.03853020645011038 -0.27905954408738765
v 0.005296188872307539 0.0398752281003055 -0.27905954408738765
v 0.0036855938378721476 0.04088723208088249 -0.27905954408738765
v 0.0018901878502219915 0.04151547202173442 -0.27905954408738765
v 5.201336507151815e-19 0.041728445005452336 -0.27905954408738765
v -0.0018901878502219915 0.04151547202173442 -0.27905954408738765
v -0.0036855938378721476 0.04088723208088249 -0.27905954408738765
v -0.005296188872307539 0.0398752281003055 -0.27905954408738765
v -0.006641210522502661 0.03853020645011038 -0.27905954408738765
v -0.007653214503079653 0.036919611415674985 -0.27905954408738765
v -0.00828145444393158 0.03512420542802483 -0.27905954408738765
v -0.008494427427649498 0.03323401757780284 -0.27905954408738765
v -0.00828145444393158 0.031343829727580846 -0.27905954408738765
v -0.007653214503079653 0.02954842373993069 -0.27905954408738765
v -0.006641210522502661 0.0279378287054953 -0.27905954408738765
v -0.005296188872307539 0.026592807055300177 -0.27905954408738765
v -0.0036855938378721476 0.025580803074723185 -0.27905954408738765
v -0.0018901878502219915 0.02495256313387126 -0.27905954408738765
v -1.5604009521455444e-18 0.02473959015015334 -0.27905954408738765
v 0.0018901878502219915 0.02495256313387126 -0.27905954408738765
v 0.0036855938378721476 0.025580803074723185 -0.27905954408738765
v 0.005296188872307539 0.026592807055300177 -0.27905954408738765
v 0.006641210522502661 0.0279378287054953 -0.27905954408738765
v 0.007653214503079653 0.02954842373993069 -0.27905954408738765
v 0.00828145444393158 0.031343829727580846 -0.27905954408738765
v 0.008494427427649498 0.03323401757780284 -0.27905954408738765
v 0.007694427389651537 0.03323401757780284 -0.27847831009235235
v 0.007501511834561825 0.03494618870582253 -0.27847831009235235
v 0.006932439282536507 0.03657250446531743 -0.27847831009235235
v 0.006015745457261801 0.03803141429353327 -0.27847831009235235
v 0.004797396715730429 0.03924976303506464 -0.27847831009235235
v 0.0033384868875145912 0.040166456860339345 -0.27847831009235235
v 0.0017121711280196905 0.04073552941236466 -0.27847831009235235
v 4.711477563458497e-19 0.040928444967454375 -0.27847831009235235
v -0.0017121711280196905 0.04073552941236466 -0.27847831009235235
v -0.0033384868875145912 0.040166456860339345 -0.27847831009235235
v -0.004797396715730429 0.03924976303506464 -0.27847831009235235
v -0.006015745457261801 0.03803141429353327 -0.27847831009235235
v -0.006932439282536507 0.03657250446531743 -0.27847831009235235
v -0.007501511834561825 0.03494618870582253 -0.27847831009235235
v -0.007694427389651537 0.03323401757780284 -0.27847831009235235
v -0.007501511834561825 0.03152184644978315 -0.27847831009235235
v -0.006932439282536507 0.029895530690288247 -0.27847831009235235
v -0.006015745457261801 0.02843662086207241 -0.27847831009235235
v -0.004797396715730429 0.027218272120541037 -0.27847831009235235
v -0.0033384868875145912 0.02630157829526633 -0.27847831009235235
v -0.0017121711280196905 0.025732505743241013 -0.27847831009235235
v -1.4134433207363375e-18 0.0255395901881513 -0.27847831009235235
v 0.0017121711280196905 0.025732505743241013 -0.27847831009235235
v 0.0033384868875145912 0.02630157829526633 -0.27847831009235235
v 0.004797396715730429 0.027218272120541037 -0.27847831009235235
v 0.006015745457261801 0.02843662086207241 -0.27847831009235235
v 0.006932439282536507 0.029895530690288247 -0.27847831009235235
v 0.007501511834561825 0.03152184644978315 -0.27847831009235235
v 0.007694427389651537 0.03323401757780284 -0.27847831009235235
v 0.0067055728286504745 0.03323401757780284 -0.27847831009235235
v 0.006537450011819601 0.03472614791508585 -0.27847831009235235
v 0.006041512358933687 0.03614345649521619 -0.27847831009235235
v 0.0052426280453801155 0.03741487362686366 -0.27847831009235235
v 0.0041808560490608215 0.03847664562318295 -0.27847831009235235
v 0.002909438917413354 0.039275529936736525 -0.27847831009235235
v 0.0014921303372830153 0.03977146758962244 -0.27847831009235235
v 4.1059790286242083e-19 0.03993959040645331 -0.27847831009235235
v -0.0014921303372830153 0.03977146758962244 -0.27847831009235235
v -0.002909438917413354 0.039275529936736525 -0.27847831009235235
v -0.0041808560490608215 0.03847664562318295 -0.27847831009235235
v -0.0052426280453801155 0.03741487362686366 -0.27847831009235235
v -0.006041512358933687 0.03614345649521619 -0.27847831009235235
v -0.006537450011819601 0.03472614791508585 -0.27847831009235235
v -0.0067055728286504745 0.03323401757780284 -0.27847831009235235
v -0.006537450011819601 0.03174188724051982 -0.27847831009235235
v -0.006041512358933687 0.030324578660389484 -0.27847831009235235
v -0.0052426280453801155 0.029053161528742016 -0.27847831009235235
v -0.0041808560490608215 0.027991389532422722 -0.27847831009235235
v -0.002909438917413354 0.02719250521886915 -0.27847831009235235
v -0.0014921303372830153 0.026696567565983237 -0.27847831009235235
v -1.2317937344366566e-18 0.026528444749152363 -0.27847831009235235
v 0.0014921303372830153 0.026696567565983237 -0.27847831009235235
v 0.002909438917413354 0.02719250521886915 -0.27847831009235235
v 0.0041808560490608215 0.027991389532422722 -0.27847831009235235
v 0.0052426280453801155 0.029053161528742016 -0.27847831009235235
v 0.006041512358933687 0.030324578660389484 -0.27847831009235235
v 0.006537450011819601 0.03174188724051982 -0.27847831009235235
v 0.0067055728286504745 0.03323401757780284 -0.27847831009235235
v 0.0059055727906525135 0.03323401757780284 -0.27905954408738765
v 0.005757507868111134 0.03454813119288355 -0.27905954408738765
v 0.005320737138390541 0.035796349544858636 -0.27905954408738765
v 0.004617162514477968 0.036916081935947836 -0.27905954408738765
v 0.0036820643581449986 0.037851180092280806 -0.27905954408738765
v 0.0025623319670557976 0.03855475471619338 -0.27905954408738765
v 0.0013141136150807142 0.03899152544591397 -0.27905954408738765
v 3.6161203434248325e-19 0.03913959036845535 -0.27905954408738765
v -0.0013141136150807142 0.03899152544591397 -0.27905954408738765
v -0.0025623319670557976 0.03855475471619338 -0.27905954408738765
v -0.0036820643581449986 0.037851180092280806 -0.27905954408738765
v -0.004617162514477968 0.036916081935947836 -0.27905954408738765
v -0.005320737138390541 0.035796349544858636 -0.27905954408738765
v -0.005757507868111134 0.03454813119288355 -0.27905954408738765
v -0.0059055727906525135 0.03323401757780284 -0.27905954408738765
v -0.005757507868111134 0.031919903962722124 -0.27905954408738765
v -0.005320737138390541 0.03067168561074704 -0.27905954408738765
v -0.004617162514477968 0.02955195321965784 -0.27905954408738765
v -0.0036820643581449986 0.02861685506332487 -0.27905954408738765
v -0.0025623319670557976 0.027913280439412297 -0.27905954408738765
v -0.0013141136150807142 0.027476509709691704 -0.27905954408738765
v -1.0848361030274498e-18 0.027328444787150324 -0.27905954408738765
v 0.0013141136150807142 0.027476509709691704 -0.27905954408738765
v 0.0025623319670557976 0.027913280439412297 -0.27905954408738765
v 0.0036820643581449986 0.02861685506332487 -0.27905954408738765
v 0.004617162514477968 0.02955195321965784 -0.27905954408738765
v 0.005320737138390541 0.03067168561074704 -0.27905954408738765
v 0.005757507868111134 0.031919903962722124 -0.27905954408738765
v 0.0059055727906525135 0.03323401757780284 -0.27905954408738765
v 0.00559999980032444 0.03323401757780284 -0.28000000049173834
v 0.005459596402943134 0.03448013486604959 -0.28000000049173834
v 0.005045425612479448 0.035663766463136376 -0.28000000049173834
v 0.0043782563880085945 0.03672556057836682 -0.28000000049173834
v 0.003491543000563979 0.03761227396581143 -0.28000000049173834
v 0.002429748885333538 0.038279443190282286 -0.28000000049173834
v 0.0012461172882467508 0.03869361398074597 -0.28000000049173834
v 3.429011054889572e-19 0.03883401737812728 -0.28000000049173834
v -0.0012461172882467508 0.03869361398074597 -0.28000000049173834
v -0.002429748885333538 0.038279443190282286 -0.28000000049173834
v -0.003491543000563979 0.03761227396581143 -0.28000000049173834
v -0.0043782563880085945 0.03672556057836682 -0.28000000049173834
v -0.005045425612479448 0.035663766463136376 -0.28000000049173834
v -0.005459596402943134 0.03448013486604959 -0.28000000049173834
v -0.00559999980032444 0.03323401757780284 -0.28000000049173834
v -0.005459596402943134 0.03198790028955609 -0.28000000049173834
v -0.005045425612479448 0.0308042686924693 -0.28000000049173834
v -0.0043782563880085945 0.02974247457723886 -0.28000000049173834
v -0.003491543000563979 0.028855761189794243 -0.28000000049173834
v -0.002429748885333538 0.02818859196532339 -0.28000000049173834
v -0.0012461172882467508 0.027774421174859704 -0.28000000049173834
v -1.0287033164668716e-18 0.027634017777478398 -0.28000000049173834
v 0.0012461172882467508 0.027774421174859704 -0.28000000049173834
v 0.002429748885333538 0.02818859196532339 -0.28000000049173834
v 0.003491543000563979 0.028855761189794243 -0.28000000049173834
v 0.0043782563880085945 0.02974247457723886 -0.28000000049173834
v 0.005045425612479448 0.0308042686924693 -0.28000000049173834
v 0.005459596402943134 0.03198790028955609 -0.28000000049173834
v 0.00559999980032444 0.03323401757780284 -0.28000000049173834
v 0.0059055727906525135 0.03323401757780284 -0.28094045689608904
v 0.005757507868111134 0.03454813119288355 -0.28094045689608904
v 0.005320737138390541 0.035796349544858636 -0.28094045689608904
v 0.004617162514477968 0.036916081935947836 -0.28094045689608904
v 0.0036820643581449986 0.037851180092280806 -0.28094045689608904
v 0.0025623319670557976 0.03855475471619338 -0.28094045689608904
v 0.0013141136150807142 0.03899152544591397 -0.28094045689608904
v 3.6161203434248325e-19 0.03913959036845535 -0.28094045689608904
v -0.0013141136150807142 0.03899152544591397 -0.28094045689608904
v -0.0025623319670557976 0.03855475471619338 -0.28094045689608904
v -0.0036820643581449986 0.037851180092280806 -0.28094045689608904
v -0.004617162514477968 0.036916081935947836 -0.28094045689608904
v -0.005320737138390541 0.035796349544858636 -0.28094045689608904
v -0.005757507868111134 0.03454813119288355 -0.28094045689608904
v -0.0059055727906525135 0.03323401757780284 -0.28094045689608904
v -0.005757507868111134 0.031919903962722124 -0.28094045689608904
v -0.005320737138390541 0.03067168561074704 -0.28094045689608904
v -0.004617162514477968 0.02955195321965784 -0.28094045689608904
v -0.0036820643581449986 0.02861685506332487 -0.28094045689608904
v -0.0025623319670557976 0.027913280439412297 -0.28094045689608904
v -0.0013141136150807142 0.027476509709691704 -0.28094045689608904
v -1.0848361030274498e-18 0.027328444787150324 -0.28094045689608904
v 0.0013141136150807142 0.027476509709691704 -0.28094045689608904
v 0.0025623319670557976 0.027913280439412297 -0.28094045689608904
v 0.0036820643581449986 0.02861685506332487 -0.28094045689608904
v 0.004617162514477968 0.02955195321965784 -0.28094045689608904
v 0.005320737138390541 0.03067168561074704 -0.28094045689608904
v 0.005757507868111134 0.031919903962722124 -0.28094045689608904
v 0.0059055727906525135 0.03323401757780284 -0.28094045689608904
v 0.0067055728286504745 0.03323401757780284 -0.28152169089112433
v 0.006537450011819601 0.03472614791508585 -0.28152169089112433
v 0.006041512358933687 0.03614345649521619 -0.28152169089112433
v 0.0052426280453801155 0.03741487362686366 -0.28152169089112433
v 0.0041808560490608215 0.03847664562318295 -0.28152169089112433
v 0.002909438917413354 0.039275529936736525 -0.28152169089112433
v 0.0014921303372830153 0.03977146758962244 -0.28152169089112433
v 4.1059790286242083e-19 0.03993959040645331 -0.28152169089112433
v -0.0014921303372830153 0.03977146758962244 -0.28152169089112433
v -0.002909438917413354 0.039275529936736525 -0.28152169089112433
v -0.0041808560490608215 0.03847664562318295 -0.28152169089112433
v -0.0052426280453801155 0.03741487362686366 -0.28152169089112433
v -0.006041512358933687 0.03614345649521619 -0.28152169089112433
v -0.006537450011819601 0.03472614791508585 -0.28152169089112433
v -0.0067055728286504745 0.03323401757780284 -0.28152169089112433
v -0.006537450011819601 0.03174188724051982 -0.28152169089112433
v -0.006041512358933687 0.030324578660389484 -0.28152169089112433
v -0.0052426280453801155 0.029053161528742016 -0.28152169089112433
v -0.0041808560490608215 0.027991389532422722 -0.28152169089112433
v -0.002909438917413354 0.02719250521886915 -0.28152169089112433
v -0.0014921303372830153 0.026696567565983237 -0.28152169089112433
v -1.2317937344366566e-18 0.026528444749152363 -0.28152169089112433
v 0.0014921303372830153 0.026696567565983237 -0.28152169089112433
v 0.002909438917413354 0.02719250521886915 -0.28152169089112433
v 0.0041808560490608215 0.027991389532422722 -0.28152169089112433
v 0.0052426280453801155 0.029053161528742016 -0.28152169089112433
v 0.006041512358933687 0.030324578660389484 -0.28152169089112433
v 0.006537450011819601 0.03174188724051982 -0.28152169089112433
v 0.0067055728286504745 0.03323401757780284 -0.28152169089112433
v 0.007694427389651537 0.03323401757780284 -0.28152169089112433
v 0.007501511834561825 0.03494618870582253 -0.28152169089112433
v 0.006932439282536507 0.03657250446531743 -0.28152169089112433
v 0.006015745457261801 0.03803141429353327 -0.28152169089112433
v 0.004797396715730429 0.03924976303506464 -0.28152169089112433
v 0.0033384868875145912 0.040166456860339345 -0.28152169089112433
v 0.0017121711280196905 0.04073552941236466 -0.28152169089112433
v 4.711477563458497e-19 0.040928444967454375 -0.28152169089112433
v -0.0017121711280196905 0.04073552941236466 -0.28152169089112433
v -0.0033384868875145912 0.040166456860339345 -0.28152169089112433
v -0.004797396715730429 0.03924976303506464 -0.28152169089112433
v -0.006015745457261801 0.03803141429353327 -0.28152169089112433
v -0.006932439282536507 0.03657250446531743 -0.28152169089112433
v -0.007501511834561825 0.03494618870582253 -0.28152169089112433
v -0.007694427389651537 0.03323401757780284 -0.28152169089112433
v -0.007501511834561825 0.03152184644978315 -0.28152169089112433
v -0.006932439282536507 0.029895530690288247 -0.28152169089112433
v -0.006015745457261801 0.02843662086207241 -0.28152169089112433
v -0.004797396715730429 0.027218272120541037 -0.28152169089112433
v -0.0033384868875145912 0.02630157829526633 -0.28152169089112433
v -0.0017121711280196905 0.025732505743241013 -0.28152169089112433
v -1.4134433207363375e-18 0.0255395901881513 -0.28152169089112433
v 0.0017121711280196905 0.025732505743241013 -0.28152169089112433
v 0.0033384868875145912 0.02630157829526633 -0.28152169089112433
v 0.004797396715730429 0.027218272120541037 -0.28152169089112433
v 0.006015745457261801 0.02843662086207241 -0.28152169089112433
v 0.006932439282536507 0.029895530690288247 -0.28152169089112433
v 0.007501511834561825 0.03152184644978315 -0.28152169089112433
v 0.007694427389651537 0.03323401757780284 -0.28152169089112433
v 0.008494427427649498 0.03323401757780284 -0.28094045689608904
v 0.00828145444393158 0.03512420542802483 -0.28094045689608904
v 0.007653214503079653 0.036919611415674985 -0.28094045689608904
v 0.006641210522502661 0.03853020645011038 -0.28094045689608904
v 0.005296188872307539 0.0398752281003055 -0.28094045689608904
v 0.0036855938378721476 0.04088723208088249 -0.28094045689608904
v 0.0018901878502219915 0.04151547202173442 -0.28094045689608904
v 5.201336507151815e-19 0.041728445005452336 -0.28094045689608904
v -0.0018901878502219915 0.04151547202173442 -0.28094045689608904
v -0.0036855938378721476 0.04088723208088249 -0.28094045689608904
v -0.005296188872307539 0.0398752281003055 -0.28094045689608904
v -0.006641210522502661 0.03853020645011038 -0.28094045689608904
v -0.007653214503079653 0.036919611415674985 -0.28094045689608904
v -0.00828145444393158 0.03512420542802483 -0.28094045689608904
v -0.008494427427649498 0.03323401757780284 -0.28094045689608904
v -0.00828145444393158 0.031343829727580846 -0.28094045689608904
v -0.007653214503079653 0.02954842373993069 -0.28094045689608904
v -0.006641210522502661 0.0279378287054953 -0.28094045689608904
v -0.005296188872307539 0.026592807055300177 -0.28094045689608904
v -0.0036855938378721476 0.025580803074723185 -0.28094045689608904
v -0.0018901878502219915 0.02495256313387126 -0.28094045689608904
v -1.5604009521455444e-18 0.02473959015015334 -0.28094045689608904
v 0.0018901878502219915 0.02495256313387126 -0.28094045689608904
v 0.0036855938378721476 0.025580803074723185 -0.28094045689608904
v 0.005296188872307539 0.026592807055300177 -0.28094045689608904
v 0.006641210522502661 0.0279378287054953 -0.28094045689608904
v 0.007653214503079653 0.02954842373993069 -0.28094045689608904
v 0.00828145444393158 0.031343829727580846 -0.28094045689608904
v 0.008494427427649498 0.03323401757780284 -0.28094045689608904
v 0.008799999952316284 0.03323401757780284 -0.28000000049173834
v 0.008579365909099579 0.03519220175485879 -0.28000000049173834
v 0.007928526028990746 0.037052194497397245 -0.28000000049173834
v 0.006880117114633322 0.03872072804052204 -0.28000000049173834
v 0.005486710462719202 0.04011413469243616 -0.28000000049173834
v 0.003818176919594407 0.041162543606793583 -0.28000000049173834
v 0.001958184177055955 0.04181338348690242 -0.28000000049173834
v 5.388445795687075e-19 0.04203401753011912 -0.28000000049173834
v -0.001958184177055955 0.04181338348690242 -0.28000000049173834
v -0.003818176919594407 0.041162543606793583 -0.28000000049173834
v -0.005486710462719202 0.04011413469243616 -0.28000000049173834
v -0.006880117114633322 0.03872072804052204 -0.28000000049173834
v -0.007928526028990746 0.037052194497397245 -0.28000000049173834
v -0.008579365909099579 0.03519220175485879 -0.28000000049173834
v -0.008799999952316284 0.03323401757780284 -0.28000000049173834
v -0.008579365909099579 0.03127583340074688 -0.28000000049173834
v -0.007928526028990746 0.02941584065820843 -0.28000000049173834
v -0.006880117114633322 0.027747307115083636 -0.28000000049173834
v -0.005486710462719202 0.026353900463169516 -0.28000000049173834
v -0.003818176919594407 0.025305491548812092 -0.28000000049173834
v -0.001958184177055955 0.02465465166870326 -0.28000000049173834
v -1.6165337387061225e-18 0.024434017625486554 -0.28000000049173834
v 0.001958184177055955 0.02465465166870326 -0.28000000049173834
v 0.003818176919594407 0.025305491548812092 -0.28000000049173834
v 0.005486710462719202 0.026353900463169516 -0.28000000049173834
v 0.006880117114633322 0.027747307115083636 -0.28000000049173834
v 0.007928526028990746 0.02941584065820843 -0.28000000049173834
v 0.008579365909099579 0.03127583340074688 -0.28000000049173834
v 0.008799999952316284 0.03323401757780284 -0.28000000049173834
vt 0 0
vt 0.0357142873108387 0
vt 0.0714285746216774 0
vt 0.1071428582072258 0
vt 0.1428571492433548 0
vt 0.1785714328289032 0
vt 0.2142857164144516 0
vt 0.25 0
vt 0.2857142984867096 0
vt 0.3214285671710968 0
vt 0.3571428656578064 0
vt 0.3928571343421936 0
vt 0.4285714328289032 0
vt 0.4642857015132904 0
vt 0.5 0
vt 0.5357142686843872 0
vt 0.5714285969734192 0
vt 0.6071428656578064 0
vt 0.6428571343421936 0
vt 0.6785714030265808 0
vt 0.7142857313156128 0
vt 0.75 0
vt 0.7857142686843872 0
vt 0.8214285969734192 0
vt 0.8571428656578064 0
vt 0.8928571343421936 0
vt 0.9285714030265808 0
vt 0.9642857313156128 0
vt 1 0
vt 0 0.10000000149011612
vt 0.0357142873108387 0.10000000149011612
vt 0.0714285746216774 0.10000000149011612
vt 0.1071428582072258 0.10000000149011612
vt 0.1428571492433548 0.10000000149011612
vt 0.1785714328289032 0.10000000149011612
vt 0.2142857164144516 0.10000000149011612
vt 0.25 0.10000000149011612
vt 0.2857142984867096 0.10000000149011612
vt 0.3214285671710968 0.10000000149011612
vt 0.3571428656578064 0.10000000149011612
vt 0.3928571343421936 0.10000000149011612
vt 0.4285714328289032 0.10000000149011612
vt 0.4642857015132904 0.10000000149011612
vt 0.5 0.10000000149011612
vt 0.5357142686843872 0.10000000149011612
vt 0.5714285969734192 0.10000000149011612
vt 0.6071428656578064 0.10000000149011612
vt 0.6428571343421936 0.10000000149011612
vt 0.6785714030265808 0.10000000149011612
vt 0.7142857313156128 0.10000000149011612
vt 0.75 0.10000000149011612
vt 0.7857142686843872 0.10000000149011612
vt 0.8214285969734192 0.10000000149011612
vt 0.8571428656578064 0.10000000149011612
vt 0.8928571343421936 0.10000000149011612
vt 0.9285714030265808 0.10000000149011612
vt 0.9642857313156128 0.10000000149011612
vt 1 0.10000000149011612
vt 0 0.20000000298023224
vt 0.0357142873108387 0.20000000298023224
vt 0.0714285746216774 0.20000000298023224
vt 0.1071428582072258 0.20000000298023224
vt 0.1428571492433548 0.20000000298023224
vt 0.1785714328289032 0.20000000298023224
vt 0.2142857164144516 0.20000000298023224
vt 0.25 0.20000000298023224
vt 0.2857142984867096 0.20000000298023224
vt 0.3214285671710968 0.20000000298023224
vt 0.3571428656578064 0.20000000298023224
vt 0.3928571343421936 0.20000000298023224
vt 0.4285714328289032 0.20000000298023224
vt 0.4642857015132904 0.20000000298023224
vt 0.5 0.20000000298023224
vt 0.5357142686843872 0.20000000298023224
vt 0.5714285969734192 0.20000000298023224
vt 0.6071428656578064 0.20000000298023224
vt 0.6428571343421936 0.20000000298023224
vt 0.6785714030265808 0.20000000298023224
vt 0.7142857313156128 0.20000000298023224
vt 0.75 0.20000000298023224
vt 0.7857142686843872 0.20000000298023224
vt 0.8214285969734192 0.20000000298023224
vt 0.8571428656578064 0.20000000298023224
vt 0.8928571343421936 0.20000000298023224
vt 0.9285714030265808 0.20000000298023224
vt 0.9642857313156128 0.20000000298023224
vt 1 0.20000000298023224
vt 0 0.30000001192092896
vt 0.0357142873108387 0.30000001192092896
vt 0.0714285746216774 0.30000001192092896
vt 0.1071428582072258 0.30000001192092896
vt 0.1428571492433548 0.30000001192092896
vt 0.1785714328289032 0.30000001192092896
vt 0.2142857164144516 0.30000001192092896
vt 0.25 0.30000001192092896
vt 0.2857142984867096 0.30000001192092896
vt 0.3214285671710968 0.30000001192092896
vt 0.3571428656578064 0.30000001192092896
vt 0.3928571343421936 0.30000001192092896
vt 0.4285714328289032 0.30000001192092896
vt 0.4642857015132904 0.30000001192092896
vt 0.5 0.30000001192092896
vt 0.5357142686843872 0.30000001192092896
vt 0.5714285969734192 0.30000001192092896
vt 0.6071428656578064 0.30000001192092896
vt 0.6428571343421936 0.30000001192092896
vt 0.6785714030265808 0.30000001192092896
vt 0.7142857313156128 0.30000001192092896
vt 0.75 0.30000001192092896
vt 0.7857142686843872 0.30000001192092896
vt 0.8214285969734192 0.30000001192092896
vt 0.8571428656578064 0.30000001192092896
vt 0.8928571343421936 0.30000001192092896
vt 0.9285714030265808 0.30000001192092896
vt 0.9642857313156128 0.30000001192092896
vt 1 0.30000001192092896
vt 0 0.4000000059604645
vt 0.0357142873108387 0.4000000059604645
vt 0.0714285746216774 0.4000000059604645
vt 0.1071428582072258 0.4000000059604645
vt 0.1428571492433548 0.4000000059604645
vt 0.1785714328289032 0.4000000059604645
vt 0.2142857164144516 0.4000000059604645
vt 0.25 0.4000000059604645
vt 0.2857142984867096 0.4000000059604645
vt 0.3214285671710968 0.4000000059604645
vt 0.3571428656578064 0.4000000059604645
vt 0.3928571343421936 0.4000000059604645
vt 0.4285714328289032 0.4000000059604645
vt 0.4642857015132904 0.4000000059604645
vt 0.5 0.4000000059604645
vt 0.5357142686843872 0.4000000059604645
vt 0.5714285969734192 0.4000000059604645
vt 0.6071428656578064 0.4000000059604645
vt 0.6428571343421936 0.4000000059604645
vt 0.6785714030265808 0.4000000059604645
vt 0.7142857313156128 0.4000000059604645
vt 0.75 0.4000000059604645
vt 0.7857142686843872 0.4000000059604645
vt 0.8214285969734192 0.4000000059604645
vt 0.8571428656578064 0.4000000059604645
vt 0.8928571343421936 0.4000000059604645
vt 0.9285714030265808 0.4000000059604645
vt 0.9642857313156128 0.4000000059604645
vt 1 0.4000000059604645
vt 0 0.5
vt 0.0357142873108387 0.5
vt 0.0714285746216774 0.5
vt 0.1071428582072258 0.5
vt 0.1428571492433548 0.5
vt 0.1785714328289032 0.5
vt 0.2142857164144516 0.5
vt 0.25 0.5
vt 0.2857142984867096 0.5
vt 0.3214285671710968 0.5
vt 0.3571428656578064 0.5
vt 0.3928571343421936 0.5
vt 0.4285714328289032 0.5
vt 0.4642857015132904 0.5
vt 0.5 0.5
vt 0.5357142686843872 0.5
vt 0.5714285969734192 0.5
vt 0.6071428656578064 0.5
vt 0.6428571343421936 0.5
vt 0.6785714030265808 0.5
vt 0.7142857313156128 0.5
vt 0.75 0.5
vt 0.7857142686843872 0.5
vt 0.8214285969734192 0.5
vt 0.8571428656578064 0.5
vt 0.8928571343421936 0.5
vt 0.9285714030265808 0.5
vt 0.9642857313156128 0.5
vt 1 0.5
vt 0 0.6000000238418579
vt 0.0357142873108387 0.6000000238418579
vt 0.0714285746216774 0.6000000238418579
vt 0.1071428582072258 0.6000000238418579
vt 0.1428571492433548 0.6000000238418579
vt 0.1785714328289032 0.6000000238418579
vt 0.2142857164144516 0.6000000238418579
vt 0.25 0.6000000238418579
vt 0.2857142984867096 0.6000000238418579
vt 0.3214285671710968 0.6000000238418579
vt 0.3571428656578064 0.6000000238418579
vt 0.3928571343421936 0.6000000238418579
vt 0.4285714328289032 0.6000000238418579
vt 0.4642857015132904 0.6000000238418579
vt 0.5 0.6000000238418579
vt 0.5357142686843872 0.6000000238418579
vt 0.5714285969734192 0.6000000238418579
vt 0.6071428656578064 0.6000000238418579
vt 0.6428571343421936 0.6000000238418579
vt 0.6785714030265808 0.6000000238418579
vt 0.7142857313156128 0.6000000238418579
vt 0.75 0.6000000238418579
vt 0.7857142686843872 0.6000000238418579
vt 0.8214285969734192 0.6000000238418579
vt 0.8571428656578064 0.6000000238418579
vt 0.8928571343421936 0.6000000238418579
vt 0.9285714030265808 0.6000000238418579
vt 0.9642857313156128 0.6000000238418579
vt 1 0.6000000238418579
vt 0 0.699999988079071
vt 0.0357142873108387 0.699999988079071
vt 0.0714285746216774 0.699999988079071
vt 0.1071428582072258 0.699999988079071
vt 0.1428571492433548 0.699999988079071
vt 0.1785714328289032 0.699999988079071
vt 0.2142857164144516 0.699999988079071
vt 0.25 0.699999988079071
vt 0.2857142984867096 0.699999988079071
vt 0.3214285671710968 0.699999988079071
vt 0.3571428656578064 0.699999988079071
vt 0.3928571343421936 0.699999988079071
vt 0.4285714328289032 0.699999988079071
vt 0.4642857015132904 0.699999988079071
vt 0.5 0.699999988079071
vt 0.5357142686843872 0.699999988079071
vt 0.5714285969734192 0.699999988079071
vt 0.6071428656578064 0.699999988079071
vt 0.6428571343421936 0.699999988079071
vt 0.6785714030265808 0.699999988079071
vt 0.7142857313156128 0.699999988079071
vt 0.75 0.699999988079071
vt 0.7857142686843872 0.699999988079071
vt 0.8214285969734192 0.699999988079071
vt 0.8571428656578064 0.699999988079071
vt 0.8928571343421936 0.699999988079071
vt 0.9285714030265808 0.699999988079071
vt 0.9642857313156128 0.699999988079071
vt 1 0.699999988079071
vt 0 0.800000011920929
vt 0.0357142873108387 0.800000011920929
vt 0.0714285746216774 0.800000011920929
vt 0.1071428582072258 0.800000011920929
vt 0.1428571492433548 0.800000011920929
vt 0.1785714328289032 0.800000011920929
vt 0.2142857164144516 0.800000011920929
vt 0.25 0.800000011920929
vt 0.2857142984867096 0.800000011920929
vt 0.3214285671710968 0.800000011920929
vt 0.3571428656578064 0.800000011920929
vt 0.3928571343421936 0.800000011920929
vt 0.4285714328289032 0.800000011920929
vt 0.4642857015132904 0.800000011920929
vt 0.5 0.800000011920929
vt 0.5357142686843872 0.800000011920929
vt 0.5714285969734192 0.800000011920929
vt 0.6071428656578064 0.800000011920929
vt 0.6428571343421936 0.800000011920929
vt 0.6785714030265808 0.800000011920929
vt 0.7142857313156128 0.800000011920929
vt 0.75 0.800000011920929
vt 0.7857142686843872 0.800000011920929
vt 0.8214285969734192 0.800000011920929
vt 0.8571428656578064 0.800000011920929
vt 0.8928571343421936 0.800000011920929
vt 0.9285714030265808 0.800000011920929
vt 0.9642857313156128 0.800000011920929
vt 1 0.800000011920929
vt 0 0.8999999761581421
vt 0.0357142873108387 0.8999999761581421
vt 0.0714285746216774 0.8999999761581421
vt 0.1071428582072258 0.8999999761581421
vt 0.1428571492433548 0.8999999761581421
vt 0.1785714328289032 0.8999999761581421
vt 0.2142857164144516 0.8999999761581421
vt 0.25 0.8999999761581421
vt 0.2857142984867096 0.8999999761581421
vt 0.3214285671710968 0.8999999761581421
vt 0.3571428656578064 0.8999999761581421
vt 0.3928571343421936 0.8999999761581421
vt 0.4285714328289032 0.8999999761581421
vt 0.4642857015132904 0.8999999761581421
vt 0.5 0.8999999761581421
vt 0.5357142686843872 0.8999999761581421
vt 0.5714285969734192 0.8999999761581421
vt 0.6071428656578064 0.8999999761581421
vt 0.6428571343421936 0.8999999761581421
vt 0.6785714030265808 0.8999999761581421
vt 0.7142857313156128 0.8999999761581421
vt 0.75 0.8999999761581421
vt 0.7857142686843872 0.8999999761581421
vt 0.8214285969734192 0.8999999761581421
vt 0.8571428656578064 0.8999999761581421
vt 0.8928571343421936 0.8999999761581421
vt 0.9285714030265808 0.8999999761581421
vt 0.9642857313156128 0.8999999761581421
vt 1 0.8999999761581421
vt 0 1
vt 0.0357142873108387 1
vt 0.0714285746216774 1
vt 0.1071428582072258 1
vt 0.1428571492433548 1
vt 0.1785714328289032 1
vt 0.2142857164144516 1
vt 0.25 1
vt 0.2857142984867096 1
vt 0.3214285671710968 1
vt 0.3571428656578064 1
vt 0.3928571343421936 1
vt 0.4285714328289032 1
vt 0.4642857015132904 1
vt 0.5 1
vt 0.5357142686843872 1
vt 0.5714285969734192 1
vt 0.6071428656578064 1
vt 0.6428571343421936 1
vt 0.6785714030265808 1
vt 0.7142857313156128 1
vt 0.75 1
vt 0.7857142686843872 1
vt 0.8214285969734192 1
vt 0.8571428656578064 1
vt 0.8928571343421936 1
vt 0.9285714030265808 1
vt 0.9642857313156128 1
vt 1 1
vn 1 0 0
vn 0.9749279119926021 0.22252093478534796 0
vn 0.9009688693625448 0.4338837360855756 0
vn 0.7818314927285933 0.6234897889923936 0
vn 0.6234897889923936 0.7818314927285933 0
vn 0.4338837360855756 0.9009688693625448 0
vn 0.22252093478534796 0.9749279119926021 0
vn 6.123234262925839e-17 1 0
vn -0.22252093478534796 0.9749279119926021 0
vn -0.4338837360855756 0.9009688693625448 0
vn -0.6234897889923936 0.7818314927285933 0
vn -0.7818314927285933 0.6234897889923936 0
vn -0.9009688693625448 0.4338837360855756 0
vn -0.9749279119926021 0.22252093478534796 0
vn -1 1.2246468525851679e-16 0
vn -0.9749279119926021 -0.22252093478534796 0
vn -0.9009688693625448 -0.4338837360855756 0
vn -0.7818314927285933 -0.6234897889923936 0
vn -0.6234897889923936 -0.7818314927285933 0
vn -0.4338837360855756 -0.9009688693625448 0
vn -0.22252093478534796 -0.9749279119926021 0
vn -1.8369701465288538e-16 -1 0
vn 0.22252093478534796 -0.9749279119926021 0
vn 0.4338837360855756 -0.9009688693625448 0
vn 0.6234897889923936 -0.7818314927285933 0
vn 0.7818314927285933 -0.6234897889923936 0
vn 0.9009688693625448 -0.4338837360855756 0
vn 0.9749279119926021 -0.22252093478534796 0
vn 1 -2.4492937051703357e-16 0
vn 0.8090170011595983 0 0.5877852429542022
vn 0.7887332502413666 0.18002322459942727 0.5877852486823004
vn 0.7288991259898926 0.35101932513816686 0.5877852477824843
vn 0.632514958432795 0.5044138469983412 0.5877852484667282
vn 0.5044138469983412 0.632514958432795 0.5877852484667282
vn 0.35101932513816686 0.7288991259898926 0.5877852477824843
vn 0.18002322459942727 0.7887332502413666 0.5877852486823004
vn 4.953800384026539e-17 0.8090170011595983 0.5877852429542022
vn -0.18002322459942727 0.7887332502413666 0.5877852486823004
vn -0.35101932513816686 0.7288991259898926 0.5877852477824843
vn -0.5044138469983412 0.632514958432795 0.5877852484667282
vn -0.632514958432795 0.5044138469983412 0.5877852484667282
vn -0.7288991259898926 0.35101932513816686 0.5877852477824843
vn -0.7887332502413666 0.18002322459942727 0.5877852486823004
vn -0.8090170011595983 9.907600768053078e-17 0.5877852429542022
vn -0.7887332502413666 -0.18002322459942727 0.5877852486823004
vn -0.7288991259898926 -0.35101932513816686 0.5877852477824843
vn -0.632514958432795 -0.5044138469983412 0.5877852484667282
vn -0.5044138469983412 -0.632514958432795 0.5877852484667282
vn -0.35101932513816686 -0.7288991259898926 0.5877852477824843
vn -0.18002322459942727 -0.7887332502413666 0.5877852486823004
vn -1.4861400821207373e-16 -0.8090170011595983 0.5877852429542022
vn 0.18002322459942727 -0.7887332502413666 0.5877852486823004
vn 0.35101932513816686 -0.7288991259898926 0.5877852477824843
vn 0.5044138469983412 -0.632514958432795 0.5877852484667282
vn 0.632514958432795 -0.5044138469983412 0.5877852484667282
vn 0.7288991259898926 -0.35101932513816686 0.5877852477824843
vn 0.7887332502413666 -0.18002322459942727 0.5877852486823004
vn 0.8090170011595983 -1.9815201536106157e-16 0.5877852429542022
vn 0.3090169948284817 0 0.9510565161477913
vn 0.30126928608101833 0.06876274789278214 0.951056518702473
vn 0.27841468995786917 0.1340774415437305 0.9510565178183426
vn 0.24159921147687075 0.19266894014705782 0.9510565180452547
vn 0.19266894014705782 0.24159921147687075 0.9510565180452547
vn 0.1340774415437305 0.27841468995786917 0.9510565178183426
vn 0.06876274789278214 0.30126928608101833 0.951056518702473
vn 1.892183379232834e-17 0.3090169948284817 0.9510565161477913
vn -0.06876274789278214 0.30126928608101833 0.951056518702473
vn -0.1340774415437305 0.27841468995786917 0.9510565178183426
vn -0.19266894014705782 0.24159921147687075 0.9510565180452547
vn -0.24159921147687075 0.19266894014705782 0.9510565180452547
vn -0.27841468995786917 0.1340774415437305 0.9510565178183426
vn -0.30126928608101833 0.06876274789278214 0.951056518702473
vn -0.3090169948284817 3.784366758465668e-17 0.9510565161477913
vn -0.30126928608101833 -0.06876274789278214 0.951056518702473
vn -0.27841468995786917 -0.1340774415437305 0.9510565178183426
vn -0.24159921147687075 -0.19266894014705782 0.9510565180452547
vn -0.19266894014705782 -0.24159921147687075 0.9510565180452547
vn -0.1340774415437305 -0.27841468995786917 0.9510565178183426
vn -0.06876274789278214 -0.30126928608101833 0.951056518702473
vn -5.676549972262383e-17 -0.3090169948284817 0.9510565161477913
vn 0.06876274789278214 -0.30126928608101833 0.951056518702473
vn 0.1340774415437305 -0.27841468995786917 0.9510565178183426
vn 0.19266894014705782 -0.24159921147687075 0.9510565180452547
vn 0.24159921147687075 -0.19266894014705782 0.9510565180452547
vn 0.27841468995786917 -0.1340774415437305 0.9510565178183426
vn 0.30126928608101833 -0.06876274789278214 0.951056518702473
vn 0.3090169948284817 -7.568733516931335e-17 0.9510565161477913
vn -0.3090169948284817 0 0.9510565161477913
vn -0.30126928608101833 -0.06876274789278214 0.951056518702473
vn -0.27841468995786917 -0.1340774415437305 0.9510565178183426
vn -0.24159921147687075 -0.19266894014705782 0.9510565180452547
vn -0.19266894014705782 -0.24159921147687075 0.9510565180452547
vn -0.1340774415437305 -0.27841468995786917 0.9510565178183426
vn -0.06876274789278214 -0.30126928608101833 0.951056518702473
vn -1.892183379232834e-17 -0.3090169948284817 0.9510565161477913
vn 0.06876274789278214 -0.30126928608101833 0.951056518702473
vn 0.1340774415437305 -0.27841468995786917 0.9510565178183426
vn 0.19266894014705782 -0.24159921147687075 0.9510565180452547
vn 0.24159921147687075 -0.19266894014705782 0.9510565180452547
vn 0.27841468995786917 -0.1340774415437305 0.9510565178183426
vn 0.30126928608101833 -0.06876274789278214 0.951056518702473
vn 0.3090169948284817 -3.784366758465668e-17 0.9510565161477913
vn 0.30126928608101833 0.06876274789278214 0.951056518702473
vn 0.27841468995786917 0.1340774415437305 0.9510565178183426
vn 0.24159921147687075 0.19266894014705782 0.9510565180452547
vn 0.19266894014705782 0.24159921147687075 0.9510565180452547
vn 0.1340774415437305 0.27841468995786917 0.9510565178183426
vn 0.06876274789278214 0.30126928608101833 0.951056518702473
vn 5.676549972262383e-17 0.3090169948284817 0.9510565161477913
vn -0.06876274789278214 0.30126928608101833 0.951056518702473
vn -0.1340774415437305 0.27841468995786917 0.9510565178183426
vn -0.19266894014705782 0.24159921147687075 0.9510565180452547
vn -0.24159921147687075 0.19266894014705782 0.9510565180452547
vn -0.27841468995786917 0.1340774415437305 0.9510565178183426
vn -0.30126928608101833 0.06876274789278214 0.951056518702473
vn -0.3090169948284817 7.568733516931335e-17 0.9510565161477913
vn -0.8090170011595983 0 0.5877852429542022
vn -0.7887332502413666 -0.18002322459942727 0.5877852486823004
vn -0.7288991259898926 -0.35101932513816686 0.5877852477824843
vn -0.632514958432795 -0.5044138469983412 0.5877852484667282
vn -0.5044138469983412 -0.632514958432795 0.5877852484667282
vn -0.35101932513816686 -0.7288991259898926 0.5877852477824843
vn -0.18002322459942727 -0.7887332502413666 0.5877852486823004
vn -4.953800384026539e-17 -0.8090170011595983 0.5877852429542022
vn 0.18002322459942727 -0.7887332502413666 0.5877852486823004
vn 0.35101932513816686 -0.7288991259898926 0.5877852477824843
vn 0.5044138469983412 -0.632514958432795 0.5877852484667282
vn 0.632514958432795 -0.5044138469983412 0.5877852484667282
vn 0.7288991259898926 -0.35101932513816686 0.5877852477824843
vn 0.7887332502413666 -0.18002322459942727 0.5877852486823004
vn 0.8090170011595983 -9.907600768053078e-17 0.5877852429542022
vn 0.7887332502413666 0.18002322459942727 0.5877852486823004
vn 0.7288991259898926 0.35101932513816686 0.5877852477824843
vn 0.632514958432795 0.5044138469983412 0.5877852484667282
vn 0.5044138469983412 0.632514958432795 0.5877852484667282
vn 0.35101932513816686 0.7288991259898926 0.5877852477824843
vn 0.18002322459942727 0.7887332502413666 0.5877852486823004
vn 1.4861400821207373e-16 0.8090170011595983 0.5877852429542022
vn -0.18002322459942727 0.7887332502413666 0.5877852486823004
vn -0.35101932513816686 0.7288991259898926 0.5877852477824843
vn -0.5044138469983412 0.632514958432795 0.5877852484667282
vn -0.632514958432795 0.5044138469983412 0.5877852484667282
vn -0.7288991259898926 0.35101932513816686 0.5877852477824843
vn -0.7887332502413666 0.18002322459942727 0.5877852486823004
vn -0.8090170011595983 1.9815201536106157e-16 0.5877852429542022
vn -1 0 1.2246468525851679e-16
vn -0.9749279119926021 -0.22252093478534796 1.2246468648588234e-16
vn -0.9009688693625448 -0.4338837360855756 1.2246468793673654e-16
vn -0.7818314927285933 -0.6234897889923936 1.2246468366302578e-16
vn -0.6234897889923936 -0.7818314927285933 1.2246468366302578e-16
vn -0.4338837360855756 -0.9009688693625448 1.2246468793673654e-16
vn -0.22252093478534796 -0.9749279119926021 1.2246468648588234e-16
vn -6.123234262925839e-17 -1 1.2246468525851679e-16
vn 0.22252093478534796 -0.9749279119926021 1.2246468648588234e-16
vn 0.4338837360855756 -0.9009688693625448 1.2246468793673654e-16
vn 0.6234897889923936 -0.7818314927285933 1.2246468366302578e-16
vn 0.7818314927285933 -0.6234897889923936 1.2246468366302578e-16
vn 0.9009688693625448 -0.4338837360855756 1.2246468793673654e-16
vn 0.9749279119926021 -0.22252093478534796 1.2246468648588234e-16
vn 1 -1.2246468525851679e-16 1.2246468525851679e-16
vn 0.9749279119926021 0.22252093478534796 1.2246468648588234e-16
vn 0.9009688693625448 0.4338837360855756 1.2246468793673654e-16
vn 0.7818314927285933 0.6234897889923936 1.2246468366302578e-16
vn 0.6234897889923936 0.7818314927285933 1.2246468366302578e-16
vn 0.4338837360855756 0.9009688693625448 1.2246468793673654e-16
vn 0.22252093478534796 0.9749279119926021 1.2246468648588234e-16
vn 1.8369701465288538e-16 1 1.2246468525851679e-16
vn -0.22252093478534796 0.9749279119926021 1.2246468648588234e-16
vn -0.4338837360855756 0.9009688693625448 1.2246468793673654e-16
vn -0.6234897889923936 0.7818314927285933 1.2246468366302578e-16
vn -0.7818314927285933 0.6234897889923936 1.2246468366302578e-16
vn -0.9009688693625448 0.4338837360855756 1.2246468793673654e-16
vn -0.9749279119926021 0.22252093478534796 1.2246468648588234e-16
vn -1 2.4492937051703357e-16 1.2246468525851679e-16
vn -0.8090170011595983 0 -0.5877852429542022
vn -0.7887332502413666 -0.18002322459942727 -0.5877852486823004
vn -0.7288991259898926 -0.35101932513816686 -0.5877852477824843
vn -0.632514958432795 -0.5044138469983412 -0.5877852484667282
vn -0.5044138469983412 -0.632514958432795 -0.5877852484667282
vn -0.35101932513816686 -0.7288991259898926 -0.5877852477824843
vn -0.18002322459942727 -0.7887332502413666 -0.5877852486823004
vn -4.953800384026539e-17 -0.8090170011595983 -0.5877852429542022
vn 0.18002322459942727 -0.7887332502413666 -0.5877852486823004
vn 0.35101932513816686 -0.7288991259898926 -0.5877852477824843
vn 0.5044138469983412 -0.632514958432795 -0.5877852484667282
vn 0.632514958432795 -0.5044138469983412 -0.5877852484667282
vn 0.7288991259898926 -0.35101932513816686 -0.5877852477824843
vn 0.7887332502413666 -0.18002322459942727 -0.5877852486823004
vn 0.8090170011595983 -9.907600768053078e-17 -0.5877852429542022
vn 0.7887332502413666 0.18002322459942727 -0.5877852486823004
vn 0.7288991259898926 0.35101932513816686 -0.5877852477824843
vn 0.632514958432795 0.5044138469983412 -0.5877852484667282
vn 0.5044138469983412 0.632514958432795 -0.5877852484667282
vn 0.35101932513816686 0.7288991259898926 -0.5877852477824843
vn 0.18002322459942727 0.7887332502413666 -0.5877852486823004
vn 1.4861400821207373e-16 0.8090170011595983 -0.5877852429542022
vn -0.18002322459942727 0.7887332502413666 -0.5877852486823004
vn -0.35101932513816686 0.7288991259898926 -0.5877852477824843
vn -0.5044138469983412 0.632514958432795 -0.5877852484667282
vn -0.632514958432795 0.5044138469983412 -0.5877852484667282
vn -0.7288991259898926 0.35101932513816686 -0.5877852477824843
vn -0.7887332502413666 0.18002322459942727 -0.5877852486823004
vn -0.8090170011595983 1.9815201536106157e-16 -0.5877852429542022
vn -0.3090169948284817 0 -0.9510565161477913
vn -0.30126928608101833 -0.06876274789278214 -0.951056518702473
vn -0.27841468995786917 -0.1340774415437305 -0.9510565178183426
vn -0.24159921147687075 -0.19266894014705782 -0.9510565180452547
vn -0.19266894014705782 -0.24159921147687075 -0.9510565180452547
vn -0.1340774415437305 -0.27841468995786917 -0.9510565178183426
vn -0.06876274789278214 -0.30126928608101833 -0.951056518702473
vn -1.892183379232834e-17 -0.3090169948284817 -0.9510565161477913
vn 0.06876274789278214 -0.30126928608101833 -0.951056518702473
vn 0.1340774415437305 -0.27841468995786917 -0.9510565178183426
vn 0.19266894014705782 -0.24159921147687075 -0.9510565180452547
vn 0.24159921147687075 -0.19266894014705782 -0.9510565180452547
vn 0.27841468995786917 -0.1340774415437305 -0.9510565178183426
vn 0.30126928608101833 -0.06876274789278214 -0.951056518702473
vn 0.3090169948284817 -3.784366758465668e-17 -0.9510565161477913
vn 0.30126928608101833 0.06876274789278214 -0.951056518702473
vn 0.27841468995786917 0.1340774415437305 -0.9510565178183426
vn 0.24159921147687075 0.19266894014705782 -0.9510565180452547
vn 0.19266894014705782 0.24159921147687075 -0.9510565180452547
vn 0.1340774415437305 0.27841468995786917 -0.9510565178183426
vn 0.06876274789278214 0.30126928608101833 -0.951056518702473
vn 5.676549972262383e-17 0.3090169948284817 -0.9510565161477913
vn -0.06876274789278214 0.30126928608101833 -0.951056518702473
vn -0.1340774415437305 0.27841468995786917 -0.9510565178183426
vn -0.19266894014705782 0.24159921147687075 -0.9510565180452547
vn -0.24159921147687075 0.19266894014705782 -0.9510565180452547
vn -0.27841468995786917 0.1340774415437305 -0.9510565178183426
vn -0.30126928608101833 0.06876274789278214 -0.951056518702473
vn -0.3090169948284817 7.568733516931335e-17 -0.9510565161477913
vn 0.3090169948284817 0 -0.9510565161477913
vn 0.30126928608101833 0.06876274789278214 -0.951056518702473
vn 0.27841468995786917 0.1340774415437305 -0.9510565178183426
vn 0.24159921147687075 0.19266894014705782 -0.9510565180452547
vn 0.19266894014705782 0.24159921147687075 -0.9510565180452547
vn 0.1340774415437305 0.27841468995786917 -0.9510565178183426
vn 0.06876274789278214 0.30126928608101833 -0.951056518702473
vn 1.892183379232834e-17 0.3090169948284817 -0.9510565161477913
vn -0.06876274789278214 0.30126928608101833 -0.951056518702473
vn -0.1340774415437305 0.27841468995786917 -0.9510565178183426
vn -0.19266894014705782 0.24159921147687075 -0.9510565180452547
vn -0.24159921147687075 0.19266894014705782 -0.9510565180452547
vn -0.27841468995786917 0.1340774415437305 -0.9510565178183426
vn -0.30126928608101833 0.06876274789278214 -0.951056518702473
vn -0.3090169948284817 3.784366758465668e-17 -0.9510565161477913
vn -0.30126928608101833 -0.06876274789278214 -0.951056518702473
vn -0.27841468995786917 -0.1340774415437305 -0.9510565178183426
vn -0.24159921147687075 -0.19266894014705782 -0.9510565180452547
vn -0.19266894014705782 -0.24159921147687075 -0.9510565180452547
vn -0.1340774415437305 -0.27841468995786917 -0.9510565178183426
vn -0.06876274789278214 -0.30126928608101833 -0.951056518702473
vn -5.676549972262383e-17 -0.3090169948284817 -0.9510565161477913
vn 0.06876274789278214 -0.30126928608101833 -0.951056518702473
vn 0.1340774415437305 -0.27841468995786917 -0.9510565178183426
vn 0.19266894014705782 -0.24159921147687075 -0.9510565180452547
vn 0.24159921147687075 -0.19266894014705782 -0.9510565180452547
vn 0.27841468995786917 -0.1340774415437305 -0.9510565178183426
vn 0.30126928608101833 -0.06876274789278214 -0.951056518702473
vn 0.3090169948284817 -7.568733516931335e-17 -0.9510565161477913
vn 0.8090170011595983 0 -0.5877852429542022
vn 0.7887332502413666 0.18002322459942727 -0.5877852486823004
vn 0.7288991259898926 0.35101932513816686 -0.5877852477824843
vn 0.632514958432795 0.5044138469983412 -0.5877852484667282
vn 0.5044138469983412 0.632514958432795 -0.5877852484667282
vn 0.35101932513816686 0.7288991259898926 -0.5877852477824843
vn 0.18002322459942727 0.7887332502413666 -0.5877852486823004
vn 4.953800384026539e-17 0.8090170011595983 -0.5877852429542022
vn -0.18002322459942727 0.7887332502413666 -0.5877852486823004
vn -0.35101932513816686 0.7288991259898926 -0.5877852477824843
vn -0.5044138469983412 0.632514958432795 -0.5877852484667282
vn -0.632514958432795 0.5044138469983412 -0.5877852484667282
vn -0.7288991259898926 0.35101932513816686 -0.5877852477824843
vn -0.7887332502413666 0.18002322459942727 -0.5877852486823004
vn -0.8090170011595983 9.907600768053078e-17 -0.5877852429542022
vn -0.7887332502413666 -0.18002322459942727 -0.5877852486823004
vn -0.7288991259898926 -0.35101932513816686 -0.5877852477824843
vn -0.632514958432795 -0.5044138469983412 -0.5877852484667282
vn -0.5044138469983412 -0.632514958432795 -0.5877852484667282
vn -0.35101932513816686 -0.7288991259898926 -0.5877852477824843
vn -0.18002322459942727 -0.7887332502413666 -0.5877852486823004
vn -1.4861400821207373e-16 -0.8090170011595983 -0.5877852429542022
vn 0.18002322459942727 -0.7887332502413666 -0.5877852486823004
vn 0.35101932513816686 -0.7288991259898926 -0.5877852477824843
vn 0.5044138469983412 -0.632514958432795 -0.5877852484667282
vn 0.632514958432795 -0.5044138469983412 -0.5877852484667282
vn 0.7288991259898926 -0.35101932513816686 -0.5877852477824843
vn 0.7887332502413666 -0.18002322459942727 -0.5877852486823004
vn 0.8090170011595983 -1.9815201536106157e-16 -0.5877852429542022
vn 1 0 -2.4492937051703357e-16
vn 0.9749279119926021 0.22252093478534796 -2.449293729717647e-16
vn 0.9009688693625448 0.4338837360855756 -2.4492937587347307e-16
vn 0.7818314927285933 0.6234897889923936 -2.4492936732605157e-16
vn 0.6234897889923936 0.7818314927285933 -2.4492936732605157e-16
vn 0.4338837360855756 0.9009688693625448 -2.4492937587347307e-16
vn 0.22252093478534796 0.9749279119926021 -2.449293729717647e-16
vn 6.123234262925839e-17 1 -2.4492937051703357e-16
vn -0.22252093478534796 0.9749279119926021 -2.449293729717647e-16
vn -0.4338837360855756 0.9009688693625448 -2.4492937587347307e-16
vn -0.6234897889923936 0.7818314927285933 -2.4492936732605157e-16
vn -0.7818314927285933 0.6234897889923936 -2.4492936732605157e-16
vn -0.9009688693625448 0.4338837360855756 -2.4492937587347307e-16
vn -0.9749279119926021 0.22252093478534796 -2.449293729717647e-16
vn -1 1.2246468525851679e-16 -2.4492937051703357e-16
vn -0.9749279119926021 -0.22252093478534796 -2.449293729717647e-16
vn -0.9009688693625448 -0.4338837360855756 -2.4492937587347307e-16
vn -0.7818314927285933 -0.6234897889923936 -2.4492936732605157e-16
vn -0.6234897889923936 -0.7818314927285933 -2.4492936732605157e-16
vn -0.4338837360855756 -0.9009688693625448 -2.4492937587347307e-16
vn -0.22252093478534796 -0.9749279119926021 -2.449293729717647e-16
vn -1.8369701465288538e-16 -1 -2.4492937051703357e-16
vn 0.22252093478534796 -0.9749279119926021 -2.449293729717647e-16
vn 0.4338837360855756 -0.9009688693625448 -2.4492937587347307e-16
vn 0.6234897889923936 -0.7818314927285933 -2.4492936732605157e-16
vn 0.7818314927285933 -0.6234897889923936 -2.4492936732605157e-16
vn 0.9009688693625448 -0.4338837360855756 -2.4492937587347307e-16
vn 0.9749279119926021 -0.22252093478534796 -2.449293729717647e-16
vn 1 -2.4492937051703357e-16 -2.4492937051703357e-16
f 498/498/498 469/469/469 499/499/499
f 469/469/469 470/470/470 499/499/499
f 499/499/499 470/470/470 500/500/500
f 470/470/470 471/471/471 500/500/500
f 500/500/500 471/471/471 501/501/501
f 471/471/471 472/472/472 501/501/501
f 501/501/501 472/472/472 502/502/502
f 472/472/472 473/473/473 502/502/502
f 502/502/502 473/473/473 503/503/503
f 473/473/473 474/474/474 503/503/503
f 503/503/503 474/474/474 504/504/504
f 474/474/474 475/475/475 504/504/504
f 504/504/504 475/475/475 505/505/505
f 475/475/475 476/476/476 505/505/505
f 505/505/505 476/476/476 506/506/506
f 476/476/476 477/477/477 506/506/506
f 506/506/506 477/477/477 507/507/507
f 477/477/477 478/478/478 507/507/507
f 507/507/507 478/478/478 508/508/508
f 478/478/478 479/479/479 508/508/508
f 508/508/508 479/479/479 509/509/509
f 479/479/479 480/480/480 509/509/509
f 509/509/509 480/480/480 510/510/510
f 480/480/480 481/481/481 510/510/510
f 510/510/510 481/481/481 511/511/511
f 481/481/481 482/482/482 511/511/511
f 511/511/511 482/482/482 512/512/512
f 482/482/482 483/483/483 512/512/512
f 512/512/512 483/483/483 513/513/513
f 483/483/483 484/484/484 513/513/513
f 513/513/513 484/484/484 514/514/514
f 484/484/484 485/485/485 514/514/514
f 514/514/514 485/485/485 515/515/515
f 485/485/485 486/486/486 515/515/515
f 515/515/515 486/486/486 516/516/516
f 486/486/486 487/487/487 516/516/516
f 516/516/516 487/487/487 517/517/517
f 487/487/487 488/488/488 517/517/517
f 517/517/517 488/488/488 518/518/518
f 488/488/488 489/489/489 518/518/518
f 518/518/518 489/489/489 519/519/519
f 489/489/489 490/490/490 519/519/519
f 519/519/519 490/490/490 520/520/520
f 490/490/490 491/491/491 520/520/520
f 520/520/520 491/491/491 521/521/521
f 491/491/491 492/492/492 521/521/521
f 521/521/521 492/492/492 522/522/522
f 492/492/492 493/493/493 522/522/522
f 522/522/522 493/493/493 523/523/523
f 493/493/493 494/494/494 523/523/523
f 523/523/523 494/494/494 524/524/524
f 494/494/494 495/495/495 524/524/524
f 524/524/524 495/495/495 525/525/525
f 495/495/495 496/496/496 525/525/525
f 525/525/525 496/496/496 526/526/526
f 496/496/496 497/497/497 526/526/526
f 527/527/527 498/498/498 528/528/528
f 498/498/498 499/499/499 528/528/528
f 528/528/528 499/499/499 529/529/529
f 499/499/499 500/500/500 529/529/529
f 529/529/529 500/500/500 530/530/530
f 500/500/500 501/501/501 530/530/530
f 530/530/530 501/501/501 531/531/531
f 501/501/501 502/502/502 531/531/531
f 531/531/531 502/502/502 532/532/532
f 502/502/502 503/503/503 532/532/532
f 532/532/532 503/503/503 533/533/533
f 503/503/503 504/504/504 533/533/533
f 533/533/533 504/504/504 534/534/534
f 504/504/504 505/505/505 534/534/534
f 534/534/534 505/505/505 535/535/535
f 505/505/505 506/506/506 535/535/535
f 535/535/535 506/506/506 536/536/536
f 506/506/506 507/507/507 536/536/536
f 536/536/536 507/507/507 537/537/537
f 507/507/507 508/508/508 537/537/537
f 537/537/537 508/508/508 538/538/538
f 508/508/508 509/509/509 538/538/538
f 538/538/538 509/509/509 539/539/539
f 509/509/509 510/510/510 539/539/539
f 539/539/539 510/510/510 540/540/540
f 510/510/510 511/511/511 540/540/540
f 540/540/540 511/511/511 541/541/541
f 511/511/511 512/512/512 541/541/541
f 541/541/541 512/512/512 542/542/542
f 512/512/512 513/513/513 542/542/542
f 542/542/542 513/513/513 543/543/543
f 513/513/513 514/514/514 543/543/543
f 543/543/543 514/514/514 544/544/544
f 514/514/514 515/515/515 544/544/544
f 544/544/544 515/515/515 545/545/545
f 515/515/515 516/516/516 545/545/545
f 545/545/545 516/516/516 546/546/546
f 516/516/516 517/517/517 546/546/546
f 546/546/546 517/517/517 547/547/547
f 517/517/517 518/518/518 547/547/547
f 547/547/547 518/518/518 548/548/548
f 518/518/518 519/519/519 548/548/548
f 548/548/548 519/519/519 549/549/549
f 519/519/519 520/520/520 549/549/549
f 549/549/549 520/520/520 550/550/550
f 520/520/520 521/521/521 550/550/550
f 550/550/550 521/521/521 551/551/551
f 521/521/521 522/522/522 551/551/551
f 551/551/551 522/522/522 552/552/552
f 522/522/522 523/523/523 552/552/552
f 552/552/552 523/523/523 553/553/553
f 523/523/523 524/524/524 553/553/553
f 553/553/553 524/524/524 554/554/554
f 524/524/524 525/525/525 554/554/554
f 554/554/554 525/525/525 555/555/555
f 525/525/525 526/526/526 555/555/555
f 556/556/556 527/527/527 557/557/557
f 527/527/527 528/528/528 557/557/557
f 557/557/557 528/528/528 558/558/558
f 528/528/528 529/529/529 558/558/558
f 558/558/558 529/529/529 559/559/559
f 529/529/529 530/530/530 559/559/559
f 559/559/559 530/530/530 560/560/560
f 530/530/530 531/531/531 560/560/560
f 560/560/560 531/531/531 561/561/561
f 531/531/531 532/532/532 561/561/561
f 561/561/561 532/532/532 562/562/562
f 532/532/532 533/533/533 562/562/562
f 562/562/562 533/533/533 563/563/563
f 533/533/533 534/534/534 563/563/563
f 563/563/563 534/534/534 564/564/564
f 534/534/534 535/535/535 564/564/564
f 564/564/564 535/535/535 565/565/565
f 535/535/535 536/536/536 565/565/565
f 565/565/565 536/536/536 566/566/566
f 536/536/536 537/537/537 566/566/566
f 566/566/566 537/537/537 567/567/567
f 537/537/537 538/538/538 567/567/567
f 567/567/567 538/538/538 568/568/568
f 538/538/538 539/539/539 568/568/568
f 568/568/568 539/539/539 569/569/569
f 539/539/539 540/540/540 569/569/569
f 569/569/569 540/540/540 570/570/570
f 540/540/540 541/541/541 570/570/570
f 570/570/570 541/541/541 571/571/571
f 541/541/541 542/542/542 571/571/571
f 571/571/571 542/542/542 572/572/572
f 542/542/542 543/543/543 572/572/572
f 572/572/572 543/543/543 573/573/573
f 543/543/543 544/544/544 573/573/573
f 573/573/573 544/544/544 574/574/574
f 544/544/544 545/545/545 574/574/574
f 574/574/574 545/545/545 575/575/575
f 545/545/545 546/546/546 575/575/575
f 575/575/575 546/546/546 576/576/576
f 546/546/546 547/547/547 576/576/576
f 576/576/576 547/547/547 577/577/577
f 547/547/547 548/548/548 577/577/577
f 577/577/577 548/548/548 578/578/578
f 548/548/548 549/549/549 578/578/578
f 578/578/578 549/549/549 579/579/579
f 549/549/549 550/550/550 579/579/579
f 579/579/579 550/550/550 580/580/580
f 550/550/550 551/551/551 580/580/580
f 580/580/580 551/551/551 581/581/581
f 551/551/551 552/552/552 581/581/581
f 581/581/581 552/552/552 582/582/582
f 552/552/552 553/553/553 582/582/582
f 582/582/582 553/553/553 583/583/583
f 553/553/553 554/554/554 583/583/583
f 583/583/583 554/554/554 584/584/584
f 554/554/554 555/555/555 584/584/584
f 585/585/585 556/556/556 586/586/586
f 556/556/556 557/557/557 586/586/586
f 586/586/586 557/557/557 587/587/587
f 557/557/557 558/558/558 587/587/587
f 587/587/587 558/558/558 588/588/588
f 558/558/558 559/559/559 588/588/588
f 588/588/588 559/559/559 589/589/589
f 559/559/559 560/560/560 589/589/589
f 589/589/589 560/560/560 590/590/590
f 560/560/560 561/561/561 590/590/590
f 590/590/590 561/561/561 591/591/591
f 561/561/561 562/562/562 591/591/591
f 591/591/591 562/562/562 592/592/592
f 562/562/562 563/563/563 592/592/592
f 592/592/592 563/563/563 593/593/593
f 563/563/563 564/564/564 593/593/593
f 593/593/593 564/564/564 594/594/594
f 564/564/564 565/565/565 594/594/594
f 594/594/594 565/565/565 595/595/595
f 565/565/565 566/566/566 595/595/595
f 595/595/595 566/566/566 596/596/596
f 566/566/566 567/567/567 596/596/596
f 596/596/596 567/567/567 597/597/597
f 567/567/567 568/568/568 597/597/597
f 597/597/597 568/568/568 598/598/598
f 568/568/568 569/569/569 598/598/598
f 598/598/598 569/569/569 599/599/599
f 569/569/569 570/570/570 599/599/599
f 599/599/599 570/570/570 600/600/600
f 570/570/570 571/571/571 600/600/600
f 600/600/600 571/571/571 601/601/601
f 571/571/571 572/572/572 601/601/601
f 601/601/601 572/572/572 602/602/602
f 572/572/572 573/573/573 602/602/602
f 602/602/602 573/573/573 603/603/603
f 573/573/573 574/574/574 603/603/603
f 603/603/603 574/574/574 604/604/604
f 574/574/574 575/575/575 604/604/604
f 604/604/604 575/575/575 605/605/605
f 575/575/575 576/576/576 605/605/605
f 605/605/605 576/576/576 606/606/606
f 576/576/576 577/577/577 606/606/606
f 606/606/606 577/577/577 607/607/607
f 577/577/577 578/578/578 607/607/607
f 607/607/607 578/578/578 608/608/608
f 578/578/578 579/579/579 608/608/608
f 608/608/608 579/579/579 609/609/609
f 579/579/579 580/580/580 609/609/609
f 609/609/609 580/580/580 610/610/610
f 580/580/580 581/581/581 610/610/610
f 610/610/610 581/581/581 611/611/611
f 581/581/581 582/582/582 611/611/611
f 611/611/611 582/582/582 612/612/612
f 582/582/582 583/583/583 612/612/612
f 612/612/612 583/583/583 613/613/613
f 583/583/583 584/584/584 613/613/613
f 614/614/614 585/585/585 615/615/615
f 585/585/585 586/586/586 615/615/615
f 615/615/615 586/586/586 616/616/616
f 586/586/586 587/587/587 616/616/616
f 616/616/616 587/587/587 617/617/617
f 587/587/587 588/588/588 617/617/617
f 617/617/617 588/588/588 618/618/618
f 588/588/588 589/589/589 618/618/618
f 618/618/618 589/589/589 619/619/619
f 589/589/589 590/590/590 619/619/619
f 619/619/619 590/590/590 620/620/620
f 590/590/590 591/591/591 620/620/620
f 620/620/620 591/591/591 621/621/621
f 591/591/591 592/592/592 621/621/621
f 621/621/621 592/592/592 622/622/622
f 592/592/592 593/593/593 622/622/622
f 622/622/622 593/593/593 623/623/623
f 593/593/593 594/594/594 623/623/623
f 623/623/623 594/594/594 624/624/624
f 594/594/594 595/595/595 624/624/624
f 624/624/624 595/595/595 625/625/625
f 595/595/595 596/596/596 625/625/625
f 625/625/625 596/596/596 626/626/626
f 596/596/596 597/597/597 626/626/626
f 626/626/626 597/597/597 627/627/627
f 597/597/597 598/598/598 627/627/627
f 627/627/627 598/598/598 628/628/628
f 598/598/598 599/599/599 628/628/628
f 628/628/628 599/599/599 629/629/629
f 599/599/599 600/600/600 629/629/629
f 629/629/629 600/600/600 630/630/630
f 600/600/600 601/601/601 630/630/630
f 630/630/630 601/601/601 631/631/631
f 601/601/601 602/602/602 631/631/631
f 631/631/631 602/602/602 632/632/632
f 602/602/602 603/603/603 632/632/632
f 632/632/632 603/603/603 633/633/633
f 603/603/603 604/604/604 633/633/633
f 633/633/633 604/604/604 634/634/634
f 604/604/604 605/605/605 634/634/634
f 634/634/634 605/605/605 635/635/635
f 605/605/605 606/606/606 635/635/635
f 635/635/635 606/606/606 636/636/636
f 606/606/606 607/607/607 636/636/636
f 636/636/636 607/607/607 637/637/637
f 607/607/607 608/608/608 637/637/637
f 637/637/637 608/608/608 638/638/638
f 608/608/608 609/609/609 638/638/638
f 638/638/638 609/609/609 639/639/639
f 609/609/609 610/610/610 639/639/639
f 639/639/639 610/610/610 640/640/640
f 610/610/610 611/611/611 640/640/640
f 640/640/640 611/611/611 641/641/641
f 611/611/611 612/612/612 641/641/641
f 641/641/641 612/612/612 642/642/642
f 612/612/612 613/613/613 642/642/642
f 643/643/643 614/614/614 644/644/644
f 614/614/614 615/615/615 644/644/644
f 644/644/644 615/615/615 645/645/645
f 615/615/615 616/616/616 645/645/645
f 645/645/645 616/616/616 646/646/646
f 616/616/616 617/617/617 646/646/646
f 646/646/646 617/617/617 647/647/647
f 617/617/617 618/618/618 647/647/647
f 647/647/647 618/618/618 648/648/648
f 618/618/618 619/619/619 648/648/648
f 648/648/648 619/619/619 649/649/649
f 619/619/619 620/620/620 649/649/649
f 649/649/649 620/620/620 650/650/650
f 620/620/620 621/621/621 650/650/650
f 650/650/650 621/621/621 651/651/651
f 621/621/621 622/622/622 651/651/651
f 651/651/651 622/622/622 652/652/652
f 622/622/622 623/623/623 652/652/652
f 652/652/652 623/623/623 653/653/653
f 623/623/623 624/624/624 653/653/653
f 653/653/653 624/624/624 654/654/654
f 624/624/624 625/625/625 654/654/654
f 654/654/654 625/625/625 655/655/655
f 625/625/625 626/626/626 655/655/655
f 655/655/655 626/626/626 656/656/656
f 626/626/626 627/627/627 656/656/656
f 656/656/656 627/627/627 657/657/657
f 627/627/627 628/628/628 657/657/657
f 657/657/657 628/628/628 658/658/658
f 628/628/628 629/629/629 658/658/658
f 658/658/658 629/629/629 659/659/659
f 629/629/629 630/630/630 659/659/659
f 659/659/659 630/630/630 660/660/660
f 630/630/630 631/631/631 660/660/660
f 660/660/660 631/631/631 661/661/661
f 631/631/631 632/632/632 661/661/661
f 661/661/661 632/632/632 662/662/662
f 632/632/632 633/633/633 662/662/662
f 662/662/662 633/633/633 663/663/663
f 633/633/633 634/634/634 663/663/663
f 663/663/663 634/634/634 664/664/664
f 634/634/634 635/635/635 664/664/664
f 664/664/664 635/635/635 665/665/665
f 635/635/635 636/636/636 665/665/665
f 665/665/665 636/636/636 666/666/666
f 636/636/636 637/637/637 666/666/666
f 666/666/666 637/637/637 667/667/667
f 637/637/637 638/638/638 667/667/667
f 667/667/667 638/638/638 668/668/668
f 638/638/638 639/639/639 668/668/668
f 668/668/668 639/639/639 669/669/669
f 639/639/639 640/640/640 669/669/669
f 669/669/669 640/640/640 670/670/670
f 640/640/640 641/641/641 670/670/670
f 670/670/670 641/641/641 671/671/671
f 641/641/641 642/642/642 671/671/671
f 672/672/672 643/643/643 673/673/673
f 643/643/643 644/644/644 673/673/673
f 673/673/673 644/644/644 674/674/674
f 644/644/644 645/645/645 674/674/674
f 674/674/674 645/645/645 675/675/675
f 645/645/645 646/646/646 675/675/675
f 675/675/675 646/646/646 676/676/676
f 646/646/646 647/647/647 676/676/676
f 676/676/676 647/647/647 677/677/677
f 647/647/647 648/648/648 677/677/677
f 677/677/677 648/648/648 678/678/678
f 648/648/648 649/649/649 678/678/678
f 678/678/678 649/649/649 679/679/679
f 649/649/649 650/650/650 679/679/679
f 679/679/679 650/650/650 680/680/680
f 650/650/650 651/651/651 680/680/680
f 680/680/680 651/651/651 681/681/681
f 651/651/651 652/652/652 681/681/681
f 681/681/681 652/652/652 682/682/682
f 652/652/652 653/653/653 682/682/682
f 682/682/682 653/653/653 683/683/683
f 653/653/653 654/654/654 683/683/683
f 683/683/683 654/654/654 684/684/684
f 654/654/654 655/655/655 684/684/684
f 684/684/684 655/655/655 685/685/685
f 655/655/655 656/656/656 685/685/685
f 685/685/685 656/656/656 686/686/686
f 656/656/656 657/657/657 686/686/686
f 686/686/686 657/657/657 687/687/687
f 657/657/657 658/658/658 687/687/687
f 687/687/687 658/658/658 688/688/688
f 658/658/658 659/659/659 688/688/688
f 688/688/688 659/659/659 689/689/689
f 659/659/659 660/660/660 689/689/689
f 689/689/689 660/660/660 690/690/690
f 660/660/660 661/661/661 690/690/690
f 690/690/690 661/661/661 691/691/691
f 661/661/661 662/662/662 691/691/691
f 691/691/691 662/662/662 692/692/692
f 662/662/662 663/663/663 692/692/692
f 692/692/692 663/663/663 693/693/693
f 663/663/663 664/664/664 693/693/693
f 693/693/693 664/664/664 694/694/694
f 664/664/664 665/665/665 694/694/694
f 694/694/694 665/665/665 695/695/695
f 665/665/665 666/666/666 695/695/695
f 695/695/695 666/666/666 696/696/696
f 666/666/666 667/667/667 696/696/696
f 696/696/696 667/667/667 697/697/697
f 667/667/667 668/668/668 697/697/697
f 697/697/697 668/668/668 698/698/698
f 668/668/668 669/669/669 698/698/698
f 698/698/698 669/669/669 699/699/699
f 669/669/669 670/670/670 699/699/699
f 699/699/699 670/670/670 700/700/700
f 670/670/670 671/671/671 700/700/700
f 701/701/701 672/672/672 702/702/702
f 672/672/672 673/673/673 702/702/702
f 702/702/702 673/673/673 703/703/703
f 673/673/673 674/674/674 703/703/703
f 703/703/703 674/674/674 704/704/704
f 674/674/674 675/675/675 704/704/704
f 704/704/704 675/675/675 705/705/705
f 675/675/675 676/676/676 705/705/705
f 705/705/705 676/676/676 706/706/706
f 676/676/676 677/677/677 706/706/706
f 706/706/706 677/677/677 707/707/707
f 677/677/677 678/678/678 707/707/707
f 707/707/707 678/678/678 708/708/708
f 678/678/678 679/679/679 708/708/708
f 708/708/708 679/679/679 709/709/709
f 679/679/679 680/680/680 709/709/709
f 709/709/709 680/680/680 710/710/710
f 680/680/680 681/681/681 710/710/710
f 710/710/710 681/681/681 711/711/711
f 681/681/681 682/682/682 711/711/711
f 711/711/711 682/682/682 712/712/712
f 682/682/682 683/683/683 712/712/712
f 712/712/712 683/683/683 713/713/713
f 683/683/683 684/684/684 713/713/713
f 713/713/713 684/684/684 714/714/714
f 684/684/684 685/685/685 714/714/714
f 714/714/714 685/685/685 715/715/715
f 685/685/685 686/686/686 715/715/715
f 715/715/715 686/686/686 716/716/716
f 686/686/686 687/687/687 716/716/716
f 716/716/716 687/687/687 717/717/717
f 687/687/687 688/688/688 717/717/717
f 717/717/717 688/688/688 718/718/718
f 688/688/688 689/689/689 718/718/718
f 718/718/718 689/689/689 719/719/719
f 689/689/689 690/690/690 719/719/719
f 719/719/719 690/690/690 720/720/720
f 690/690/690 691/691/691 720/720/720
f 720/720/720 691/691/691 721/721/721
f 691/691/691 692/692/692 721/721/721
f 721/721/721 692/692/692 722/722/722
f 692/692/692 693/693/693 722/722/722
f 722/722/722 693/693/693 723/723/723
f 693/693/693 694/694/694 723/723/723
f 723/723/723 694/694/694 724/724/724
f 694/694/694 695/695/695 724/724/724
f 724/724/724 695/695/695 725/725/725
f 695/695/695 696/696/696 725/725/725
f 725/725/725 696/696/696 726/726/726
f 696/696/696 697/697/697 726/726/726
f 726/726/726 697/697/697 727/727/727
f 697/697/697 698/698/698 727/727/727
f 727/727/727 698/698/698 728/728/728
f 698/698/698 699/699/699 728/728/728
f 728/728/728 699/699/699 729/729/729
f 699/699/699 700/700/700 729/729/729
f 730/730/730 701/701/701 731/731/731
f 701/701/701 702/702/702 731/731/731
f 731/731/731 702/702/702 732/732/732
f 702/702/702 703/703/703 732/732/732
f 732/732/732 703/703/703 733/733/733
f 703/703/703 704/704/704 733/733/733
f 733/733/733 704/704/704 734/734/734
f 704/704/704 705/705/705 734/734/734
f 734/734/734 705/705/705 735/735/735
f 705/705/705 706/706/706 735/735/735
f 735/735/735 706/706/706 736/736/736
f 706/706/706 707/707/707 736/736/736
f 736/736/736 707/707/707 737/737/737
f 707/707/707 708/708/708 737/737/737
f 737/737/737 708/708/708 738/738/738
f 708/708/708 709/709/709 738/738/738
f 738/738/738 709/709/709 739/739/739
f 709/709/709 710/710/710 739/739/739
f 739/739/739 710/710/710 740/740/740
f 710/710/710 711/711/711 740/740/740
f 740/740/740 711/711/711 741/741/741
f 711/711/711 712/712/712 741/741/741
f 741/741/741 712/712/712 742/742/742
f 712/712/712 713/713/713 742/742/742
f 742/742/742 713/713/713 743/743/743
f 713/713/713 714/714/714 743/743/743
f 743/743/743 714/714/714 744/744/744
f 714/714/714 715/715/715 744/744/744
f 744/744/744 715/715/715 745/745/745
f 715/715/715 716/716/716 745/745/745
f 745/745/745 716/716/716 746/746/746
f 716/716/716 717/717/717 746/746/746
f 746/746/746 717/717/717 747/747/747
f 717/717/717 718/718/718 747/747/747
f 747/747/747 718/718/718 748/748/748
f 718/718/718 719/719/719 748/748/748
f 748/748/748 719/719/719 749/749/749
f 719/719/719 720/720/720 749/749/749
f 749/749/749 720/720/720 750/750/750
f 720/720/720 721/721/721 750/750/750
f 750/750/750 721/721/721 751/751/751
f 721/721/721 722/722/722 751/751/751
f 751/751/751 722/722/722 752/752/752
f 722/722/722 723/723/723 752/752/752
f 752/752/752 723/723/723 753/753/753
f 723/723/723 724/724/724 753/753/753
f 753/753/753 724/724/724 754/754/754
f 724/724/724 725/725/725 754/754/754
f 754/754/754 725/725/725 755/755/755
f 725/725/725 726/726/726 755/755/755
f 755/755/755 726/726/726 756/756/756
f 726/726/726 727/727/727 756/756/756
f 756/756/756 727/727/727 757/757/757
f 727/727/727 728/728/728 757/757/757
f 757/757/757 728/728/728 758/758/758
f 728/728/728 729/729/729 758/758/758
f 759/759/759 730/730/730 760/760/760
f 730/730/730 731/731/731 760/760/760
f 760/760/760 731/731/731 761/761/761
f 731/731/731 732/732/732 761/761/761
f 761/761/761 732/732/732 762/762/762
f 732/732/732 733/733/733 762/762/762
f 762/762/762 733/733/733 763/763/763
f 733/733/733 734/734/734 763/763/763
f 763/763/763 734/734/734 764/764/764
f 734/734/734 735/735/735 764/764/764
f 764/764/764 735/735/735 765/765/765
f 735/735/735 736/736/736 765/765/765
f 765/765/765 736/736/736 766/766/766
f 736/736/736 737/737/737 766/766/766
f 766/766/766 737/737/737 767/767/767
f 737/737/737 738/738/738 767/767/767
f 767/767/767 738/738/738 768/768/768
f 738/738/738 739/739/739 768/768/768
f 768/768/768 739/739/739 769/769/769
f 739/739/739 740/740/740 769/769/769
f 769/769/769 740/740/740 770/770/770
f 740/740/740 741/741/741 770/770/770
f 770/770/770 741/741/741 771/771/771
f 741/741/741 742/742/742 771/771/771
f 771/771/771 742/742/742 772/772/772
f 742/742/742 743/743/743 772/772/772
f 772/772/772 743/743/743 773/773/773
f 743/743/743 744/744/744 773/773/773
f 773/773/773 744/744/744 774/774/774
f 744/744/744 745/745/745 774/774/774
f 774/774/774 745/745/745 775/775/775
f 745/745/745 746/746/746 775/775/775
f 775/775/775 746/746/746 776/776/776
f 746/746/746 747/747/747 776/776/776
f 776/776/776 747/747/747 777/777/777
f 747/747/747 748/748/748 777/777/777
f 777/777/777 748/748/748 778/778/778
f 748/748/748 749/749/749 778/778/778
f 778/778/778 749/749/749 779/779/779
f 749/749/749 750/750/750 779/779/779
f 779/779/779 750/750/750 780/780/780
f 750/750/750 751/751/751 780/780/780
f 780/780/780 751/751/751 781/781/781
f 751/751/751 752/752/752 781/781/781
f 781/781/781 752/752/752 782/782/782
f 752/752/752 753/753/753 782/782/782
f 782/782/782 753/753/753 783/783/783
f 753/753/753 754/754/754 783/783/783
f 783/783/783 754/754/754 784/784/784
f 754/754/754 755/755/755 784/784/784
f 784/784/784 755/755/755 785/785/785
f 755/755/755 756/756/756 785/785/785
f 785/785/785 756/756/756 786/786/786
f 756/756/756 757/757/757 786/786/786
f 786/786/786 757/757/757 787/787/787
f 757/757/757 758/758/758 787/787/787
o wrap_rear_a
usemtl sinew_wrap
v 0.009399999864399433 0.03323401757780284 -0.16400000049173832
v 0.009194587357342243 0.035188387523254455 -0.16400000049173832
v 0.008587326854467392 0.037057341917267145 -0.16400000049173832
v 0.007604759652167559 0.038759199113434256 -0.16400000049173832
v 0.006289827637374401 0.040219579034334124 -0.16400000049173832
v 0.004699999932199717 0.04137465604845256 -0.16400000049173832
v 0.002904759719967842 0.0421739487469551 -0.16400000049173832
v 0.0009825675515457988 0.04258252368572921 -0.16400000049173832
v -0.0009825675515457988 0.04258252368572921 -0.16400000049173832
v -0.002904759719967842 0.0421739487469551 -0.16400000049173832
v -0.004699999932199717 0.04137465604845256 -0.16400000049173832
v -0.006289827637374401 0.040219579034334124 -0.16400000049173832
v -0.007604759652167559 0.038759199113434256 -0.16400000049173832
v -0.008587326854467392 0.037057341917267145 -0.16400000049173832
v -0.009194587357342243 0.035188387523254455 -0.16400000049173832
v -0.009399999864399433 0.03323401757780284 -0.16400000049173832
v -0.009194587357342243 0.03127964763235122 -0.16400000049173832
v -0.008587326854467392 0.02941069323833853 -0.16400000049173832
v -0.007604759652167559 0.02770883604217142 -0.16400000049173832
v -0.006289827637374401 0.02624845612127155 -0.16400000049173832
v -0.004699999932199717 0.02509337910715312 -0.16400000049173832
v -0.002904759719967842 0.024294086408650578 -0.16400000049173832
v -0.0009825675515457988 0.02388551146987647 -0.16400000049173832
v 0.0009825675515457988 0.02388551146987647 -0.16400000049173832
v 0.002904759719967842 0.024294086408650578 -0.16400000049173832
v 0.004699999932199717 0.02509337910715312 -0.16400000049173832
v 0.006289827637374401 0.02624845612127155 -0.16400000049173832
v 0.007604759652167559 0.02770883604217142 -0.16400000049173832
v 0.008587326854467392 0.02941069323833853 -0.16400000049173832
v 0.009194587357342243 0.03127964763235122 -0.16400000049173832
v 0.009399999864399433 0.03323401757780284 -0.16400000049173832
v 0.009037132374942303 0.03323401757780284 -0.16288320851884783
v 0.008839649148285389 0.035112943060545326 -0.16288320851884783
v 0.008255830965936184 0.03690975033942431 -0.16288320851884783
v 0.007311193738132715 0.03854591087702483 -0.16288320851884783
v 0.006047021597623825 0.03994991551417679 -0.16288320851884783
v 0.004518566187471151 0.041060403597390355 -0.16288320851884783
v 0.002792627550661564 0.041828841578995885 -0.16288320851884783
v 0.0009446375770494342 0.042221643638646306 -0.16288320851884783
v -0.0009446375770494342 0.042221643638646306 -0.16288320851884783
v -0.002792627550661564 0.041828841578995885 -0.16288320851884783
v -0.004518566187471151 0.041060403597390355 -0.16288320851884783
v -0.006047021597623825 0.03994991551417679 -0.16288320851884783
v -0.007311193738132715 0.03854591087702483 -0.16288320851884783
v -0.008255830965936184 0.03690975033942431 -0.16288320851884783
v -0.008839649148285389 0.035112943060545326 -0.16288320851884783
v -0.009037132374942303 0.03323401757780284 -0.16288320851884783
v -0.008839649148285389 0.03135509209506035 -0.16288320851884783
v -0.008255830965936184 0.029558284816181363 -0.16288320851884783
v -0.007311193738132715 0.027922124278580845 -0.16288320851884783
v -0.006047021597623825 0.02651811964142889 -0.16288320851884783
v -0.004518566187471151 0.02540763155821532 -0.16288320851884783
v -0.002792627550661564 0.02463919357660979 -0.16288320851884783
v -0.0009446375770494342 0.02424639151695937 -0.16288320851884783
v 0.0009446375770494342 0.02424639151695937 -0.16288320851884783
v 0.002792627550661564 0.02463919357660979 -0.16288320851884783
v 0.004518566187471151 0.02540763155821532 -0.16288320851884783
v 0.006047021597623825 0.02651811964142889 -0.16288320851884783
v 0.007311193738132715 0.027922124278580845 -0.16288320851884783
v 0.008255830965936184 0.029558284816181363 -0.16288320851884783
v 0.008839649148285389 0.03135509209506035 -0.16288320851884783
v 0.009037132374942303 0.03323401757780284 -0.16288320851884783
v 0.00808713212609291 0.03323401757780284 -0.1621929931351915
v 0.00791040901094675 0.034915426888352336 -0.1621929931351915
v 0.007387963123619556 0.036523350656813086 -0.1621929931351915
v 0.0065426272340118885 0.03798751454133362 -0.1621929931351915
v 0.0054113478399813175 0.03924392829913467 -0.1621929931351915
v 0.004043566063046455 0.04023767975423306 -0.1621929931351915
v 0.0024990614037960768 0.04092533760968417 -0.1621929931351915
v 0.0008453354821540415 0.041276847620343865 -0.1621929931351915
v -0.0008453354821540415 0.041276847620343865 -0.1621929931351915
v -0.0024990614037960768 0.04092533760968417 -0.1621929931351915
v -0.004043566063046455 0.04023767975423306 -0.1621929931351915
v -0.0054113478399813175 0.03924392829913467 -0.1621929931351915
v -0.0065426272340118885 0.03798751454133362 -0.1621929931351915
v -0.007387963123619556 0.036523350656813086 -0.1621929931351915
v -0.00791040901094675 0.034915426888352336 -0.1621929931351915
v -0.00808713212609291 0.03323401757780284 -0.1621929931351915
v -0.00791040901094675 0.03155260826725334 -0.1621929931351915
v -0.007387963123619556 0.02994468449879259 -0.1621929931351915
v -0.0065426272340118885 0.02848052061427206 -0.1621929931351915
v -0.0054113478399813175 0.027224106856471003 -0.1621929931351915
v -0.004043566063046455 0.026230355401372613 -0.1621929931351915
v -0.0024990614037960768 0.025542697545921506 -0.1621929931351915
v -0.0008453354821540415 0.02519118753526181 -0.1621929931351915
v 0.0008453354821540415 0.02519118753526181 -0.1621929931351915
v 0.0024990614037960768 0.025542697545921506 -0.1621929931351915
v 0.004043566063046455 0.026230355401372613 -0.1621929931351915
v 0.0054113478399813175 0.027224106856471003 -0.1621929931351915
v 0.0065426272340118885 0.02848052061427206 -0.1621929931351915
v 0.007387963123619556 0.02994468449879259 -0.1621929931351915
v 0.00791040901094675 0.03155260826725334 -0.1621929931351915
v 0.00808713212609291 0.03323401757780284 -0.1621929931351915
v 0.006912867538630962 0.03323401757780284 -0.1621929931351915
v 0.0067618051543831825 0.034671283585799934 -0.1621929931351915
v 0.00631521875038743 0.03604573421444565 -0.1621929931351915
v 0.005592627450823784 0.037297299274092616 -0.1621929931351915
v 0.00462561147287488 0.03837127951238126 -0.1621929931351915
v 0.003456433769315481 0.0392207365043816 -0.1621929931351915
v 0.0021361936815083027 0.03980854540396303 -0.1621929931351915
v 0.0007225914159789681 0.040109015677904786 -0.1621929931351915
v -0.0007225914159789681 0.040109015677904786 -0.1621929931351915
v -0.0021361936815083027 0.03980854540396303 -0.1621929931351915
v -0.003456433769315481 0.0392207365043816 -0.1621929931351915
v -0.00462561147287488 0.03837127951238126 -0.1621929931351915
v -0.005592627450823784 0.037297299274092616 -0.1621929931351915
v -0.00631521875038743 0.03604573421444565 -0.1621929931351915
v -0.0067618051543831825 0.034671283585799934 -0.1621929931351915
v -0.006912867538630962 0.03323401757780284 -0.1621929931351915
v -0.0067618051543831825 0.03179675156980574 -0.1621929931351915
v -0.00631521875038743 0.030422300941160024 -0.1621929931351915
v -0.005592627450823784 0.02917073588151306 -0.1621929931351915
v -0.00462561147287488 0.02809675564322442 -0.1621929931351915
v -0.003456433769315481 0.027247298651224078 -0.1621929931351915
v -0.0021361936815083027 0.026659489751642645 -0.1621929931351915
v -0.0007225914159789681 0.02635901947770089 -0.1621929931351915
v 0.0007225914159789681 0.02635901947770089 -0.1621929931351915
v 0.0021361936815083027 0.026659489751642645 -0.1621929931351915
v 0.003456433769315481 0.027247298651224078 -0.1621929931351915
v 0.00462561147287488 0.02809675564322442 -0.1621929931351915
v 0.005592627450823784 0.02917073588151306 -0.1621929931351915
v 0.00631521875038743 0.030422300941160024 -0.1621929931351915
v 0.0067618051543831825 0.03179675156980574 -0.1621929931351915
v 0.006912867538630962 0.03323401757780284 -0.1621929931351915
v 0.005962867755442858 0.03323401757780284 -0.16288320851884783
v 0.005832564551383257 0.034473767530022265 -0.16288320851884783
v 0.005447350908070803 0.03565933429900378 -0.16288320851884783
v 0.0048240614123642445 0.036738903171232046 -0.16288320851884783
v 0.003989937249571085 0.037665291831677855 -0.16288320851884783
v 0.002981433877721429 0.03839801266122431 -0.16288320851884783
v 0.0018426274182274938 0.038905041900312604 -0.16288320851884783
v 0.0006232893792912364 0.03916422012526363 -0.16288320851884783
v -0.0006232893792912364 0.03916422012526363 -0.16288320851884783
v -0.0018426274182274938 0.038905041900312604 -0.16288320851884783
v -0.002981433877721429 0.03839801266122431 -0.16288320851884783
v -0.003989937249571085 0.037665291831677855 -0.16288320851884783
v -0.0048240614123642445 0.036738903171232046 -0.16288320851884783
v -0.005447350908070803 0.03565933429900378 -0.16288320851884783
v -0.005832564551383257 0.034473767530022265 -0.16288320851884783
v -0.005962867755442858 0.03323401757780284 -0.16288320851884783
v -0.005832564551383257 0.03199426762558341 -0.16288320851884783
v -0.005447350908070803 0.030808700856601895 -0.16288320851884783
v -0.0048240614123642445 0.02972913198437363 -0.16288320851884783
v -0.003989937249571085 0.02880274332392782 -0.16288320851884783
v -0.002981433877721429 0.02807002249438137 -0.16288320851884783
v -0.0018426274182274938 0.027562993255293072 -0.16288320851884783
v -0.0006232893792912364 0.027303815030342043 -0.16288320851884783
v 0.0006232893792912364 0.027303815030342043 -0.16288320851884783
v 0.0018426274182274938 0.027562993255293072 -0.16288320851884783
v 0.002981433877721429 0.02807002249438137 -0.16288320851884783
v 0.003989937249571085 0.02880274332392782 -0.16288320851884783
v 0.0048240614123642445 0.02972913198437363 -0.16288320851884783
v 0.005447350908070803 0.030808700856601895 -0.16288320851884783
v 0.005832564551383257 0.03199426762558341 -0.16288320851884783
v 0.005962867755442858 0.03323401757780284 -0.16288320851884783
v 0.00559999980032444 0.03323401757780284 -0.16400000049173832
v 0.005477626342326403 0.034398323067313136 -0.16400000049173832
v 0.005115854553878307 0.03551174272116095 -0.16400000049173832
v 0.004530495032668114 0.03652561493482262 -0.16400000049173832
v 0.0037471314426511526 0.037395628777181805 -0.16400000049173832
v 0.00279999990016222 0.03808375974450082 -0.16400000049173832
v 0.0017304951325058937 0.0385599342666921 -0.16400000049173832
v 0.0005853594047948718 0.03880334007818073 -0.16400000049173832
v -0.0005853594047948718 0.03880334007818073 -0.16400000049173832
v -0.0017304951325058937 0.0385599342666921 -0.16400000049173832
v -0.00279999990016222 0.03808375974450082 -0.16400000049173832
v -0.0037471314426511526 0.037395628777181805 -0.16400000049173832
v -0.004530495032668114 0.03652561493482262 -0.16400000049173832
v -0.005115854553878307 0.03551174272116095 -0.16400000049173832
v -0.005477626342326403 0.034398323067313136 -0.16400000049173832
v -0.00559999980032444 0.03323401757780284 -0.16400000049173832
v -0.005477626342326403 0.03206971208829254 -0.16400000049173832
v -0.005115854553878307 0.030956292434444727 -0.16400000049173832
v -0.004530495032668114 0.029942420220783056 -0.16400000049173832
v -0.0037471314426511526 0.02907240637842387 -0.16400000049173832
v -0.00279999990016222 0.02838427541110486 -0.16400000049173832
v -0.0017304951325058937 0.027908100888913573 -0.16400000049173832
v -0.0005853594047948718 0.027664695077424944 -0.16400000049173832
v 0.0005853594047948718 0.027664695077424944 -0.16400000049173832
v 0.0017304951325058937 0.027908100888913573 -0.16400000049173832
v 0.00279999990016222 0.02838427541110486 -0.16400000049173832
v 0.0037471314426511526 0.02907240637842387 -0.16400000049173832
v 0.004530495032668114 0.029942420220783056 -0.16400000049173832
v 0.005115854553878307 0.030956292434444727 -0.16400000049173832
v 0.005477626342326403 0.03206971208829254 -0.16400000049173832
v 0.00559999980032444 0.03323401757780284 -0.16400000049173832
v 0.005962867755442858 0.03323401757780284 -0.16511679246462882
v 0.005832564551383257 0.034473767530022265 -0.16511679246462882
v 0.005447350908070803 0.03565933429900378 -0.16511679246462882
v 0.0048240614123642445 0.036738903171232046 -0.16511679246462882
v 0.003989937249571085 0.037665291831677855 -0.16511679246462882
v 0.002981433877721429 0.03839801266122431 -0.16511679246462882
v 0.0018426274182274938 0.038905041900312604 -0.16511679246462882
v 0.0006232893792912364 0.03916422012526363 -0.16511679246462882
v -0.0006232893792912364 0.03916422012526363 -0.16511679246462882
v -0.0018426274182274938 0.038905041900312604 -0.16511679246462882
v -0.002981433877721429 0.03839801266122431 -0.16511679246462882
v -0.003989937249571085 0.037665291831677855 -0.16511679246462882
v -0.0048240614123642445 0.036738903171232046 -0.16511679246462882
v -0.005447350908070803 0.03565933429900378 -0.16511679246462882
v -0.005832564551383257 0.034473767530022265 -0.16511679246462882
v -0.005962867755442858 0.03323401757780284 -0.16511679246462882
v -0.005832564551383257 0.03199426762558341 -0.16511679246462882
v -0.005447350908070803 0.030808700856601895 -0.16511679246462882
v -0.0048240614123642445 0.02972913198437363 -0.16511679246462882
v -0.003989937249571085 0.02880274332392782 -0.16511679246462882
v -0.002981433877721429 0.02807002249438137 -0.16511679246462882
v -0.0018426274182274938 0.027562993255293072 -0.16511679246462882
v -0.0006232893792912364 0.027303815030342043 -0.16511679246462882
v 0.0006232893792912364 0.027303815030342043 -0.16511679246462882
v 0.0018426274182274938 0.027562993255293072 -0.16511679246462882
v 0.002981433877721429 0.02807002249438137 -0.16511679246462882
v 0.003989937249571085 0.02880274332392782 -0.16511679246462882
v 0.0048240614123642445 0.02972913198437363 -0.16511679246462882
v 0.005447350908070803 0.030808700856601895 -0.16511679246462882
v 0.005832564551383257 0.03199426762558341 -0.16511679246462882
v 0.005962867755442858 0.03323401757780284 -0.16511679246462882
v 0.006912867538630962 0.03323401757780284 -0.16580700784828514
v 0.0067618051543831825 0.034671283585799934 -0.16580700784828514
v 0.00631521875038743 0.03604573421444565 -0.16580700784828514
v 0.005592627450823784 0.037297299274092616 -0.16580700784828514
v 0.00462561147287488 0.03837127951238126 -0.16580700784828514
v 0.003456433769315481 0.0392207365043816 -0.16580700784828514
v 0.0021361936815083027 0.03980854540396303 -0.16580700784828514
v 0.0007225914159789681 0.040109015677904786 -0.16580700784828514
v -0.0007225914159789681 0.040109015677904786 -0.16580700784828514
v -0.0021361936815083027 0.03980854540396303 -0.16580700784828514
v -0.003456433769315481 0.0392207365043816 -0.16580700784828514
v -0.00462561147287488 0.03837127951238126 -0.16580700784828514
v -0.005592627450823784 0.037297299274092616 -0.16580700784828514
v -0.00631521875038743 0.03604573421444565 -0.16580700784828514
v -0.0067618051543831825 0.034671283585799934 -0.16580700784828514
v -0.006912867538630962 0.03323401757780284 -0.16580700784828514
v -0.0067618051543831825 0.03179675156980574 -0.16580700784828514
v -0.00631521875038743 0.030422300941160024 -0.16580700784828514
v -0.005592627450823784 0.02917073588151306 -0.16580700784828514
v -0.00462561147287488 0.02809675564322442 -0.16580700784828514
v -0.003456433769315481 0.027247298651224078 -0.16580700784828514
v -0.0021361936815083027 0.026659489751642645 -0.16580700784828514
v -0.0007225914159789681 0.02635901947770089 -0.16580700784828514
v 0.0007225914159789681 0.02635901947770089 -0.16580700784828514
v 0.0021361936815083027 0.026659489751642645 -0.16580700784828514
v 0.003456433769315481 0.027247298651224078 -0.16580700784828514
v 0.00462561147287488 0.02809675564322442 -0.16580700784828514
v 0.005592627450823784 0.02917073588151306 -0.16580700784828514
v 0.00631521875038743 0.030422300941160024 -0.16580700784828514
v 0.0067618051543831825 0.03179675156980574 -0.16580700784828514
v 0.006912867538630962 0.03323401757780284 -0.16580700784828514
v 0.00808713212609291 0.03323401757780284 -0.16580700784828514
v 0.00791040901094675 0.034915426888352336 -0.16580700784828514
v 0.007387963123619556 0.036523350656813086 -0.16580700784828514
v 0.0065426272340118885 0.03798751454133362 -0.16580700784828514
v 0.0054113478399813175 0.03924392829913467 -0.16580700784828514
v 0.004043566063046455 0.04023767975423306 -0.16580700784828514
v 0.0024990614037960768 0.04092533760968417 -0.16580700784828514
v 0.0008453354821540415 0.041276847620343865 -0.16580700784828514
v -0.0008453354821540415 0.041276847620343865 -0.16580700784828514
v -0.0024990614037960768 0.04092533760968417 -0.16580700784828514
v -0.004043566063046455 0.04023767975423306 -0.16580700784828514
v -0.0054113478399813175 0.03924392829913467 -0.16580700784828514
v -0.0065426272340118885 0.03798751454133362 -0.16580700784828514
v -0.007387963123619556 0.036523350656813086 -0.16580700784828514
v -0.00791040901094675 0.034915426888352336 -0.16580700784828514
v -0.00808713212609291 0.03323401757780284 -0.16580700784828514
v -0.00791040901094675 0.03155260826725334 -0.16580700784828514
v -0.007387963123619556 0.02994468449879259 -0.16580700784828514
v -0.0065426272340118885 0.02848052061427206 -0.16580700784828514
v -0.0054113478399813175 0.027224106856471003 -0.16580700784828514
v -0.004043566063046455 0.026230355401372613 -0.16580700784828514
v -0.0024990614037960768 0.025542697545921506 -0.16580700784828514
v -0.0008453354821540415 0.02519118753526181 -0.16580700784828514
v 0.0008453354821540415 0.02519118753526181 -0.16580700784828514
v 0.0024990614037960768 0.025542697545921506 -0.16580700784828514
v 0.004043566063046455 0.026230355401372613 -0.16580700784828514
v 0.0054113478399813175 0.027224106856471003 -0.16580700784828514
v 0.0065426272340118885 0.02848052061427206 -0.16580700784828514
v 0.007387963123619556 0.02994468449879259 -0.16580700784828514
v 0.00791040901094675 0.03155260826725334 -0.16580700784828514
v 0.00808713212609291 0.03323401757780284 -0.16580700784828514
v 0.009037132374942303 0.03323401757780284 -0.16511679246462882
v 0.008839649148285389 0.035112943060545326 -0.16511679246462882
v 0.008255830965936184 0.03690975033942431 -0.16511679246462882
v 0.007311193738132715 0.03854591087702483 -0.16511679246462882
v 0.006047021597623825 0.03994991551417679 -0.16511679246462882
v 0.004518566187471151 0.041060403597390355 -0.16511679246462882
v 0.002792627550661564 0.041828841578995885 -0.16511679246462882
v 0.0009446375770494342 0.042221643638646306 -0.16511679246462882
v -0.0009446375770494342 0.042221643638646306 -0.16511679246462882
v -0.002792627550661564 0.041828841578995885 -0.16511679246462882
v -0.004518566187471151 0.041060403597390355 -0.16511679246462882
v -0.006047021597623825 0.03994991551417679 -0.16511679246462882
v -0.007311193738132715 0.03854591087702483 -0.16511679246462882
v -0.008255830965936184 0.03690975033942431 -0.16511679246462882
v -0.008839649148285389 0.035112943060545326 -0.16511679246462882
v -0.009037132374942303 0.03323401757780284 -0.16511679246462882
v -0.008839649148285389 0.03135509209506035 -0.16511679246462882
v -0.008255830965936184 0.029558284816181363 -0.16511679246462882
v -0.007311193738132715 0.027922124278580845 -0.16511679246462882
v -0.006047021597623825 0.02651811964142889 -0.16511679246462882
v -0.004518566187471151 0.02540763155821532 -0.16511679246462882
v -0.002792627550661564 0.02463919357660979 -0.16511679246462882
v -0.0009446375770494342 0.02424639151695937 -0.16511679246462882
v 0.0009446375770494342 0.02424639151695937 -0.16511679246462882
v 0.002792627550661564 0.02463919357660979 -0.16511679246462882
v 0.004518566187471151 0.02540763155821532 -0.16511679246462882
v 0.006047021597623825 0.02651811964142889 -0.16511679246462882
v 0.007311193738132715 0.027922124278580845 -0.16511679246462882
v 0.008255830965936184 0.029558284816181363 -0.16511679246462882
v 0.008839649148285389 0.03135509209506035 -0.16511679246462882
v 0.009037132374942303 0.03323401757780284 -0.16511679246462882
v 0.009399999864399433 0.03323401757780284 -0.16400000049173832
v 0.009194587357342243 0.035188387523254455 -0.16400000049173832
v 0.008587326854467392 0.037057341917267145 -0.16400000049173832
v 0.007604759652167559 0.038759199113434256 -0.16400000049173832
v 0.006289827637374401 0.040219579034334124 -0.16400000049173832
v 0.004699999932199717 0.04137465604845256 -0.16400000049173832
v 0.002904759719967842 0.0421739487469551 -0.16400000049173832
v 0.0009825675515457988 0.04258252368572921 -0.16400000049173832
v -0.0009825675515457988 0.04258252368572921 -0.16400000049173832
v -0.002904759719967842 0.0421739487469551 -0.16400000049173832
v -0.004699999932199717 0.04137465604845256 -0.16400000049173832
v -0.006289827637374401 0.040219579034334124 -0.16400000049173832
v -0.007604759652167559 0.038759199113434256 -0.16400000049173832
v -0.008587326854467392 0.037057341917267145 -0.16400000049173832
v -0.009194587357342243 0.035188387523254455 -0.16400000049173832
v -0.009399999864399433 0.03323401757780284 -0.16400000049173832
v -0.009194587357342243 0.03127964763235122 -0.16400000049173832
v -0.008587326854467392 0.02941069323833853 -0.16400000049173832
v -0.007604759652167559 0.02770883604217142 -0.16400000049173832
v -0.006289827637374401 0.02624845612127155 -0.16400000049173832
v -0.004699999932199717 0.02509337910715312 -0.16400000049173832
v -0.002904759719967842 0.024294086408650578 -0.16400000049173832
v -0.0009825675515457988 0.02388551146987647 -0.16400000049173832
v 0.0009825675515457988 0.02388551146987647 -0.16400000049173832
v 0.002904759719967842 0.024294086408650578 -0.16400000049173832
v 0.004699999932199717 0.02509337910715312 -0.16400000049173832
v 0.006289827637374401 0.02624845612127155 -0.16400000049173832
v 0.007604759652167559 0.02770883604217142 -0.16400000049173832
v 0.008587326854467392 0.02941069323833853 -0.16400000049173832
v 0.009194587357342243 0.03127964763235122 -0.16400000049173832
v 0.009399999864399433 0.03323401757780284 -0.16400000049173832
vt 0 0
vt 0.03333333507180214 0
vt 0.06666667014360428 0
vt 0.10000000149011612 0
vt 0.13333334028720856 0
vt 0.1666666716337204 0
vt 0.20000000298023224 0
vt 0.23333333432674408 0
vt 0.2666666805744171 0
vt 0.30000001192092896 0
vt 0.3333333432674408 0
vt 0.36666667461395264 0
vt 0.4000000059604645 0
vt 0.4333333373069763 0
vt 0.46666666865348816 0
vt 0.5 0
vt 0.5333333611488342 0
vt 0.5666666626930237 0
vt 0.6000000238418579 0
vt 0.6333333253860474 0
vt 0.6666666865348816 0
vt 0.699999988079071 0
vt 0.7333333492279053 0
vt 0.7666666507720947 0
vt 0.800000011920929 0
vt 0.8333333134651184 0
vt 0.8666666746139526 0
vt 0.8999999761581421 0
vt 0.9333333373069763 0
vt 0.9666666388511658 0
vt 1 0
vt 0 0.10000000149011612
vt 0.03333333507180214 0.10000000149011612
vt 0.06666667014360428 0.10000000149011612
vt 0.10000000149011612 0.10000000149011612
vt 0.13333334028720856 0.10000000149011612
vt 0.1666666716337204 0.10000000149011612
vt 0.20000000298023224 0.10000000149011612
vt 0.23333333432674408 0.10000000149011612
vt 0.2666666805744171 0.10000000149011612
vt 0.30000001192092896 0.10000000149011612
vt 0.3333333432674408 0.10000000149011612
vt 0.36666667461395264 0.10000000149011612
vt 0.4000000059604645 0.10000000149011612
vt 0.4333333373069763 0.10000000149011612
vt 0.46666666865348816 0.10000000149011612
vt 0.5 0.10000000149011612
vt 0.5333333611488342 0.10000000149011612
vt 0.5666666626930237 0.10000000149011612
vt 0.6000000238418579 0.10000000149011612
vt 0.6333333253860474 0.10000000149011612
vt 0.6666666865348816 0.10000000149011612
vt 0.699999988079071 0.10000000149011612
vt 0.7333333492279053 0.10000000149011612
vt 0.7666666507720947 0.10000000149011612
vt 0.800000011920929 0.10000000149011612
vt 0.8333333134651184 0.10000000149011612
vt 0.8666666746139526 0.10000000149011612
vt 0.8999999761581421 0.10000000149011612
vt 0.9333333373069763 0.10000000149011612
vt 0.9666666388511658 0.10000000149011612
vt 1 0.10000000149011612
vt 0 0.20000000298023224
vt 0.03333333507180214 0.20000000298023224
vt 0.06666667014360428 0.20000000298023224
vt 0.10000000149011612 0.20000000298023224
vt 0.13333334028720856 0.20000000298023224
vt 0.1666666716337204 0.20000000298023224
vt 0.20000000298023224 0.20000000298023224
vt 0.23333333432674408 0.20000000298023224
vt 0.2666666805744171 0.20000000298023224
vt 0.30000001192092896 0.20000000298023224
vt 0.3333333432674408 0.20000000298023224
vt 0.36666667461395264 0.20000000298023224
vt 0.4000000059604645 0.20000000298023224
vt 0.4333333373069763 0.20000000298023224
vt 0.46666666865348816 0.20000000298023224
vt 0.5 0.20000000298023224
vt 0.5333333611488342 0.20000000298023224
vt 0.5666666626930237 0.20000000298023224
vt 0.6000000238418579 0.20000000298023224
vt 0.6333333253860474 0.20000000298023224
vt 0.6666666865348816 0.20000000298023224
vt 0.699999988079071 0.20000000298023224
vt 0.7333333492279053 0.20000000298023224
vt 0.7666666507720947 0.20000000298023224
vt 0.800000011920929 0.20000000298023224
vt 0.8333333134651184 0.20000000298023224
vt 0.8666666746139526 0.20000000298023224
vt 0.8999999761581421 0.20000000298023224
vt 0.9333333373069763 0.20000000298023224
vt 0.9666666388511658 0.20000000298023224
vt 1 0.20000000298023224
vt 0 0.30000001192092896
vt 0.03333333507180214 0.30000001192092896
vt 0.06666667014360428 0.30000001192092896
vt 0.10000000149011612 0.30000001192092896
vt 0.13333334028720856 0.30000001192092896
vt 0.1666666716337204 0.30000001192092896
vt 0.20000000298023224 0.30000001192092896
vt 0.23333333432674408 0.30000001192092896
vt 0.2666666805744171 0.30000001192092896
vt 0.30000001192092896 0.30000001192092896
vt 0.3333333432674408 0.30000001192092896
vt 0.36666667461395264 0.30000001192092896
vt 0.4000000059604645 0.30000001192092896
vt 0.4333333373069763 0.30000001192092896
vt 0.46666666865348816 0.30000001192092896
vt 0.5 0.30000001192092896
vt 0.5333333611488342 0.30000001192092896
vt 0.5666666626930237 0.30000001192092896
vt 0.6000000238418579 0.30000001192092896
vt 0.6333333253860474 0.30000001192092896
vt 0.6666666865348816 0.30000001192092896
vt 0.699999988079071 0.30000001192092896
vt 0.7333333492279053 0.30000001192092896
vt 0.7666666507720947 0.30000001192092896
vt 0.800000011920929 0.30000001192092896
vt 0.8333333134651184 0.30000001192092896
vt 0.8666666746139526 0.30000001192092896
vt 0.8999999761581421 0.30000001192092896
vt 0.9333333373069763 0.30000001192092896
vt 0.9666666388511658 0.30000001192092896
vt 1 0.30000001192092896
vt 0 0.4000000059604645
vt 0.03333333507180214 0.4000000059604645
vt 0.06666667014360428 0.4000000059604645
vt 0.10000000149011612 0.4000000059604645
vt 0.13333334028720856 0.4000000059604645
vt 0.1666666716337204 0.4000000059604645
vt 0.20000000298023224 0.4000000059604645
vt 0.23333333432674408 0.4000000059604645
vt 0.2666666805744171 0.4000000059604645
vt 0.30000001192092896 0.4000000059604645
vt 0.3333333432674408 0.4000000059604645
vt 0.36666667461395264 0.4000000059604645
vt 0.4000000059604645 0.4000000059604645
vt 0.4333333373069763 0.4000000059604645
vt 0.46666666865348816 0.4000000059604645
vt 0.5 0.4000000059604645
vt 0.5333333611488342 0.4000000059604645
vt 0.5666666626930237 0.4000000059604645
vt 0.6000000238418579 0.4000000059604645
vt 0.6333333253860474 0.4000000059604645
vt 0.6666666865348816 0.4000000059604645
vt 0.699999988079071 0.4000000059604645
vt 0.7333333492279053 0.4000000059604645
vt 0.7666666507720947 0.4000000059604645
vt 0.800000011920929 0.4000000059604645
vt 0.8333333134651184 0.4000000059604645
vt 0.8666666746139526 0.4000000059604645
vt 0.8999999761581421 0.4000000059604645
vt 0.9333333373069763 0.4000000059604645
vt 0.9666666388511658 0.4000000059604645
vt 1 0.4000000059604645
vt 0 0.5
vt 0.03333333507180214 0.5
vt 0.06666667014360428 0.5
vt 0.10000000149011612 0.5
vt 0.13333334028720856 0.5
vt 0.1666666716337204 0.5
vt 0.20000000298023224 0.5
vt 0.23333333432674408 0.5
vt 0.2666666805744171 0.5
vt 0.30000001192092896 0.5
vt 0.3333333432674408 0.5
vt 0.36666667461395264 0.5
vt 0.4000000059604645 0.5
vt 0.4333333373069763 0.5
vt 0.46666666865348816 0.5
vt 0.5 0.5
vt 0.5333333611488342 0.5
vt 0.5666666626930237 0.5
vt 0.6000000238418579 0.5
vt 0.6333333253860474 0.5
vt 0.6666666865348816 0.5
vt 0.699999988079071 0.5
vt 0.7333333492279053 0.5
vt 0.7666666507720947 0.5
vt 0.800000011920929 0.5
vt 0.8333333134651184 0.5
vt 0.8666666746139526 0.5
vt 0.8999999761581421 0.5
vt 0.9333333373069763 0.5
vt 0.9666666388511658 0.5
vt 1 0.5
vt 0 0.6000000238418579
vt 0.03333333507180214 0.6000000238418579
vt 0.06666667014360428 0.6000000238418579
vt 0.10000000149011612 0.6000000238418579
vt 0.13333334028720856 0.6000000238418579
vt 0.1666666716337204 0.6000000238418579
vt 0.20000000298023224 0.6000000238418579
vt 0.23333333432674408 0.6000000238418579
vt 0.2666666805744171 0.6000000238418579
vt 0.30000001192092896 0.6000000238418579
vt 0.3333333432674408 0.6000000238418579
vt 0.36666667461395264 0.6000000238418579
vt 0.4000000059604645 0.6000000238418579
vt 0.4333333373069763 0.6000000238418579
vt 0.46666666865348816 0.6000000238418579
vt 0.5 0.6000000238418579
vt 0.5333333611488342 0.6000000238418579
vt 0.5666666626930237 0.6000000238418579
vt 0.6000000238418579 0.6000000238418579
vt 0.6333333253860474 0.6000000238418579
vt 0.6666666865348816 0.6000000238418579
vt 0.699999988079071 0.6000000238418579
vt 0.7333333492279053 0.6000000238418579
vt 0.7666666507720947 0.6000000238418579
vt 0.800000011920929 0.6000000238418579
vt 0.8333333134651184 0.6000000238418579
vt 0.8666666746139526 0.6000000238418579
vt 0.8999999761581421 0.6000000238418579
vt 0.9333333373069763 0.6000000238418579
vt 0.9666666388511658 0.6000000238418579
vt 1 0.6000000238418579
vt 0 0.699999988079071
vt 0.03333333507180214 0.699999988079071
vt 0.06666667014360428 0.699999988079071
vt 0.10000000149011612 0.699999988079071
vt 0.13333334028720856 0.699999988079071
vt 0.1666666716337204 0.699999988079071
vt 0.20000000298023224 0.699999988079071
vt 0.23333333432674408 0.699999988079071
vt 0.2666666805744171 0.699999988079071
vt 0.30000001192092896 0.699999988079071
vt 0.3333333432674408 0.699999988079071
vt 0.36666667461395264 0.699999988079071
vt 0.4000000059604645 0.699999988079071
vt 0.4333333373069763 0.699999988079071
vt 0.46666666865348816 0.699999988079071
vt 0.5 0.699999988079071
vt 0.5333333611488342 0.699999988079071
vt 0.5666666626930237 0.699999988079071
vt 0.6000000238418579 0.699999988079071
vt 0.6333333253860474 0.699999988079071
vt 0.6666666865348816 0.699999988079071
vt 0.699999988079071 0.699999988079071
vt 0.7333333492279053 0.699999988079071
vt 0.7666666507720947 0.699999988079071
vt 0.800000011920929 0.699999988079071
vt 0.8333333134651184 0.699999988079071
vt 0.8666666746139526 0.699999988079071
vt 0.8999999761581421 0.699999988079071
vt 0.9333333373069763 0.699999988079071
vt 0.9666666388511658 0.699999988079071
vt 1 0.699999988079071
vt 0 0.800000011920929
vt 0.03333333507180214 0.800000011920929
vt 0.06666667014360428 0.800000011920929
vt 0.10000000149011612 0.800000011920929
vt 0.13333334028720856 0.800000011920929
vt 0.1666666716337204 0.800000011920929
vt 0.20000000298023224 0.800000011920929
vt 0.23333333432674408 0.800000011920929
vt 0.2666666805744171 0.800000011920929
vt 0.30000001192092896 0.800000011920929
vt 0.3333333432674408 0.800000011920929
vt 0.36666667461395264 0.800000011920929
vt 0.4000000059604645 0.800000011920929
vt 0.4333333373069763 0.800000011920929
vt 0.46666666865348816 0.800000011920929
vt 0.5 0.800000011920929
vt 0.5333333611488342 0.800000011920929
vt 0.5666666626930237 0.800000011920929
vt 0.6000000238418579 0.800000011920929
vt 0.6333333253860474 0.800000011920929
vt 0.6666666865348816 0.800000011920929
vt 0.699999988079071 0.800000011920929
vt 0.7333333492279053 0.800000011920929
vt 0.7666666507720947 0.800000011920929
vt 0.800000011920929 0.800000011920929
vt 0.8333333134651184 0.800000011920929
vt 0.8666666746139526 0.800000011920929
vt 0.8999999761581421 0.800000011920929
vt 0.9333333373069763 0.800000011920929
vt 0.9666666388511658 0.800000011920929
vt 1 0.800000011920929
vt 0 0.8999999761581421
vt 0.03333333507180214 0.8999999761581421
vt 0.06666667014360428 0.8999999761581421
vt 0.10000000149011612 0.8999999761581421
vt 0.13333334028720856 0.8999999761581421
vt 0.1666666716337204 0.8999999761581421
vt 0.20000000298023224 0.8999999761581421
vt 0.23333333432674408 0.8999999761581421
vt 0.2666666805744171 0.8999999761581421
vt 0.30000001192092896 0.8999999761581421
vt 0.3333333432674408 0.8999999761581421
vt 0.36666667461395264 0.8999999761581421
vt 0.4000000059604645 0.8999999761581421
vt 0.4333333373069763 0.8999999761581421
vt 0.46666666865348816 0.8999999761581421
vt 0.5 0.8999999761581421
vt 0.5333333611488342 0.8999999761581421
vt 0.5666666626930237 0.8999999761581421
vt 0.6000000238418579 0.8999999761581421
vt 0.6333333253860474 0.8999999761581421
vt 0.6666666865348816 0.8999999761581421
vt 0.699999988079071 0.8999999761581421
vt 0.7333333492279053 0.8999999761581421
vt 0.7666666507720947 0.8999999761581421
vt 0.800000011920929 0.8999999761581421
vt 0.8333333134651184 0.8999999761581421
vt 0.8666666746139526 0.8999999761581421
vt 0.8999999761581421 0.8999999761581421
vt 0.9333333373069763 0.8999999761581421
vt 0.9666666388511658 0.8999999761581421
vt 1 0.8999999761581421
vt 0 1
vt 0.03333333507180214 1
vt 0.06666667014360428 1
vt 0.10000000149011612 1
vt 0.13333334028720856 1
vt 0.1666666716337204 1
vt 0.20000000298023224 1
vt 0.23333333432674408 1
vt 0.2666666805744171 1
vt 0.30000001192092896 1
vt 0.3333333432674408 1
vt 0.36666667461395264 1
vt 0.4000000059604645 1
vt 0.4333333373069763 1
vt 0.46666666865348816 1
vt 0.5 1
vt 0.5333333611488342 1
vt 0.5666666626930237 1
vt 0.6000000238418579 1
vt 0.6333333253860474 1
vt 0.6666666865348816 1
vt 0.699999988079071 1
vt 0.7333333492279053 1
vt 0.7666666507720947 1
vt 0.800000011920929 1
vt 0.8333333134651184 1
vt 0.8666666746139526 1
vt 0.8999999761581421 1
vt 0.9333333373069763 1
vt 0.9666666388511658 1
vt 1 1
vn 1 0 0
vn 0.9781476029836251 0.2079116802331908 0
vn 0.9135454533753186 0.40673665266027326 0
vn 0.8090170011595983 0.5877852429542022 0
vn 0.6691306233342523 0.7431448101926803 0
vn 0.5000000067305869 0.8660253998985324 0
vn 0.3090169948284817 0.9510565161477913 0
vn 0.10452846222910053 0.9945218954774298 0
vn -0.10452846222910053 0.9945218954774298 0
vn -0.3090169948284817 0.9510565161477913 0
vn -0.5000000067305869 0.8660253998985324 0
vn -0.6691306233342523 0.7431448101926803 0
vn -0.8090170011595983 0.5877852429542022 0
vn -0.9135454533753186 0.40673665266027326 0
vn -0.9781476029836251 0.2079116802331908 0
vn -1 1.2246468525851679e-16 0
vn -0.9781476029836251 -0.2079116802331908 0
vn -0.9135454533753186 -0.40673665266027326 0
vn -0.8090170011595983 -0.5877852429542022 0
vn -0.6691306233342523 -0.7431448101926803 0
vn -0.5000000067305869 -0.8660253998985324 0
vn -0.3090169948284817 -0.9510565161477913 0
vn -0.10452846222910053 -0.9945218954774298 0
vn 0.10452846222910053 -0.9945218954774298 0
vn 0.3090169948284817 -0.9510565161477913 0
vn 0.5000000067305869 -0.8660253998985324 0
vn 0.6691306233342523 -0.7431448101926803 0
vn 0.8090170011595983 -0.5877852429542022 0
vn 0.9135454533753186 -0.40673665266027326 0
vn 0.9781476029836251 -0.2079116802331908 0
vn 1 -2.4492937051703357e-16 0
vn 0.8090170011595983 0 0.5877852429542022
vn 0.7913380347694764 0.1682040857914516 0.5877852501128663
vn 0.7390738090735351 0.3290568572853501 0.5877852408958771
vn 0.6545084820016838 0.4755282776441266 0.5877852534290582
vn 0.5413380307816883 0.6012167977894 0.5877852486114834
vn 0.40450849559501084 0.7006292840523903 0.5877852357108809
vn 0.25000000547057527 0.7694208790345749 0.5877852568501308
vn 0.08456530567360536 0.8045851130530445 0.5877852540934906
vn -0.08456530567360536 0.8045851130530445 0.5877852540934906
vn -0.25000000547057527 0.7694208790345749 0.5877852568501308
vn -0.40450849559501084 0.7006292840523903 0.5877852357108809
vn -0.5413380307816883 0.6012167977894 0.5877852486114834
vn -0.6545084820016838 0.4755282776441266 0.5877852534290582
vn -0.7390738090735351 0.3290568572853501 0.5877852408958771
vn -0.7913380347694764 0.1682040857914516 0.5877852501128663
vn -0.8090170011595983 9.907600768053078e-17 0.5877852429542022
vn -0.7913380347694764 -0.1682040857914516 0.5877852501128663
vn -0.7390738090735351 -0.3290568572853501 0.5877852408958771
vn -0.6545084820016838 -0.4755282776441266 0.5877852534290582
vn -0.5413380307816883 -0.6012167977894 0.5877852486114834
vn -0.40450849559501084 -0.7006292840523903 0.5877852357108809
vn -0.25000000547057527 -0.7694208790345749 0.5877852568501308
vn -0.08456530567360536 -0.8045851130530445 0.5877852540934906
vn 0.08456530567360536 -0.8045851130530445 0.5877852540934906
vn 0.25000000547057527 -0.7694208790345749 0.5877852568501308
vn 0.40450849559501084 -0.7006292840523903 0.5877852357108809
vn 0.5413380307816883 -0.6012167977894 0.5877852486114834
vn 0.6545084820016838 -0.4755282776441266 0.5877852534290582
vn 0.7390738090735351 -0.3290568572853501 0.5877852408958771
vn 0.7913380347694764 -0.1682040857914516 0.5877852501128663
vn 0.8090170011595983 -1.9815201536106157e-16 0.5877852429542022
vn 0.3090169948284817 0 0.9510565161477913
vn 0.30226423541356434 0.06424824724475749 0.9510565149957335
vn 0.2823010620896563 0.12568853518760317 0.9510565190699483
vn 0.24999999431051087 0.18163562897734423 0.9510565183682562
vn 0.20677272539690164 0.2296443682197275 0.9510565199697123
vn 0.15450849759791035 0.267616563598785 0.9510565172783444
vn 0.09549150409137153 0.2938926156295723 0.9510565194165781
vn 0.03230107126126292 0.30732416374025573 0.951056517340966
vn -0.03230107126126292 0.30732416374025573 0.951056517340966
vn -0.09549150409137153 0.2938926156295723 0.9510565194165781
vn -0.15450849759791035 0.267616563598785 0.9510565172783444
vn -0.20677272539690164 0.2296443682197275 0.9510565199697123
vn -0.24999999431051087 0.18163562897734423 0.9510565183682562
vn -0.2823010620896563 0.12568853518760317 0.9510565190699483
vn -0.30226423541356434 0.06424824724475749 0.9510565149957335
vn -0.3090169948284817 3.784366758465668e-17 0.9510565161477913
vn -0.30226423541356434 -0.06424824724475749 0.9510565149957335
vn -0.2823010620896563 -0.12568853518760317 0.9510565190699483
vn -0.24999999431051087 -0.18163562897734423 0.9510565183682562
vn -0.20677272539690164 -0.2296443682197275 0.9510565199697123
vn -0.15450849759791035 -0.267616563598785 0.9510565172783444
vn -0.09549150409137153 -0.2938926156295723 0.9510565194165781
vn -0.03230107126126292 -0.30732416374025573 0.951056517340966
vn 0.03230107126126292 -0.30732416374025573 0.951056517340966
vn 0.09549150409137153 -0.2938926156295723 0.9510565194165781
vn 0.15450849759791035 -0.267616563598785 0.9510565172783444
vn 0.20677272539690164 -0.2296443682197275 0.9510565199697123
vn 0.24999999431051087 -0.18163562897734423 0.9510565183682562
vn 0.2823010620896563 -0.12568853518760317 0.9510565190699483
vn 0.30226423541356434 -0.06424824724475749 0.9510565149957335
vn 0.3090169948284817 -7.568733516931335e-17 0.9510565161477913
vn -0.3090169948284817 0 0.9510565161477913
vn -0.30226423541356434 -0.06424824724475749 0.9510565149957335
vn -0.2823010620896563 -0.12568853518760317 0.9510565190699483
vn -0.24999999431051087 -0.18163562897734423 0.9510565183682562
vn -0.20677272539690164 -0.2296443682197275 0.9510565199697123
vn -0.15450849759791035 -0.267616563598785 0.9510565172783444
vn -0.09549150409137153 -0.2938926156295723 0.9510565194165781
vn -0.03230107126126292 -0.30732416374025573 0.951056517340966
vn 0.03230107126126292 -0.30732416374025573 0.951056517340966
vn 0.09549150409137153 -0.2938926156295723 0.9510565194165781
vn 0.15450849759791035 -0.267616563598785 0.9510565172783444
vn 0.20677272539690164 -0.2296443682197275 0.9510565199697123
vn 0.24999999431051087 -0.18163562897734423 0.9510565183682562
vn 0.2823010620896563 -0.12568853518760317 0.9510565190699483
vn 0.30226423541356434 -0.06424824724475749 0.9510565149957335
vn 0.3090169948284817 -3.784366758465668e-17 0.9510565161477913
vn 0.30226423541356434 0.06424824724475749 0.9510565149957335
vn 0.2823010620896563 0.12568853518760317 0.9510565190699483
vn 0.24999999431051087 0.18163562897734423 0.9510565183682562
vn 0.20677272539690164 0.2296443682197275 0.9510565199697123
vn 0.15450849759791035 0.267616563598785 0.9510565172783444
vn 0.09549150409137153 0.2938926156295723 0.9510565194165781
vn 0.03230107126126292 0.30732416374025573 0.951056517340966
vn -0.03230107126126292 0.30732416374025573 0.951056517340966
vn -0.09549150409137153 0.2938926156295723 0.9510565194165781
vn -0.15450849759791035 0.267616563598785 0.9510565172783444
vn -0.20677272539690164 0.2296443682197275 0.9510565199697123
vn -0.24999999431051087 0.18163562897734423 0.9510565183682562
vn -0.2823010620896563 0.12568853518760317 0.9510565190699483
vn -0.30226423541356434 0.06424824724475749 0.9510565149957335
vn -0.3090169948284817 7.568733516931335e-17 0.9510565161477913
vn -0.8090170011595983 0 0.5877852429542022
vn -0.7913380347694764 -0.1682040857914516 0.5877852501128663
vn -0.7390738090735351 -0.3290568572853501 0.5877852408958771
vn -0.6545084820016838 -0.4755282776441266 0.5877852534290582
vn -0.5413380307816883 -0.6012167977894 0.5877852486114834
vn -0.40450849559501084 -0.7006292840523903 0.5877852357108809
vn -0.25000000547057527 -0.7694208790345749 0.5877852568501308
vn -0.08456530567360536 -0.8045851130530445 0.5877852540934906
vn 0.08456530567360536 -0.8045851130530445 0.5877852540934906
vn 0.25000000547057527 -0.7694208790345749 0.5877852568501308
vn 0.40450849559501084 -0.7006292840523903 0.5877852357108809
vn 0.5413380307816883 -0.6012167977894 0.5877852486114834
vn 0.6545084820016838 -0.4755282776441266 0.5877852534290582
vn 0.7390738090735351 -0.3290568572853501 0.5877852408958771
vn 0.7913380347694764 -0.1682040857914516 0.5877852501128663
vn 0.8090170011595983 -9.907600768053078e-17 0.5877852429542022
vn 0.7913380347694764 0.1682040857914516 0.5877852501128663
vn 0.7390738090735351 0.3290568572853501 0.5877852408958771
vn 0.6545084820016838 0.4755282776441266 0.5877852534290582
vn 0.5413380307816883 0.6012167977894 0.5877852486114834
vn 0.40450849559501084 0.7006292840523903 0.5877852357108809
vn 0.25000000547057527 0.7694208790345749 0.5877852568501308
vn 0.08456530567360536 0.8045851130530445 0.5877852540934906
vn -0.08456530567360536 0.8045851130530445 0.5877852540934906
vn -0.25000000547057527 0.7694208790345749 0.5877852568501308
vn -0.40450849559501084 0.7006292840523903 0.5877852357108809
vn -0.5413380307816883 0.6012167977894 0.5877852486114834
vn -0.6545084820016838 0.4755282776441266 0.5877852534290582
vn -0.7390738090735351 0.3290568572853501 0.5877852408958771
vn -0.7913380347694764 0.1682040857914516 0.5877852501128663
vn -0.8090170011595983 1.9815201536106157e-16 0.5877852429542022
vn -1 0 1.2246468525851679e-16
vn -0.9781476029836251 -0.2079116802331908 1.224646823864733e-16
vn -0.9135454533753186 -0.40673665266027326 1.2246468843141363e-16
vn -0.8090170011595983 -0.5877852429542022 1.2246468504311792e-16
vn -0.6691306233342523 -0.7431448101926803 1.224646852573538e-16
vn -0.5000000067305869 -0.8660253998985324 1.224646869070352e-16
vn -0.3090169948284817 -0.9510565161477913 1.2246468218554823e-16
vn -0.10452846222910053 -0.9945218954774298 1.2246468274214173e-16
vn 0.10452846222910053 -0.9945218954774298 1.2246468274214173e-16
vn 0.3090169948284817 -0.9510565161477913 1.2246468218554823e-16
vn 0.5000000067305869 -0.8660253998985324 1.224646869070352e-16
vn 0.6691306233342523 -0.7431448101926803 1.224646852573538e-16
vn 0.8090170011595983 -0.5877852429542022 1.2246468504311792e-16
vn 0.9135454533753186 -0.40673665266027326 1.2246468843141363e-16
vn 0.9781476029836251 -0.2079116802331908 1.224646823864733e-16
vn 1 -1.2246468525851679e-16 1.2246468525851679e-16
vn 0.9781476029836251 0.2079116802331908 1.224646823864733e-16
vn 0.9135454533753186 0.40673665266027326 1.2246468843141363e-16
vn 0.8090170011595983 0.5877852429542022 1.2246468504311792e-16
vn 0.6691306233342523 0.7431448101926803 1.224646852573538e-16
vn 0.5000000067305869 0.8660253998985324 1.224646869070352e-16
vn 0.3090169948284817 0.9510565161477913 1.2246468218554823e-16
vn 0.10452846222910053 0.9945218954774298 1.2246468274214173e-16
vn -0.10452846222910053 0.9945218954774298 1.2246468274214173e-16
vn -0.3090169948284817 0.9510565161477913 1.2246468218554823e-16
vn -0.5000000067305869 0.8660253998985324 1.224646869070352e-16
vn -0.6691306233342523 0.7431448101926803 1.224646852573538e-16
vn -0.8090170011595983 0.5877852429542022 1.2246468504311792e-16
vn -0.9135454533753186 0.40673665266027326 1.2246468843141363e-16
vn -0.9781476029836251 0.2079116802331908 1.224646823864733e-16
vn -1 2.4492937051703357e-16 1.2246468525851679e-16
vn -0.8090170011595983 0 -0.5877852429542022
vn -0.7913380347694764 -0.1682040857914516 -0.5877852501128663
vn -0.7390738090735351 -0.3290568572853501 -0.5877852408958771
vn -0.6545084820016838 -0.4755282776441266 -0.5877852534290582
vn -0.5413380307816883 -0.6012167977894 -0.5877852486114834
vn -0.40450849559501084 -0.7006292840523903 -0.5877852357108809
vn -0.25000000547057527 -0.7694208790345749 -0.5877852568501308
vn -0.08456530567360536 -0.8045851130530445 -0.5877852540934906
vn 0.08456530567360536 -0.8045851130530445 -0.5877852540934906
vn 0.25000000547057527 -0.7694208790345749 -0.5877852568501308
vn 0.40450849559501084 -0.7006292840523903 -0.5877852357108809
vn 0.5413380307816883 -0.6012167977894 -0.5877852486114834
vn 0.6545084820016838 -0.4755282776441266 -0.5877852534290582
vn 0.7390738090735351 -0.3290568572853501 -0.5877852408958771
vn 0.7913380347694764 -0.1682040857914516 -0.5877852501128663
vn 0.8090170011595983 -9.907600768053078e-17 -0.5877852429542022
vn 0.7913380347694764 0.1682040857914516 -0.5877852501128663
vn 0.7390738090735351 0.3290568572853501 -0.5877852408958771
vn 0.6545084820016838 0.4755282776441266 -0.5877852534290582
vn 0.5413380307816883 0.6012167977894 -0.5877852486114834
vn 0.40450849559501084 0.7006292840523903 -0.5877852357108809
vn 0.25000000547057527 0.7694208790345749 -0.5877852568501308
vn 0.08456530567360536 0.8045851130530445 -0.5877852540934906
vn -0.08456530567360536 0.8045851130530445 -0.5877852540934906
vn -0.25000000547057527 0.7694208790345749 -0.5877852568501308
vn -0.40450849559501084 0.7006292840523903 -0.5877852357108809
vn -0.5413380307816883 0.6012167977894 -0.5877852486114834
vn -0.6545084820016838 0.4755282776441266 -0.5877852534290582
vn -0.7390738090735351 0.3290568572853501 -0.5877852408958771
vn -0.7913380347694764 0.1682040857914516 -0.5877852501128663
vn -0.8090170011595983 1.9815201536106157e-16 -0.5877852429542022
vn -0.3090169948284817 0 -0.9510565161477913
vn -0.30226423541356434 -0.06424824724475749 -0.9510565149957335
vn -0.2823010620896563 -0.12568853518760317 -0.9510565190699483
vn -0.24999999431051087 -0.18163562897734423 -0.9510565183682562
vn -0.20677272539690164 -0.2296443682197275 -0.9510565199697123
vn -0.15450849759791035 -0.267616563598785 -0.9510565172783444
vn -0.09549150409137153 -0.2938926156295723 -0.9510565194165781
vn -0.03230107126126292 -0.30732416374025573 -0.951056517340966
vn 0.03230107126126292 -0.30732416374025573 -0.951056517340966
vn 0.09549150409137153 -0.2938926156295723 -0.9510565194165781
vn 0.15450849759791035 -0.267616563598785 -0.9510565172783444
vn 0.20677272539690164 -0.2296443682197275 -0.9510565199697123
vn 0.24999999431051087 -0.18163562897734423 -0.9510565183682562
vn 0.2823010620896563 -0.12568853518760317 -0.9510565190699483
vn 0.30226423541356434 -0.06424824724475749 -0.9510565149957335
vn 0.3090169948284817 -3.784366758465668e-17 -0.9510565161477913
vn 0.30226423541356434 0.06424824724475749 -0.9510565149957335
vn 0.2823010620896563 0.12568853518760317 -0.9510565190699483
vn 0.24999999431051087 0.18163562897734423 -0.9510565183682562
vn 0.20677272539690164 0.2296443682197275 -0.9510565199697123
vn 0.15450849759791035 0.267616563598785 -0.9510565172783444
vn 0.09549150409137153 0.2938926156295723 -0.9510565194165781
vn 0.03230107126126292 0.30732416374025573 -0.951056517340966
vn -0.03230107126126292 0.30732416374025573 -0.951056517340966
vn -0.09549150409137153 0.2938926156295723 -0.9510565194165781
vn -0.15450849759791035 0.267616563598785 -0.9510565172783444
vn -0.20677272539690164 0.2296443682197275 -0.9510565199697123
vn -0.24999999431051087 0.18163562897734423 -0.9510565183682562
vn -0.2823010620896563 0.12568853518760317 -0.9510565190699483
vn -0.30226423541356434 0.06424824724475749 -0.9510565149957335
vn -0.3090169948284817 7.568733516931335e-17 -0.9510565161477913
vn 0.3090169948284817 0 -0.9510565161477913
vn 0.30226423541356434 0.06424824724475749 -0.9510565149957335
vn 0.2823010620896563 0.12568853518760317 -0.9510565190699483
vn 0.24999999431051087 0.18163562897734423 -0.9510565183682562
vn 0.20677272539690164 0.2296443682197275 -0.9510565199697123
vn 0.15450849759791035 0.267616563598785 -0.9510565172783444
vn 0.09549150409137153 0.2938926156295723 -0.9510565194165781
vn 0.03230107126126292 0.30732416374025573 -0.951056517340966
vn -0.03230107126126292 0.30732416374025573 -0.951056517340966
vn -0.09549150409137153 0.2938926156295723 -0.9510565194165781
vn -0.15450849759791035 0.267616563598785 -0.9510565172783444
vn -0.20677272539690164 0.2296443682197275 -0.9510565199697123
vn -0.24999999431051087 0.18163562897734423 -0.9510565183682562
vn -0.2823010620896563 0.12568853518760317 -0.9510565190699483
vn -0.30226423541356434 0.06424824724475749 -0.9510565149957335
vn -0.3090169948284817 3.784366758465668e-17 -0.9510565161477913
vn -0.30226423541356434 -0.06424824724475749 -0.9510565149957335
vn -0.2823010620896563 -0.12568853518760317 -0.9510565190699483
vn -0.24999999431051087 -0.18163562897734423 -0.9510565183682562
vn -0.20677272539690164 -0.2296443682197275 -0.9510565199697123
vn -0.15450849759791035 -0.267616563598785 -0.9510565172783444
vn -0.09549150409137153 -0.2938926156295723 -0.9510565194165781
vn -0.03230107126126292 -0.30732416374025573 -0.951056517340966
vn 0.03230107126126292 -0.30732416374025573 -0.951056517340966
vn 0.09549150409137153 -0.2938926156295723 -0.9510565194165781
vn 0.15450849759791035 -0.267616563598785 -0.9510565172783444
vn 0.20677272539690164 -0.2296443682197275 -0.9510565199697123
vn 0.24999999431051087 -0.18163562897734423 -0.9510565183682562
vn 0.2823010620896563 -0.12568853518760317 -0.9510565190699483
vn 0.30226423541356434 -0.06424824724475749 -0.9510565149957335
vn 0.3090169948284817 -7.568733516931335e-17 -0.9510565161477913
vn 0.8090170011595983 0 -0.5877852429542022
vn 0.7913380347694764 0.1682040857914516 -0.5877852501128663
vn 0.7390738090735351 0.3290568572853501 -0.5877852408958771
vn 0.6545084820016838 0.4755282776441266 -0.5877852534290582
vn 0.5413380307816883 0.6012167977894 -0.5877852486114834
vn 0.40450849559501084 0.7006292840523903 -0.5877852357108809
vn 0.25000000547057527 0.7694208790345749 -0.5877852568501308
vn 0.08456530567360536 0.8045851130530445 -0.5877852540934906
vn -0.08456530567360536 0.8045851130530445 -0.5877852540934906
vn -0.25000000547057527 0.7694208790345749 -0.5877852568501308
vn -0.40450849559501084 0.7006292840523903 -0.5877852357108809
vn -0.5413380307816883 0.6012167977894 -0.5877852486114834
vn -0.6545084820016838 0.4755282776441266 -0.5877852534290582
vn -0.7390738090735351 0.3290568572853501 -0.5877852408958771
vn -0.7913380347694764 0.1682040857914516 -0.5877852501128663
vn -0.8090170011595983 9.907600768053078e-17 -0.5877852429542022
vn -0.7913380347694764 -0.1682040857914516 -0.5877852501128663
vn -0.7390738090735351 -0.3290568572853501 -0.5877852408958771
vn -0.6545084820016838 -0.4755282776441266 -0.5877852534290582
vn -0.5413380307816883 -0.6012167977894 -0.5877852486114834
vn -0.40450849559501084 -0.7006292840523903 -0.5877852357108809
vn -0.25000000547057527 -0.7694208790345749 -0.5877852568501308
vn -0.08456530567360536 -0.8045851130530445 -0.5877852540934906
vn 0.08456530567360536 -0.8045851130530445 -0.5877852540934906
vn 0.25000000547057527 -0.7694208790345749 -0.5877852568501308
vn 0.40450849559501084 -0.7006292840523903 -0.5877852357108809
vn 0.5413380307816883 -0.6012167977894 -0.5877852486114834
vn 0.6545084820016838 -0.4755282776441266 -0.5877852534290582
vn 0.7390738090735351 -0.3290568572853501 -0.5877852408958771
vn 0.7913380347694764 -0.1682040857914516 -0.5877852501128663
vn 0.8090170011595983 -1.9815201536106157e-16 -0.5877852429542022
vn 1 0 -2.4492937051703357e-16
vn 0.9781476029836251 0.2079116802331908 -2.449293647729466e-16
vn 0.9135454533753186 0.40673665266027326 -2.4492937686282727e-16
vn 0.8090170011595983 0.5877852429542022 -2.4492937008623584e-16
vn 0.6691306233342523 0.7431448101926803 -2.449293705147076e-16
vn 0.5000000067305869 0.8660253998985324 -2.449293738140704e-16
vn 0.3090169948284817 0.9510565161477913 -2.4492936437109645e-16
vn 0.10452846222910053 0.9945218954774298 -2.4492936548428347e-16
vn -0.10452846222910053 0.9945218954774298 -2.4492936548428347e-16
vn -0.3090169948284817 0.9510565161477913 -2.4492936437109645e-16
vn -0.5000000067305869 0.8660253998985324 -2.449293738140704e-16
vn -0.6691306233342523 0.7431448101926803 -2.449293705147076e-16
vn -0.8090170011595983 0.5877852429542022 -2.4492937008623584e-16
vn -0.9135454533753186 0.40673665266027326 -2.4492937686282727e-16
vn -0.9781476029836251 0.2079116802331908 -2.449293647729466e-16
vn -1 1.2246468525851679e-16 -2.4492937051703357e-16
vn -0.9781476029836251 -0.2079116802331908 -2.449293647729466e-16
vn -0.9135454533753186 -0.40673665266027326 -2.4492937686282727e-16
vn -0.8090170011595983 -0.5877852429542022 -2.4492937008623584e-16
vn -0.6691306233342523 -0.7431448101926803 -2.449293705147076e-16
vn -0.5000000067305869 -0.8660253998985324 -2.449293738140704e-16
vn -0.3090169948284817 -0.9510565161477913 -2.4492936437109645e-16
vn -0.10452846222910053 -0.9945218954774298 -2.4492936548428347e-16
vn 0.10452846222910053 -0.9945218954774298 -2.4492936548428347e-16
vn 0.3090169948284817 -0.9510565161477913 -2.4492936437109645e-16
vn 0.5000000067305869 -0.8660253998985324 -2.449293738140704e-16
vn 0.6691306233342523 -0.7431448101926803 -2.449293705147076e-16
vn 0.8090170011595983 -0.5877852429542022 -2.4492937008623584e-16
vn 0.9135454533753186 -0.40673665266027326 -2.4492937686282727e-16
vn 0.9781476029836251 -0.2079116802331908 -2.449293647729466e-16
vn 1 -2.4492937051703357e-16 -2.4492937051703357e-16
f 819/819/819 788/788/788 820/820/820
f 788/788/788 789/789/789 820/820/820
f 820/820/820 789/789/789 821/821/821
f 789/789/789 790/790/790 821/821/821
f 821/821/821 790/790/790 822/822/822
f 790/790/790 791/791/791 822/822/822
f 822/822/822 791/791/791 823/823/823
f 791/791/791 792/792/792 823/823/823
f 823/823/823 792/792/792 824/824/824
f 792/792/792 793/793/793 824/824/824
f 824/824/824 793/793/793 825/825/825
f 793/793/793 794/794/794 825/825/825
f 825/825/825 794/794/794 826/826/826
f 794/794/794 795/795/795 826/826/826
f 826/826/826 795/795/795 827/827/827
f 795/795/795 796/796/796 827/827/827
f 827/827/827 796/796/796 828/828/828
f 796/796/796 797/797/797 828/828/828
f 828/828/828 797/797/797 829/829/829
f 797/797/797 798/798/798 829/829/829
f 829/829/829 798/798/798 830/830/830
f 798/798/798 799/799/799 830/830/830
f 830/830/830 799/799/799 831/831/831
f 799/799/799 800/800/800 831/831/831
f 831/831/831 800/800/800 832/832/832
f 800/800/800 801/801/801 832/832/832
f 832/832/832 801/801/801 833/833/833
f 801/801/801 802/802/802 833/833/833
f 833/833/833 802/802/802 834/834/834
f 802/802/802 803/803/803 834/834/834
f 834/834/834 803/803/803 835/835/835
f 803/803/803 804/804/804 835/835/835
f 835/835/835 804/804/804 836/836/836
f 804/804/804 805/805/805 836/836/836
f 836/836/836 805/805/805 837/837/837
f 805/805/805 806/806/806 837/837/837
f 837/837/837 806/806/806 838/838/838
f 806/806/806 807/807/807 838/838/838
f 838/838/838 807/807/807 839/839/839
f 807/807/807 808/808/808 839/839/839
f 839/839/839 808/808/808 840/840/840
f 808/808/808 809/809/809 840/840/840
f 840/840/840 809/809/809 841/841/841
f 809/809/809 810/810/810 841/841/841
f 841/841/841 810/810/810 842/842/842
f 810/810/810 811/811/811 842/842/842
f 842/842/842 811/811/811 843/843/843
f 811/811/811 812/812/812 843/843/843
f 843/843/843 812/812/812 844/844/844
f 812/812/812 813/813/813 844/844/844
f 844/844/844 813/813/813 845/845/845
f 813/813/813 814/814/814 845/845/845
f 845/845/845 814/814/814 846/846/846
f 814/814/814 815/815/815 846/846/846
f 846/846/846 815/815/815 847/847/847
f 815/815/815 816/816/816 847/847/847
f 847/847/847 816/816/816 848/848/848
f 816/816/816 817/817/817 848/848/848
f 848/848/848 817/817/817 849/849/849
f 817/817/817 818/818/818 849/849/849
f 850/850/850 819/819/819 851/851/851
f 819/819/819 820/820/820 851/851/851
f 851/851/851 820/820/820 852/852/852
f 820/820/820 821/821/821 852/852/852
f 852/852/852 821/821/821 853/853/853
f 821/821/821 822/822/822 853/853/853
f 853/853/853 822/822/822 854/854/854
f 822/822/822 823/823/823 854/854/854
f 854/854/854 823/823/823 855/855/855
f 823/823/823 824/824/824 855/855/855
f 855/855/855 824/824/824 856/856/856
f 824/824/824 825/825/825 856/856/856
f 856/856/856 825/825/825 857/857/857
f 825/825/825 826/826/826 857/857/857
f 857/857/857 826/826/826 858/858/858
f 826/826/826 827/827/827 858/858/858
f 858/858/858 827/827/827 859/859/859
f 827/827/827 828/828/828 859/859/859
f 859/859/859 828/828/828 860/860/860
f 828/828/828 829/829/829 860/860/860
f 860/860/860 829/829/829 861/861/861
f 829/829/829 830/830/830 861/861/861
f 861/861/861 830/830/830 862/862/862
f 830/830/830 831/831/831 862/862/862
f 862/862/862 831/831/831 863/863/863
f 831/831/831 832/832/832 863/863/863
f 863/863/863 832/832/832 864/864/864
f 832/832/832 833/833/833 864/864/864
f 864/864/864 833/833/833 865/865/865
f 833/833/833 834/834/834 865/865/865
f 865/865/865 834/834/834 866/866/866
f 834/834/834 835/835/835 866/866/866
f 866/866/866 835/835/835 867/867/867
f 835/835/835 836/836/836 867/867/867
f 867/867/867 836/836/836 868/868/868
f 836/836/836 837/837/837 868/868/868
f 868/868/868 837/837/837 869/869/869
f 837/837/837 838/838/838 869/869/869
f 869/869/869 838/838/838 870/870/870
f 838/838/838 839/839/839 870/870/870
f 870/870/870 839/839/839 871/871/871
f 839/839/839 840/840/840 871/871/871
f 871/871/871 840/840/840 872/872/872
f 840/840/840 841/841/841 872/872/872
f 872/872/872 841/841/841 873/873/873
f 841/841/841 842/842/842 873/873/873
f 873/873/873 842/842/842 874/874/874
f 842/842/842 843/843/843 874/874/874
f 874/874/874 843/843/843 875/875/875
f 843/843/843 844/844/844 875/875/875
f 875/875/875 844/844/844 876/876/876
f 844/844/844 845/845/845 876/876/876
f 876/876/876 845/845/845 877/877/877
f 845/845/845 846/846/846 877/877/877
f 877/877/877 846/846/846 878/878/878
f 846/846/846 847/847/847 878/878/878
f 878/878/878 847/847/847 879/879/879
f 847/847/847 848/848/848 879/879/879
f 879/879/879 848/848/848 880/880/880
f 848/848/848 849/849/849 880/880/880
f 881/881/881 850/850/850 882/882/882
f 850/850/850 851/851/851 882/882/882
f 882/882/882 851/851/851 883/883/883
f 851/851/851 852/852/852 883/883/883
f 883/883/883 852/852/852 884/884/884
f 852/852/852 853/853/853 884/884/884
f 884/884/884 853/853/853 885/885/885
f 853/853/853 854/854/854 885/885/885
f 885/885/885 854/854/854 886/886/886
f 854/854/854 855/855/855 886/886/886
f 886/886/886 855/855/855 887/887/887
f 855/855/855 856/856/856 887/887/887
f 887/887/887 856/856/856 888/888/888
f 856/856/856 857/857/857 888/888/888
f 888/888/888 857/857/857 889/889/889
f 857/857/857 858/858/858 889/889/889
f 889/889/889 858/858/858 890/890/890
f 858/858/858 859/859/859 890/890/890
f 890/890/890 859/859/859 891/891/891
f 859/859/859 860/860/860 891/891/891
f 891/891/891 860/860/860 892/892/892
f 860/860/860 861/861/861 892/892/892
f 892/892/892 861/861/861 893/893/893
f 861/861/861 862/862/862 893/893/893
f 893/893/893 862/862/862 894/894/894
f 862/862/862 863/863/863 894/894/894
f 894/894/894 863/863/863 895/895/895
f 863/863/863 864/864/864 895/895/895
f 895/895/895 864/864/864 896/896/896
f 864/864/864 865/865/865 896/896/896
f 896/896/896 865/865/865 897/897/897
f 865/865/865 866/866/866 897/897/897
f 897/897/897 866/866/866 898/898/898
f 866/866/866 867/867/867 898/898/898
f 898/898/898 867/867/867 899/899/899
f 867/867/867 868/868/868 899/899/899
f 899/899/899 868/868/868 900/900/900
f 868/868/868 869/869/869 900/900/900
f 900/900/900 869/869/869 901/901/901
f 869/869/869 870/870/870 901/901/901
f 901/901/901 870/870/870 902/902/902
f 870/870/870 871/871/871 902/902/902
f 902/902/902 871/871/871 903/903/903
f 871/871/871 872/872/872 903/903/903
f 903/903/903 872/872/872 904/904/904
f 872/872/872 873/873/873 904/904/904
f 904/904/904 873/873/873 905/905/905
f 873/873/873 874/874/874 905/905/905
f 905/905/905 874/874/874 906/906/906
f 874/874/874 875/875/875 906/906/906
f 906/906/906 875/875/875 907/907/907
f 875/875/875 876/876/876 907/907/907
f 907/907/907 876/876/876 908/908/908
f 876/876/876 877/877/877 908/908/908
f 908/908/908 877/877/877 909/909/909
f 877/877/877 878/878/878 909/909/909
f 909/909/909 878/878/878 910/910/910
f 878/878/878 879/879/879 910/910/910
f 910/910/910 879/879/879 911/911/911
f 879/879/879 880/880/880 911/911/911
f 912/912/912 881/881/881 913/913/913
f 881/881/881 882/882/882 913/913/913
f 913/913/913 882/882/882 914/914/914
f 882/882/882 883/883/883 914/914/914
f 914/914/914 883/883/883 915/915/915
f 883/883/883 884/884/884 915/915/915
f 915/915/915 884/884/884 916/916/916
f 884/884/884 885/885/885 916/916/916
f 916/916/916 885/885/885 917/917/917
f 885/885/885 886/886/886 917/917/917
f 917/917/917 886/886/886 918/918/918
f 886/886/886 887/887/887 918/918/918
f 918/918/918 887/887/887 919/919/919
f 887/887/887 888/888/888 919/919/919
f 919/919/919 888/888/888 920/920/920
f 888/888/888 889/889/889 920/920/920
f 920/920/920 889/889/889 921/921/921
f 889/889/889 890/890/890 921/921/921
f 921/921/921 890/890/890 922/922/922
f 890/890/890 891/891/891 922/922/922
f 922/922/922 891/891/891 923/923/923
f 891/891/891 892/892/892 923/923/923
f 923/923/923 892/892/892 924/924/924
f 892/892/892 893/893/893 924/924/924
f 924/924/924 893/893/893 925/925/925
f 893/893/893 894/894/894 925/925/925
f 925/925/925 894/894/894 926/926/926
f 894/894/894 895/895/895 926/926/926
f 926/926/926 895/895/895 927/927/927
f 895/895/895 896/896/896 927/927/927
f 927/927/927 896/896/896 928/928/928
f 896/896/896 897/897/897 928/928/928
f 928/928/928 897/897/897 929/929/929
f 897/897/897 898/898/898 929/929/929
f 929/929/929 898/898/898 930/930/930
f 898/898/898 899/899/899 930/930/930
f 930/930/930 899/899/899 931/931/931
f 899/899/899 900/900/900 931/931/931
f 931/931/931 900/900/900 932/932/932
f 900/900/900 901/901/901 932/932/932
f 932/932/932 901/901/901 933/933/933
f 901/901/901 902/902/902 933/933/933
f 933/933/933 902/902/902 934/934/934
f 902/902/902 903/903/903 934/934/934
f 934/934/934 903/903/903 935/935/935
f 903/903/903 904/904/904 935/935/935
f 935/935/935 904/904/904 936/936/936
f 904/904/904 905/905/905 936/936/936
f 936/936/936 905/905/905 937/937/937
f 905/905/905 906/906/906 937/937/937
f 937/937/937 906/906/906 938/938/938
f 906/906/906 907/907/907 938/938/938
f 938/938/938 907/907/907 939/939/939
f 907/907/907 908/908/908 939/939/939
f 939/939/939 908/908/908 940/940/940
f 908/908/908 909/909/909 940/940/940
f 940/940/940 909/909/909 941/941/941
f 909/909/909 910/910/910 941/941/941
f 941/941/941 910/910/910 942/942/942
f 910/910/910 911/911/911 942/942/942
f 943/943/943 912/912/912 944/944/944
f 912/912/912 913/913/913 944/944/944
f 944/944/944 913/913/913 945/945/945
f 913/913/913 914/914/914 945/945/945
f 945/945/945 914/914/914 946/946/946
f 914/914/914 915/915/915 946/946/946
f 946/946/946 915/915/915 947/947/947
f 915/915/915 916/916/916 947/947/947
f 947/947/947 916/916/916 948/948/948
f 916/916/916 917/917/917 948/948/948
f 948/948/948 917/917/917 949/949/949
f 917/917/917 918/918/918 949/949/949
f 949/949/949 918/918/918 950/950/950
f 918/918/918 919/919/919 950/950/950
f 950/950/950 919/919/919 951/951/951
f 919/919/919 920/920/920 951/951/951
f 951/951/951 920/920/920 952/952/952
f 920/920/920 921/921/921 952/952/952
f 952/952/952 921/921/921 953/953/953
f 921/921/921 922/922/922 953/953/953
f 953/953/953 922/922/922 954/954/954
f 922/922/922 923/923/923 954/954/954
f 954/954/954 923/923/923 955/955/955
f 923/923/923 924/924/924 955/955/955
f 955/955/955 924/924/924 956/956/956
f 924/924/924 925/925/925 956/956/956
f 956/956/956 925/925/925 957/957/957
f 925/925/925 926/926/926 957/957/957
f 957/957/957 926/926/926 958/958/958
f 926/926/926 927/927/927 958/958/958
f 958/958/958 927/927/927 959/959/959
f 927/927/927 928/928/928 959/959/959
f 959/959/959 928/928/928 960/960/960
f 928/928/928 929/929/929 960/960/960
f 960/960/960 929/929/929 961/961/961
f 929/929/929 930/930/930 961/961/961
f 961/961/961 930/930/930 962/962/962
f 930/930/930 931/931/931 962/962/962
f 962/962/962 931/931/931 963/963/963
f 931/931/931 932/932/932 963/963/963
f 963/963/963 932/932/932 964/964/964
f 932/932/932 933/933/933 964/964/964
f 964/964/964 933/933/933 965/965/965
f 933/933/933 934/934/934 965/965/965
f 965/965/965 934/934/934 966/966/966
f 934/934/934 935/935/935 966/966/966
f 966/966/966 935/935/935 967/967/967
f 935/935/935 936/936/936 967/967/967
f 967/967/967 936/936/936 968/968/968
f 936/936/936 937/937/937 968/968/968
f 968/968/968 937/937/937 969/969/969
f 937/937/937 938/938/938 969/969/969
f 969/969/969 938/938/938 970/970/970
f 938/938/938 939/939/939 970/970/970
f 970/970/970 939/939/939 971/971/971
f 939/939/939 940/940/940 971/971/971
f 971/971/971 940/940/940 972/972/972
f 940/940/940 941/941/941 972/972/972
f 972/972/972 941/941/941 973/973/973
f 941/941/941 942/942/942 973/973/973
f 974/974/974 943/943/943 975/975/975
f 943/943/943 944/944/944 975/975/975
f 975/975/975 944/944/944 976/976/976
f 944/944/944 945/945/945 976/976/976
f 976/976/976 945/945/945 977/977/977
f 945/945/945 946/946/946 977/977/977
f 977/977/977 946/946/946 978/978/978
f 946/946/946 947/947/947 978/978/978
f 978/978/978 947/947/947 979/979/979
f 947/947/947 948/948/948 979/979/979
f 979/979/979 948/948/948 980/980/980
f 948/948/948 949/949/949 980/980/980
f 980/980/980 949/949/949 981/981/981
f 949/949/949 950/950/950 981/981/981
f 981/981/981 950/950/950 982/982/982
f 950/950/950 951/951/951 982/982/982
f 982/982/982 951/951/951 983/983/983
f 951/951/951 952/952/952 983/983/983
f 983/983/983 952/952/952 984/984/984
f 952/952/952 953/953/953 984/984/984
f 984/984/984 953/953/953 985/985/985
f 953/953/953 954/954/954 985/985/985
f 985/985/985 954/954/954 986/986/986
f 954/954/954 955/955/955 986/986/986
f 986/986/986 955/955/955 987/987/987
f 955/955/955 956/956/956 987/987/987
f 987/987/987 956/956/956 988/988/988
f 956/956/956 957/957/957 988/988/988
f 988/988/988 957/957/957 989/989/989
f 957/957/957 958/958/958 989/989/989
f 989/989/989 958/958/958 990/990/990
f 958/958/958 959/959/959 990/990/990
f 990/990/990 959/959/959 991/991/991
f 959/959/959 960/960/960 991/991/991
f 991/991/991 960/960/960 992/992/992
f 960/960/960 961/961/961 992/992/992
f 992/992/992 961/961/961 993/993/993
f 961/961/961 962/962/962 993/993/993
f 993/993/993 962/962/962 994/994/994
f 962/962/962 963/963/963 994/994/994
f 994/994/994 963/963/963 995/995/995
f 963/963/963 964/964/964 995/995/995
f 995/995/995 964/964/964 996/996/996
f 964/964/964 965/965/965 996/996/996
f 996/996/996 965/965/965 997/997/997
f 965/965/965 966/966/966 997/997/997
f 997/997/997 966/966/966 998/998/998
f 966/966/966 967/967/967 998/998/998
f 998/998/998 967/967/967 999/999/999
f 967/967/967 968/968/968 999/999/999
f 999/999/999 968/968/968 1000/1000/1000
f 968/968/968 969/969/969 1000/1000/1000
f 1000/1000/1000 969/969/969 1001/1001/1001
f 969/969/969 970/970/970 1001/1001/1001
f 1001/1001/1001 970/970/970 1002/1002/1002
f 970/970/970 971/971/971 1002/1002/1002
f 1002/1002/1002 971/971/971 1003/1003/1003
f 971/971/971 972/972/972 1003/1003/1003
f 1003/1003/1003 972/972/972 1004/1004/1004
f 972/972/972 973/973/973 1004/1004/1004
f 1005/1005/1005 974/974/974 1006/1006/1006
f 974/974/974 975/975/975 1006/1006/1006
f 1006/1006/1006 975/975/975 1007/1007/1007
f 975/975/975 976/976/976 1007/1007/1007
f 1007/1007/1007 976/976/976 1008/1008/1008
f 976/976/976 977/977/977 1008/1008/1008
f 1008/1008/1008 977/977/977 1009/1009/1009
f 977/977/977 978/978/978 1009/1009/1009
f 1009/1009/1009 978/978/978 1010/1010/1010
f 978/978/978 979/979/979 1010/1010/1010
f 1010/1010/1010 979/979/979 1011/1011/1011
f 979/979/979 980/980/980 1011/1011/1011
f 1011/1011/1011 980/980/980 1012/1012/1012
f 980/980/980 981/981/981 1012/1012/1012
f 1012/1012/1012 981/981/981 1013/1013/1013
f 981/981/981 982/982/982 1013/1013/1013
f 1013/1013/1013 982/982/982 1014/1014/1014
f 982/982/982 983/983/983 1014/1014/1014
f 1014/1014/1014 983/983/983 1015/1015/1015
f 983/983/983 984/984/984 1015/1015/1015
f 1015/1015/1015 984/984/984 1016/1016/1016
f 984/984/984 985/985/985 1016/1016/1016
f 1016/1016/1016 985/985/985 1017/1017/1017
f 985/985/985 986/986/986 1017/1017/1017
f 1017/1017/1017 986/986/986 1018/1018/1018
f 986/986/986 987/987/987 1018/1018/1018
f 1018/1018/1018 987/987/987 1019/1019/1019
f 987/987/987 988/988/988 1019/1019/1019
f 1019/1019/1019 988/988/988 1020/1020/1020
f 988/988/988 989/989/989 1020/1020/1020
f 1020/1020/1020 989/989/989 1021/1021/1021
f 989/989/989 990/990/990 1021/1021/1021
f 1021/1021/1021 990/990/990 1022/1022/1022
f 990/990/990 991/991/991 1022/1022/1022
f 1022/1022/1022 991/991/991 1023/1023/1023
f 991/991/991 992/992/992 1023/1023/1023
f 1023/1023/1023 992/992/992 1024/1024/1024
f 992/992/992 993/993/993 1024/1024/1024
f 1024/1024/1024 993/993/993 1025/1025/1025
f 993/993/993 994/994/994 1025/1025/1025
f 1025/1025/1025 994/994/994 1026/1026/1026
f 994/994/994 995/995/995 1026/1026/1026
f 1026/1026/1026 995/995/995 1027/1027/1027
f 995/995/995 996/996/996 1027/1027/1027
f 1027/1027/1027 996/996/996 1028/1028/1028
f 996/996/996 997/997/997 1028/1028/1028
f 1028/1028/1028 997/997/997 1029/1029/1029
f 997/997/997 998/998/998 1029/1029/1029
f 1029/1029/1029 998/998/998 1030/1030/1030
f 998/998/998 999/999/999 1030/1030/1030
f 1030/1030/1030 999/999/999 1031/1031/1031
f 999/999/999 1000/1000/1000 1031/1031/1031
f 1031/1031/1031 1000/1000/1000 1032/1032/1032
f 1000/1000/1000 1001/1001/1001 1032/1032/1032
f 1032/1032/1032 1001/1001/1001 1033/1033/1033
f 1001/1001/1001 1002/1002/1002 1033/1033/1033
f 1033/1033/1033 1002/1002/1002 1034/1034/1034
f 1002/1002/1002 1003/1003/1003 1034/1034/1034
f 1034/1034/1034 1003/1003/1003 1035/1035/1035
f 1003/1003/1003 1004/1004/1004 1035/1035/1035
f 1036/1036/1036 1005/1005/1005 1037/1037/1037
f 1005/1005/1005 1006/1006/1006 1037/1037/1037
f 1037/1037/1037 1006/1006/1006 1038/1038/1038
f 1006/1006/1006 1007/1007/1007 1038/1038/1038
f 1038/1038/1038 1007/1007/1007 1039/1039/1039
f 1007/1007/1007 1008/1008/1008 1039/1039/1039
f 1039/1039/1039 1008/1008/1008 1040/1040/1040
f 1008/1008/1008 1009/1009/1009 1040/1040/1040
f 1040/1040/1040 1009/1009/1009 1041/1041/1041
f 1009/1009/1009 1010/1010/1010 1041/1041/1041
f 1041/1041/1041 1010/1010/1010 1042/1042/1042
f 1010/1010/1010 1011/1011/1011 1042/1042/1042
f 1042/1042/1042 1011/1011/1011 1043/1043/1043
f 1011/1011/1011 1012/1012/1012 1043/1043/1043
f 1043/1043/1043 1012/1012/1012 1044/1044/1044
f 1012/1012/1012 1013/1013/1013 1044/1044/1044
f 1044/1044/1044 1013/1013/1013 1045/1045/1045
f 1013/1013/1013 1014/1014/1014 1045/1045/1045
f 1045/1045/1045 1014/1014/1014 1046/1046/1046
f 1014/1014/1014 1015/1015/1015 1046/1046/1046
f 1046/1046/1046 1015/1015/1015 1047/1047/1047
f 1015/1015/1015 1016/1016/1016 1047/1047/1047
f 1047/1047/1047 1016/1016/1016 1048/1048/1048
f 1016/1016/1016 1017/1017/1017 1048/1048/1048
f 1048/1048/1048 1017/1017/1017 1049/1049/1049
f 1017/1017/1017 1018/1018/1018 1049/1049/1049
f 1049/1049/1049 1018/1018/1018 1050/1050/1050
f 1018/1018/1018 1019/1019/1019 1050/1050/1050
f 1050/1050/1050 1019/1019/1019 1051/1051/1051
f 1019/1019/1019 1020/1020/1020 1051/1051/1051
f 1051/1051/1051 1020/1020/1020 1052/1052/1052
f 1020/1020/1020 1021/1021/1021 1052/1052/1052
f 1052/1052/1052 1021/1021/1021 1053/1053/1053
f 1021/1021/1021 1022/1022/1022 1053/1053/1053
f 1053/1053/1053 1022/1022/1022 1054/1054/1054
f 1022/1022/1022 1023/1023/1023 1054/1054/1054
f 1054/1054/1054 1023/1023/1023 1055/1055/1055
f 1023/1023/1023 1024/1024/1024 1055/1055/1055
f 1055/1055/1055 1024/1024/1024 1056/1056/1056
f 1024/1024/1024 1025/1025/1025 1056/1056/1056
f 1056/1056/1056 1025/1025/1025 1057/1057/1057
f 1025/1025/1025 1026/1026/1026 1057/1057/1057
f 1057/1057/1057 1026/1026/1026 1058/1058/1058
f 1026/1026/1026 1027/1027/1027 1058/1058/1058
f 1058/1058/1058 1027/1027/1027 1059/1059/1059
f 1027/1027/1027 1028/1028/1028 1059/1059/1059
f 1059/1059/1059 1028/1028/1028 1060/1060/1060
f 1028/1028/1028 1029/1029/1029 1060/1060/1060
f 1060/1060/1060 1029/1029/1029 1061/1061/1061
f 1029/1029/1029 1030/1030/1030 1061/1061/1061
f 1061/1061/1061 1030/1030/1030 1062/1062/1062
f 1030/1030/1030 1031/1031/1031 1062/1062/1062
f 1062/1062/1062 1031/1031/1031 1063/1063/1063
f 1031/1031/1031 1032/1032/1032 1063/1063/1063
f 1063/1063/1063 1032/1032/1032 1064/1064/1064
f 1032/1032/1032 1033/1033/1033 1064/1064/1064
f 1064/1064/1064 1033/1033/1033 1065/1065/1065
f 1033/1033/1033 1034/1034/1034 1065/1065/1065
f 1065/1065/1065 1034/1034/1034 1066/1066/1066
f 1034/1034/1034 1035/1035/1035 1066/1066/1066
f 1067/1067/1067 1036/1036/1036 1068/1068/1068
f 1036/1036/1036 1037/1037/1037 1068/1068/1068
f 1068/1068/1068 1037/1037/1037 1069/1069/1069
f 1037/1037/1037 1038/1038/1038 1069/1069/1069
f 1069/1069/1069 1038/1038/1038 1070/1070/1070
f 1038/1038/1038 1039/1039/1039 1070/1070/1070
f 1070/1070/1070 1039/1039/1039 1071/1071/1071
f 1039/1039/1039 1040/1040/1040 1071/1071/1071
f 1071/1071/1071 1040/1040/1040 1072/1072/1072
f 1040/1040/1040 1041/1041/1041 1072/1072/1072
f 1072/1072/1072 1041/1041/1041 1073/1073/1073
f 1041/1041/1041 1042/1042/1042 1073/1073/1073
f 1073/1073/1073 1042/1042/1042 1074/1074/1074
f 1042/1042/1042 1043/1043/1043 1074/1074/1074
f 1074/1074/1074 1043/1043/1043 1075/1075/1075
f 1043/1043/1043 1044/1044/1044 1075/1075/1075
f 1075/1075/1075 1044/1044/1044 1076/1076/1076
f 1044/1044/1044 1045/1045/1045 1076/1076/1076
f 1076/1076/1076 1045/1045/1045 1077/1077/1077
f 1045/1045/1045 1046/1046/1046 1077/1077/1077
f 1077/1077/1077 1046/1046/1046 1078/1078/1078
f 1046/1046/1046 1047/1047/1047 1078/1078/1078
f 1078/1078/1078 1047/1047/1047 1079/1079/1079
f 1047/1047/1047 1048/1048/1048 1079/1079/1079
f 1079/1079/1079 1048/1048/1048 1080/1080/1080
f 1048/1048/1048 1049/1049/1049 1080/1080/1080
f 1080/1080/1080 1049/1049/1049 1081/1081/1081
f 1049/1049/1049 1050/1050/1050 1081/1081/1081
f 1081/1081/1081 1050/1050/1050 1082/1082/1082
f 1050/1050/1050 1051/1051/1051 1082/1082/1082
f 1082/1082/1082 1051/1051/1051 1083/1083/1083
f 1051/1051/1051 1052/1052/1052 1083/1083/1083
f 1083/1083/1083 1052/1052/1052 1084/1084/1084
f 1052/1052/1052 1053/1053/1053 1084/1084/1084
f 1084/1084/1084 1053/1053/1053 1085/1085/1085
f 1053/1053/1053 1054/1054/1054 1085/1085/1085
f 1085/1085/1085 1054/1054/1054 1086/1086/1086
f 1054/1054/1054 1055/1055/1055 1086/1086/1086
f 1086/1086/1086 1055/1055/1055 1087/1087/1087
f 1055/1055/1055 1056/1056/1056 1087/1087/1087
f 1087/1087/1087 1056/1056/1056 1088/1088/1088
f 1056/1056/1056 1057/1057/1057 1088/1088/1088
f 1088/1088/1088 1057/1057/1057 1089/1089/1089
f 1057/1057/1057 1058/1058/1058 1089/1089/1089
f 1089/1089/1089 1058/1058/1058 1090/1090/1090
f 1058/1058/1058 1059/1059/1059 1090/1090/1090
f 1090/1090/1090 1059/1059/1059 1091/1091/1091
f 1059/1059/1059 1060/1060/1060 1091/1091/1091
f 1091/1091/1091 1060/1060/1060 1092/1092/1092
f 1060/1060/1060 1061/1061/1061 1092/1092/1092
f 1092/1092/1092 1061/1061/1061 1093/1093/1093
f 1061/1061/1061 1062/1062/1062 1093/1093/1093
f 1093/1093/1093 1062/1062/1062 1094/1094/1094
f 1062/1062/1062 1063/1063/1063 1094/1094/1094
f 1094/1094/1094 1063/1063/1063 1095/1095/1095
f 1063/1063/1063 1064/1064/1064 1095/1095/1095
f 1095/1095/1095 1064/1064/1064 1096/1096/1096
f 1064/1064/1064 1065/1065/1065 1096/1096/1096
f 1096/1096/1096 1065/1065/1065 1097/1097/1097
f 1065/1065/1065 1066/1066/1066 1097/1097/1097
f 1098/1098/1098 1067/1067/1067 1099/1099/1099
f 1067/1067/1067 1068/1068/1068 1099/1099/1099
f 1099/1099/1099 1068/1068/1068 1100/1100/1100
f 1068/1068/1068 1069/1069/1069 1100/1100/1100
f 1100/1100/1100 1069/1069/1069 1101/1101/1101
f 1069/1069/1069 1070/1070/1070 1101/1101/1101
f 1101/1101/1101 1070/1070/1070 1102/1102/1102
f 1070/1070/1070 1071/1071/1071 1102/1102/1102
f 1102/1102/1102 1071/1071/1071 1103/1103/1103
f 1071/1071/1071 1072/1072/1072 1103/1103/1103
f 1103/1103/1103 1072/1072/1072 1104/1104/1104
f 1072/1072/1072 1073/1073/1073 1104/1104/1104
f 1104/1104/1104 1073/1073/1073 1105/1105/1105
f 1073/1073/1073 1074/1074/1074 1105/1105/1105
f 1105/1105/1105 1074/1074/1074 1106/1106/1106
f 1074/1074/1074 1075/1075/1075 1106/1106/1106
f 1106/1106/1106 1075/1075/1075 1107/1107/1107
f 1075/1075/1075 1076/1076/1076 1107/1107/1107
f 1107/1107/1107 1076/1076/1076 1108/1108/1108
f 1076/1076/1076 1077/1077/1077 1108/1108/1108
f 1108/1108/1108 1077/1077/1077 1109/1109/1109
f 1077/1077/1077 1078/1078/1078 1109/1109/1109
f 1109/1109/1109 1078/1078/1078 1110/1110/1110
f 1078/1078/1078 1079/1079/1079 1110/1110/1110
f 1110/1110/1110 1079/1079/1079 1111/1111/1111
f 1079/1079/1079 1080/1080/1080 1111/1111/1111
f 1111/1111/1111 1080/1080/1080 1112/1112/1112
f 1080/1080/1080 1081/1081/1081 1112/1112/1112
f 1112/1112/1112 1081/1081/1081 1113/1113/1113
f 1081/1081/1081 1082/1082/1082 1113/1113/1113
f 1113/1113/1113 1082/1082/1082 1114/1114/1114
f 1082/1082/1082 1083/1083/1083 1114/1114/1114
f 1114/1114/1114 1083/1083/1083 1115/1115/1115
f 1083/1083/1083 1084/1084/1084 1115/1115/1115
f 1115/1115/1115 1084/1084/1084 1116/1116/1116
f 1084/1084/1084 1085/1085/1085 1116/1116/1116
f 1116/1116/1116 1085/1085/1085 1117/1117/1117
f 1085/1085/1085 1086/1086/1086 1117/1117/1117
f 1117/1117/1117 1086/1086/1086 1118/1118/1118
f 1086/1086/1086 1087/1087/1087 1118/1118/1118
f 1118/1118/1118 1087/1087/1087 1119/1119/1119
f 1087/1087/1087 1088/1088/1088 1119/1119/1119
f 1119/1119/1119 1088/1088/1088 1120/1120/1120
f 1088/1088/1088 1089/1089/1089 1120/1120/1120
f 1120/1120/1120 1089/1089/1089 1121/1121/1121
f 1089/1089/1089 1090/1090/1090 1121/1121/1121
f 1121/1121/1121 1090/1090/1090 1122/1122/1122
f 1090/1090/1090 1091/1091/1091 1122/1122/1122
f 1122/1122/1122 1091/1091/1091 1123/1123/1123
f 1091/1091/1091 1092/1092/1092 1123/1123/1123
f 1123/1123/1123 1092/1092/1092 1124/1124/1124
f 1092/1092/1092 1093/1093/1093 1124/1124/1124
f 1124/1124/1124 1093/1093/1093 1125/1125/1125
f 1093/1093/1093 1094/1094/1094 1125/1125/1125
f 1125/1125/1125 1094/1094/1094 1126/1126/1126
f 1094/1094/1094 1095/1095/1095 1126/1126/1126
f 1126/1126/1126 1095/1095/1095 1127/1127/1127
f 1095/1095/1095 1096/1096/1096 1127/1127/1127
f 1127/1127/1127 1096/1096/1096 1128/1128/1128
f 1096/1096/1096 1097/1097/1097 1128/1128/1128
o wrap_rear_b
usemtl sinew_wrap
v 0.009399999864399433 0.03323401757780284 -0.15100000049173834
v 0.009194587357342243 0.035188387523254455 -0.15100000049173834
v 0.008587326854467392 0.037057341917267145 -0.15100000049173834
v 0.007604759652167559 0.038759199113434256 -0.15100000049173834
v 0.006289827637374401 0.040219579034334124 -0.15100000049173834
v 0.004699999932199717 0.04137465604845256 -0.15100000049173834
v 0.002904759719967842 0.0421739487469551 -0.15100000049173834
v 0.0009825675515457988 0.04258252368572921 -0.15100000049173834
v -0.0009825675515457988 0.04258252368572921 -0.15100000049173834
v -0.002904759719967842 0.0421739487469551 -0.15100000049173834
v -0.004699999932199717 0.04137465604845256 -0.15100000049173834
v -0.006289827637374401 0.040219579034334124 -0.15100000049173834
v -0.007604759652167559 0.038759199113434256 -0.15100000049173834
v -0.008587326854467392 0.037057341917267145 -0.15100000049173834
v -0.009194587357342243 0.035188387523254455 -0.15100000049173834
v -0.009399999864399433 0.03323401757780284 -0.15100000049173834
v -0.009194587357342243 0.03127964763235122 -0.15100000049173834
v -0.008587326854467392 0.02941069323833853 -0.15100000049173834
v -0.007604759652167559 0.02770883604217142 -0.15100000049173834
v -0.006289827637374401 0.02624845612127155 -0.15100000049173834
v -0.004699999932199717 0.02509337910715312 -0.15100000049173834
v -0.002904759719967842 0.024294086408650578 -0.15100000049173834
v -0.0009825675515457988 0.02388551146987647 -0.15100000049173834
v 0.0009825675515457988 0.02388551146987647 -0.15100000049173834
v 0.002904759719967842 0.024294086408650578 -0.15100000049173834
v 0.004699999932199717 0.02509337910715312 -0.15100000049173834
v 0.006289827637374401 0.02624845612127155 -0.15100000049173834
v 0.007604759652167559 0.02770883604217142 -0.15100000049173834
v 0.008587326854467392 0.02941069323833853 -0.15100000049173834
v 0.009194587357342243 0.03127964763235122 -0.15100000049173834
v 0.009399999864399433 0.03323401757780284 -0.15100000049173834
v 0.009037132374942303 0.03323401757780284 -0.14988320851884784
v 0.008839649148285389 0.035112943060545326 -0.14988320851884784
v 0.008255830965936184 0.03690975033942431 -0.14988320851884784
v 0.007311193738132715 0.03854591087702483 -0.14988320851884784
v 0.006047021597623825 0.03994991551417679 -0.14988320851884784
v 0.004518566187471151 0.041060403597390355 -0.14988320851884784
v 0.002792627550661564 0.041828841578995885 -0.14988320851884784
v 0.0009446375770494342 0.042221643638646306 -0.14988320851884784
v -0.0009446375770494342 0.042221643638646306 -0.14988320851884784
v -0.002792627550661564 0.041828841578995885 -0.14988320851884784
v -0.004518566187471151 0.041060403597390355 -0.14988320851884784
v -0.006047021597623825 0.03994991551417679 -0.14988320851884784
v -0.007311193738132715 0.03854591087702483 -0.14988320851884784
v -0.008255830965936184 0.03690975033942431 -0.14988320851884784
v -0.008839649148285389 0.035112943060545326 -0.14988320851884784
v -0.009037132374942303 0.03323401757780284 -0.14988320851884784
v -0.008839649148285389 0.03135509209506035 -0.14988320851884784
v -0.008255830965936184 0.029558284816181363 -0.14988320851884784
v -0.007311193738132715 0.027922124278580845 -0.14988320851884784
v -0.006047021597623825 0.02651811964142889 -0.14988320851884784
v -0.004518566187471151 0.02540763155821532 -0.14988320851884784
v -0.002792627550661564 0.02463919357660979 -0.14988320851884784
v -0.0009446375770494342 0.02424639151695937 -0.14988320851884784
v 0.0009446375770494342 0.02424639151695937 -0.14988320851884784
v 0.002792627550661564 0.02463919357660979 -0.14988320851884784
v 0.004518566187471151 0.02540763155821532 -0.14988320851884784
v 0.006047021597623825 0.02651811964142889 -0.14988320851884784
v 0.007311193738132715 0.027922124278580845 -0.14988320851884784
v 0.008255830965936184 0.029558284816181363 -0.14988320851884784
v 0.008839649148285389 0.03135509209506035 -0.14988320851884784
v 0.009037132374942303 0.03323401757780284 -0.14988320851884784
v 0.00808713212609291 0.03323401757780284 -0.14919299313519152
v 0.00791040901094675 0.034915426888352336 -0.14919299313519152
v 0.007387963123619556 0.036523350656813086 -0.14919299313519152
v 0.0065426272340118885 0.03798751454133362 -0.14919299313519152
v 0.0054113478399813175 0.03924392829913467 -0.14919299313519152
v 0.004043566063046455 0.04023767975423306 -0.14919299313519152
v 0.0024990614037960768 0.04092533760968417 -0.14919299313519152
v 0.0008453354821540415 0.041276847620343865 -0.14919299313519152
v -0.0008453354821540415 0.041276847620343865 -0.14919299313519152
v -0.0024990614037960768 0.04092533760968417 -0.14919299313519152
v -0.004043566063046455 0.04023767975423306 -0.14919299313519152
v -0.0054113478399813175 0.03924392829913467 -0.14919299313519152
v -0.0065426272340118885 0.03798751454133362 -0.14919299313519152
v -0.007387963123619556 0.036523350656813086 -0.14919299313519152
v -0.00791040901094675 0.034915426888352336 -0.14919299313519152
v -0.00808713212609291 0.03323401757780284 -0.14919299313519152
v -0.00791040901094675 0.03155260826725334 -0.14919299313519152
v -0.007387963123619556 0.02994468449879259 -0.14919299313519152
v -0.0065426272340118885 0.02848052061427206 -0.14919299313519152
v -0.0054113478399813175 0.027224106856471003 -0.14919299313519152
v -0.004043566063046455 0.026230355401372613 -0.14919299313519152
v -0.0024990614037960768 0.025542697545921506 -0.14919299313519152
v -0.0008453354821540415 0.02519118753526181 -0.14919299313519152
v 0.0008453354821540415 0.02519118753526181 -0.14919299313519152
v 0.0024990614037960768 0.025542697545921506 -0.14919299313519152
v 0.004043566063046455 0.026230355401372613 -0.14919299313519152
v 0.0054113478399813175 0.027224106856471003 -0.14919299313519152
v 0.0065426272340118885 0.02848052061427206 -0.14919299313519152
v 0.007387963123619556 0.02994468449879259 -0.14919299313519152
v 0.00791040901094675 0.03155260826725334 -0.14919299313519152
v 0.00808713212609291 0.03323401757780284 -0.14919299313519152
v 0.006912867538630962 0.03323401757780284 -0.14919299313519152
v 0.0067618051543831825 0.034671283585799934 -0.14919299313519152
v 0.00631521875038743 0.03604573421444565 -0.14919299313519152
v 0.005592627450823784 0.037297299274092616 -0.14919299313519152
v 0.00462561147287488 0.03837127951238126 -0.14919299313519152
v 0.003456433769315481 0.0392207365043816 -0.14919299313519152
v 0.0021361936815083027 0.03980854540396303 -0.14919299313519152
v 0.0007225914159789681 0.040109015677904786 -0.14919299313519152
v -0.0007225914159789681 0.040109015677904786 -0.14919299313519152
v -0.0021361936815083027 0.03980854540396303 -0.14919299313519152
v -0.003456433769315481 0.0392207365043816 -0.14919299313519152
v -0.00462561147287488 0.03837127951238126 -0.14919299313519152
v -0.005592627450823784 0.037297299274092616 -0.14919299313519152
v -0.00631521875038743 0.03604573421444565 -0.14919299313519152
v -0.0067618051543831825 0.034671283585799934 -0.14919299313519152
v -0.006912867538630962 0.03323401757780284 -0.14919299313519152
v -0.0067618051543831825 0.03179675156980574 -0.14919299313519152
v -0.00631521875038743 0.030422300941160024 -0.14919299313519152
v -0.005592627450823784 0.02917073588151306 -0.14919299313519152
v -0.00462561147287488 0.02809675564322442 -0.14919299313519152
v -0.003456433769315481 0.027247298651224078 -0.14919299313519152
v -0.0021361936815083027 0.026659489751642645 -0.14919299313519152
v -0.0007225914159789681 0.02635901947770089 -0.14919299313519152
v 0.0007225914159789681 0.02635901947770089 -0.14919299313519152
v 0.0021361936815083027 0.026659489751642645 -0.14919299313519152
v 0.003456433769315481 0.027247298651224078 -0.14919299313519152
v 0.00462561147287488 0.02809675564322442 -0.14919299313519152
v 0.005592627450823784 0.02917073588151306 -0.14919299313519152
v 0.00631521875038743 0.030422300941160024 -0.14919299313519152
v 0.0067618051543831825 0.03179675156980574 -0.14919299313519152
v 0.006912867538630962 0.03323401757780284 -0.14919299313519152
v 0.005962867755442858 0.03323401757780284 -0.14988320851884784
v 0.005832564551383257 0.034473767530022265 -0.14988320851884784
v 0.005447350908070803 0.03565933429900378 -0.14988320851884784
v 0.0048240614123642445 0.036738903171232046 -0.14988320851884784
v 0.003989937249571085 0.037665291831677855 -0.14988320851884784
v 0.002981433877721429 0.03839801266122431 -0.14988320851884784
v 0.0018426274182274938 0.038905041900312604 -0.14988320851884784
v 0.0006232893792912364 0.03916422012526363 -0.14988320851884784
v -0.0006232893792912364 0.03916422012526363 -0.14988320851884784
v -0.0018426274182274938 0.038905041900312604 -0.14988320851884784
v -0.002981433877721429 0.03839801266122431 -0.14988320851884784
v -0.003989937249571085 0.037665291831677855 -0.14988320851884784
v -0.0048240614123642445 0.036738903171232046 -0.14988320851884784
v -0.005447350908070803 0.03565933429900378 -0.14988320851884784
v -0.005832564551383257 0.034473767530022265 -0.14988320851884784
v -0.005962867755442858 0.03323401757780284 -0.14988320851884784
v -0.005832564551383257 0.03199426762558341 -0.14988320851884784
v -0.005447350908070803 0.030808700856601895 -0.14988320851884784
v -0.0048240614123642445 0.02972913198437363 -0.14988320851884784
v -0.003989937249571085 0.02880274332392782 -0.14988320851884784
v -0.002981433877721429 0.02807002249438137 -0.14988320851884784
v -0.0018426274182274938 0.027562993255293072 -0.14988320851884784
v -0.0006232893792912364 0.027303815030342043 -0.14988320851884784
v 0.0006232893792912364 0.027303815030342043 -0.14988320851884784
v 0.0018426274182274938 0.027562993255293072 -0.14988320851884784
v 0.002981433877721429 0.02807002249438137 -0.14988320851884784
v 0.003989937249571085 0.02880274332392782 -0.14988320851884784
v 0.0048240614123642445 0.02972913198437363 -0.14988320851884784
v 0.005447350908070803 0.030808700856601895 -0.14988320851884784
v 0.005832564551383257 0.03199426762558341 -0.14988320851884784
v 0.005962867755442858 0.03323401757780284 -0.14988320851884784
v 0.00559999980032444 0.03323401757780284 -0.15100000049173834
v 0.005477626342326403 0.034398323067313136 -0.15100000049173834
v 0.005115854553878307 0.03551174272116095 -0.15100000049173834
v 0.004530495032668114 0.03652561493482262 -0.15100000049173834
v 0.0037471314426511526 0.037395628777181805 -0.15100000049173834
v 0.00279999990016222 0.03808375974450082 -0.15100000049173834
v 0.0017304951325058937 0.0385599342666921 -0.15100000049173834
v 0.0005853594047948718 0.03880334007818073 -0.15100000049173834
v -0.0005853594047948718 0.03880334007818073 -0.15100000049173834
v -0.0017304951325058937 0.0385599342666921 -0.15100000049173834
v -0.00279999990016222 0.03808375974450082 -0.15100000049173834
v -0.0037471314426511526 0.037395628777181805 -0.15100000049173834
v -0.004530495032668114 0.03652561493482262 -0.15100000049173834
v -0.005115854553878307 0.03551174272116095 -0.15100000049173834
v -0.005477626342326403 0.034398323067313136 -0.15100000049173834
v -0.00559999980032444 0.03323401757780284 -0.15100000049173834
v -0.005477626342326403 0.03206971208829254 -0.15100000049173834
v -0.005115854553878307 0.030956292434444727 -0.15100000049173834
v -0.004530495032668114 0.029942420220783056 -0.15100000049173834
v -0.0037471314426511526 0.02907240637842387 -0.15100000049173834
v -0.00279999990016222 0.02838427541110486 -0.15100000049173834
v -0.0017304951325058937 0.027908100888913573 -0.15100000049173834
v -0.0005853594047948718 0.027664695077424944 -0.15100000049173834
v 0.0005853594047948718 0.027664695077424944 -0.15100000049173834
v 0.0017304951325058937 0.027908100888913573 -0.15100000049173834
v 0.00279999990016222 0.02838427541110486 -0.15100000049173834
v 0.0037471314426511526 0.02907240637842387 -0.15100000049173834
v 0.004530495032668114 0.029942420220783056 -0.15100000049173834
v 0.005115854553878307 0.030956292434444727 -0.15100000049173834
v 0.005477626342326403 0.03206971208829254 -0.15100000049173834
v 0.00559999980032444 0.03323401757780284 -0.15100000049173834
v 0.005962867755442858 0.03323401757780284 -0.15211679246462884
v 0.005832564551383257 0.034473767530022265 -0.15211679246462884
v 0.005447350908070803 0.03565933429900378 -0.15211679246462884
v 0.0048240614123642445 0.036738903171232046 -0.15211679246462884
v 0.003989937249571085 0.037665291831677855 -0.15211679246462884
v 0.002981433877721429 0.03839801266122431 -0.15211679246462884
v 0.0018426274182274938 0.038905041900312604 -0.15211679246462884
v 0.0006232893792912364 0.03916422012526363 -0.15211679246462884
v -0.0006232893792912364 0.03916422012526363 -0.15211679246462884
v -0.0018426274182274938 0.038905041900312604 -0.15211679246462884
v -0.002981433877721429 0.03839801266122431 -0.15211679246462884
v -0.003989937249571085 0.037665291831677855 -0.15211679246462884
v -0.0048240614123642445 0.036738903171232046 -0.15211679246462884
v -0.005447350908070803 0.03565933429900378 -0.15211679246462884
v -0.005832564551383257 0.034473767530022265 -0.15211679246462884
v -0.005962867755442858 0.03323401757780284 -0.15211679246462884
v -0.005832564551383257 0.03199426762558341 -0.15211679246462884
v -0.005447350908070803 0.030808700856601895 -0.15211679246462884
v -0.0048240614123642445 0.02972913198437363 -0.15211679246462884
v -0.003989937249571085 0.02880274332392782 -0.15211679246462884
v -0.002981433877721429 0.02807002249438137 -0.15211679246462884
v -0.0018426274182274938 0.027562993255293072 -0.15211679246462884
v -0.0006232893792912364 0.027303815030342043 -0.15211679246462884
v 0.0006232893792912364 0.027303815030342043 -0.15211679246462884
v 0.0018426274182274938 0.027562993255293072 -0.15211679246462884
v 0.002981433877721429 0.02807002249438137 -0.15211679246462884
v 0.003989937249571085 0.02880274332392782 -0.15211679246462884
v 0.0048240614123642445 0.02972913198437363 -0.15211679246462884
v 0.005447350908070803 0.030808700856601895 -0.15211679246462884
v 0.005832564551383257 0.03199426762558341 -0.15211679246462884
v 0.005962867755442858 0.03323401757780284 -0.15211679246462884
v 0.006912867538630962 0.03323401757780284 -0.15280700784828516
v 0.0067618051543831825 0.034671283585799934 -0.15280700784828516
v 0.00631521875038743 0.03604573421444565 -0.15280700784828516
v 0.005592627450823784 0.037297299274092616 -0.15280700784828516
v 0.00462561147287488 0.03837127951238126 -0.15280700784828516
v 0.003456433769315481 0.0392207365043816 -0.15280700784828516
v 0.0021361936815083027 0.03980854540396303 -0.15280700784828516
v 0.0007225914159789681 0.040109015677904786 -0.15280700784828516
v -0.0007225914159789681 0.040109015677904786 -0.15280700784828516
v -0.0021361936815083027 0.03980854540396303 -0.15280700784828516
v -0.003456433769315481 0.0392207365043816 -0.15280700784828516
v -0.00462561147287488 0.03837127951238126 -0.15280700784828516
v -0.005592627450823784 0.037297299274092616 -0.15280700784828516
v -0.00631521875038743 0.03604573421444565 -0.15280700784828516
v -0.0067618051543831825 0.034671283585799934 -0.15280700784828516
v -0.006912867538630962 0.03323401757780284 -0.15280700784828516
v -0.0067618051543831825 0.03179675156980574 -0.15280700784828516
v -0.00631521875038743 0.030422300941160024 -0.15280700784828516
v -0.005592627450823784 0.02917073588151306 -0.15280700784828516
v -0.00462561147287488 0.02809675564322442 -0.15280700784828516
v -0.003456433769315481 0.027247298651224078 -0.15280700784828516
v -0.0021361936815083027 0.026659489751642645 -0.15280700784828516
v -0.0007225914159789681 0.02635901947770089 -0.15280700784828516
v 0.0007225914159789681 0.02635901947770089 -0.15280700784828516
v 0.0021361936815083027 0.026659489751642645 -0.15280700784828516
v 0.003456433769315481 0.027247298651224078 -0.15280700784828516
v 0.00462561147287488 0.02809675564322442 -0.15280700784828516
v 0.005592627450823784 0.02917073588151306 -0.15280700784828516
v 0.00631521875038743 0.030422300941160024 -0.15280700784828516
v 0.0067618051543831825 0.03179675156980574 -0.15280700784828516
v 0.006912867538630962 0.03323401757780284 -0.15280700784828516
v 0.00808713212609291 0.03323401757780284 -0.15280700784828516
v 0.00791040901094675 0.034915426888352336 -0.15280700784828516
v 0.007387963123619556 0.036523350656813086 -0.15280700784828516
v 0.0065426272340118885 0.03798751454133362 -0.15280700784828516
v 0.0054113478399813175 0.03924392829913467 -0.15280700784828516
v 0.004043566063046455 0.04023767975423306 -0.15280700784828516
v 0.0024990614037960768 0.04092533760968417 -0.15280700784828516
v 0.0008453354821540415 0.041276847620343865 -0.15280700784828516
v -0.0008453354821540415 0.041276847620343865 -0.15280700784828516
v -0.0024990614037960768 0.04092533760968417 -0.15280700784828516
v -0.004043566063046455 0.04023767975423306 -0.15280700784828516
v -0.0054113478399813175 0.03924392829913467 -0.15280700784828516
v -0.0065426272340118885 0.03798751454133362 -0.15280700784828516
v -0.007387963123619556 0.036523350656813086 -0.15280700784828516
v -0.00791040901094675 0.034915426888352336 -0.15280700784828516
v -0.00808713212609291 0.03323401757780284 -0.15280700784828516
v -0.00791040901094675 0.03155260826725334 -0.15280700784828516
v -0.007387963123619556 0.02994468449879259 -0.15280700784828516
v -0.0065426272340118885 0.02848052061427206 -0.15280700784828516
v -0.0054113478399813175 0.027224106856471003 -0.15280700784828516
v -0.004043566063046455 0.026230355401372613 -0.15280700784828516
v -0.0024990614037960768 0.025542697545921506 -0.15280700784828516
v -0.0008453354821540415 0.02519118753526181 -0.15280700784828516
v 0.0008453354821540415 0.02519118753526181 -0.15280700784828516
v 0.0024990614037960768 0.025542697545921506 -0.15280700784828516
v 0.004043566063046455 0.026230355401372613 -0.15280700784828516
v 0.0054113478399813175 0.027224106856471003 -0.15280700784828516
v 0.0065426272340118885 0.02848052061427206 -0.15280700784828516
v 0.007387963123619556 0.02994468449879259 -0.15280700784828516
v 0.00791040901094675 0.03155260826725334 -0.15280700784828516
v 0.00808713212609291 0.03323401757780284 -0.15280700784828516
v 0.009037132374942303 0.03323401757780284 -0.15211679246462884
v 0.008839649148285389 0.035112943060545326 -0.15211679246462884
v 0.008255830965936184 0.03690975033942431 -0.15211679246462884
v 0.007311193738132715 0.03854591087702483 -0.15211679246462884
v 0.006047021597623825 0.03994991551417679 -0.15211679246462884
v 0.004518566187471151 0.041060403597390355 -0.15211679246462884
v 0.002792627550661564 0.041828841578995885 -0.15211679246462884
v 0.0009446375770494342 0.042221643638646306 -0.15211679246462884
v -0.0009446375770494342 0.042221643638646306 -0.15211679246462884
v -0.002792627550661564 0.041828841578995885 -0.15211679246462884
v -0.004518566187471151 0.041060403597390355 -0.15211679246462884
v -0.006047021597623825 0.03994991551417679 -0.15211679246462884
v -0.007311193738132715 0.03854591087702483 -0.15211679246462884
v -0.008255830965936184 0.03690975033942431 -0.15211679246462884
v -0.008839649148285389 0.035112943060545326 -0.15211679246462884
v -0.009037132374942303 0.03323401757780284 -0.15211679246462884
v -0.008839649148285389 0.03135509209506035 -0.15211679246462884
v -0.008255830965936184 0.029558284816181363 -0.15211679246462884
v -0.007311193738132715 0.027922124278580845 -0.15211679246462884
v -0.006047021597623825 0.02651811964142889 -0.15211679246462884
v -0.004518566187471151 0.02540763155821532 -0.15211679246462884
v -0.002792627550661564 0.02463919357660979 -0.15211679246462884
v -0.0009446375770494342 0.02424639151695937 -0.15211679246462884
v 0.0009446375770494342 0.02424639151695937 -0.15211679246462884
v 0.002792627550661564 0.02463919357660979 -0.15211679246462884
v 0.004518566187471151 0.02540763155821532 -0.15211679246462884
v 0.006047021597623825 0.02651811964142889 -0.15211679246462884
v 0.007311193738132715 0.027922124278580845 -0.15211679246462884
v 0.008255830965936184 0.029558284816181363 -0.15211679246462884
v 0.008839649148285389 0.03135509209506035 -0.15211679246462884
v 0.009037132374942303 0.03323401757780284 -0.15211679246462884
v 0.009399999864399433 0.03323401757780284 -0.15100000049173834
v 0.009194587357342243 0.035188387523254455 -0.15100000049173834
v 0.008587326854467392 0.037057341917267145 -0.15100000049173834
v 0.007604759652167559 0.038759199113434256 -0.15100000049173834
v 0.006289827637374401 0.040219579034334124 -0.15100000049173834
v 0.004699999932199717 0.04137465604845256 -0.15100000049173834
v 0.002904759719967842 0.0421739487469551 -0.15100000049173834
v 0.0009825675515457988 0.04258252368572921 -0.15100000049173834
v -0.0009825675515457988 0.04258252368572921 -0.15100000049173834
v -0.002904759719967842 0.0421739487469551 -0.15100000049173834
v -0.004699999932199717 0.04137465604845256 -0.15100000049173834
v -0.006289827637374401 0.040219579034334124 -0.15100000049173834
v -0.007604759652167559 0.038759199113434256 -0.15100000049173834
v -0.008587326854467392 0.037057341917267145 -0.15100000049173834
v -0.009194587357342243 0.035188387523254455 -0.15100000049173834
v -0.009399999864399433 0.03323401757780284 -0.15100000049173834
v -0.009194587357342243 0.03127964763235122 -0.15100000049173834
v -0.008587326854467392 0.02941069323833853 -0.15100000049173834
v -0.007604759652167559 0.02770883604217142 -0.15100000049173834
v -0.006289827637374401 0.02624845612127155 -0.15100000049173834
v -0.004699999932199717 0.02509337910715312 -0.15100000049173834
v -0.002904759719967842 0.024294086408650578 -0.15100000049173834
v -0.0009825675515457988 0.02388551146987647 -0.15100000049173834
v 0.0009825675515457988 0.02388551146987647 -0.15100000049173834
v 0.002904759719967842 0.024294086408650578 -0.15100000049173834
v 0.004699999932199717 0.02509337910715312 -0.15100000049173834
v 0.006289827637374401 0.02624845612127155 -0.15100000049173834
v 0.007604759652167559 0.02770883604217142 -0.15100000049173834
v 0.008587326854467392 0.02941069323833853 -0.15100000049173834
v 0.009194587357342243 0.03127964763235122 -0.15100000049173834
v 0.009399999864399433 0.03323401757780284 -0.15100000049173834
vt 0 0
vt 0.03333333507180214 0
vt 0.06666667014360428 0
vt 0.10000000149011612 0
vt 0.13333334028720856 0
vt 0.1666666716337204 0
vt 0.20000000298023224 0
vt 0.23333333432674408 0
vt 0.2666666805744171 0
vt 0.30000001192092896 0
vt 0.3333333432674408 0
vt 0.36666667461395264 0
vt 0.4000000059604645 0
vt 0.4333333373069763 0
vt 0.46666666865348816 0
vt 0.5 0
vt 0.5333333611488342 0
vt 0.5666666626930237 0
vt 0.6000000238418579 0
vt 0.6333333253860474 0
vt 0.6666666865348816 0
vt 0.699999988079071 0
vt 0.7333333492279053 0
vt 0.7666666507720947 0
vt 0.800000011920929 0
vt 0.8333333134651184 0
vt 0.8666666746139526 0
vt 0.8999999761581421 0
vt 0.9333333373069763 0
vt 0.9666666388511658 0
vt 1 0
vt 0 0.10000000149011612
vt 0.03333333507180214 0.10000000149011612
vt 0.06666667014360428 0.10000000149011612
vt 0.10000000149011612 0.10000000149011612
vt 0.13333334028720856 0.10000000149011612
vt 0.1666666716337204 0.10000000149011612
vt 0.20000000298023224 0.10000000149011612
vt 0.23333333432674408 0.10000000149011612
vt 0.2666666805744171 0.10000000149011612
vt 0.30000001192092896 0.10000000149011612
vt 0.3333333432674408 0.10000000149011612
vt 0.36666667461395264 0.10000000149011612
vt 0.4000000059604645 0.10000000149011612
vt 0.4333333373069763 0.10000000149011612
vt 0.46666666865348816 0.10000000149011612
vt 0.5 0.10000000149011612
vt 0.5333333611488342 0.10000000149011612
vt 0.5666666626930237 0.10000000149011612
vt 0.6000000238418579 0.10000000149011612
vt 0.6333333253860474 0.10000000149011612
vt 0.6666666865348816 0.10000000149011612
vt 0.699999988079071 0.10000000149011612
vt 0.7333333492279053 0.10000000149011612
vt 0.7666666507720947 0.10000000149011612
vt 0.800000011920929 0.10000000149011612
vt 0.8333333134651184 0.10000000149011612
vt 0.8666666746139526 0.10000000149011612
vt 0.8999999761581421 0.10000000149011612
vt 0.9333333373069763 0.10000000149011612
vt 0.9666666388511658 0.10000000149011612
vt 1 0.10000000149011612
vt 0 0.20000000298023224
vt 0.03333333507180214 0.20000000298023224
vt 0.06666667014360428 0.20000000298023224
vt 0.10000000149011612 0.20000000298023224
vt 0.13333334028720856 0.20000000298023224
vt 0.1666666716337204 0.20000000298023224
vt 0.20000000298023224 0.20000000298023224
vt 0.23333333432674408 0.20000000298023224
vt 0.2666666805744171 0.20000000298023224
vt 0.30000001192092896 0.20000000298023224
vt 0.3333333432674408 0.20000000298023224
vt 0.36666667461395264 0.20000000298023224
vt 0.4000000059604645 0.20000000298023224
vt 0.4333333373069763 0.20000000298023224
vt 0.46666666865348816 0.20000000298023224
vt 0.5 0.20000000298023224
vt 0.5333333611488342 0.20000000298023224
vt 0.5666666626930237 0.20000000298023224
vt 0.6000000238418579 0.20000000298023224
vt 0.6333333253860474 0.20000000298023224
vt 0.6666666865348816 0.20000000298023224
vt 0.699999988079071 0.20000000298023224
vt 0.7333333492279053 0.20000000298023224
vt 0.7666666507720947 0.20000000298023224
vt 0.800000011920929 0.20000000298023224
vt 0.8333333134651184 0.20000000298023224
vt 0.8666666746139526 0.20000000298023224
vt 0.8999999761581421 0.20000000298023224
vt 0.9333333373069763 0.20000000298023224
vt 0.9666666388511658 0.20000000298023224
vt 1 0.20000000298023224
vt 0 0.30000001192092896
vt 0.03333333507180214 0.30000001192092896
vt 0.06666667014360428 0.30000001192092896
vt 0.10000000149011612 0.30000001192092896
vt 0.13333334028720856 0.30000001192092896
vt 0.1666666716337204 0.30000001192092896
vt 0.20000000298023224 0.30000001192092896
vt 0.23333333432674408 0.30000001192092896
vt 0.2666666805744171 0.30000001192092896
vt 0.30000001192092896 0.30000001192092896
vt 0.3333333432674408 0.30000001192092896
vt 0.36666667461395264 0.30000001192092896
vt 0.4000000059604645 0.30000001192092896
vt 0.4333333373069763 0.30000001192092896
vt 0.46666666865348816 0.30000001192092896
vt 0.5 0.30000001192092896
vt 0.5333333611488342 0.30000001192092896
vt 0.5666666626930237 0.30000001192092896
vt 0.6000000238418579 0.30000001192092896
vt 0.6333333253860474 0.30000001192092896
vt 0.6666666865348816 0.30000001192092896
vt 0.699999988079071 0.30000001192092896
vt 0.7333333492279053 0.30000001192092896
vt 0.7666666507720947 0.30000001192092896
vt 0.800000011920929 0.30000001192092896
vt 0.8333333134651184 0.30000001192092896
vt 0.8666666746139526 0.30000001192092896
vt 0.8999999761581421 0.30000001192092896
vt 0.9333333373069763 0.30000001192092896
vt 0.9666666388511658 0.30000001192092896
vt 1 0.30000001192092896
vt 0 0.4000000059604645
vt 0.03333333507180214 0.4000000059604645
vt 0.06666667014360428 0.4000000059604645
vt 0.10000000149011612 0.4000000059604645
vt 0.13333334028720856 0.4000000059604645
vt 0.1666666716337204 0.4000000059604645
vt 0.20000000298023224 0.4000000059604645
vt 0.23333333432674408 0.4000000059604645
vt 0.2666666805744171 0.4000000059604645
vt 0.30000001192092896 0.4000000059604645
vt 0.3333333432674408 0.4000000059604645
vt 0.36666667461395264 0.4000000059604645
vt 0.4000000059604645 0.4000000059604645
vt 0.4333333373069763 0.4000000059604645
vt 0.46666666865348816 0.4000000059604645
vt 0.5 0.4000000059604645
vt 0.5333333611488342 0.4000000059604645
vt 0.5666666626930237 0.4000000059604645
vt 0.6000000238418579 0.4000000059604645
vt 0.6333333253860474 0.4000000059604645
vt 0.6666666865348816 0.4000000059604645
vt 0.699999988079071 0.4000000059604645
vt 0.7333333492279053 0.4000000059604645
vt 0.7666666507720947 0.4000000059604645
vt 0.800000011920929 0.4000000059604645
vt 0.8333333134651184 0.4000000059604645
vt 0.8666666746139526 0.4000000059604645
vt 0.8999999761581421 0.4000000059604645
vt 0.9333333373069763 0.4000000059604645
vt 0.9666666388511658 0.4000000059604645
vt 1 0.4000000059604645
vt 0 0.5
vt 0.03333333507180214 0.5
vt 0.06666667014360428 0.5
vt 0.10000000149011612 0.5
vt 0.13333334028720856 0.5
vt 0.1666666716337204 0.5
vt 0.20000000298023224 0.5
vt 0.23333333432674408 0.5
vt 0.2666666805744171 0.5
vt 0.30000001192092896 0.5
vt 0.3333333432674408 0.5
vt 0.36666667461395264 0.5
vt 0.4000000059604645 0.5
vt 0.4333333373069763 0.5
vt 0.46666666865348816 0.5
vt 0.5 0.5
vt 0.5333333611488342 0.5
vt 0.5666666626930237 0.5
vt 0.6000000238418579 0.5
vt 0.6333333253860474 0.5
vt 0.6666666865348816 0.5
vt 0.699999988079071 0.5
vt 0.7333333492279053 0.5
vt 0.7666666507720947 0.5
vt 0.800000011920929 0.5
vt 0.8333333134651184 0.5
vt 0.8666666746139526 0.5
vt 0.8999999761581421 0.5
vt 0.9333333373069763 0.5
vt 0.9666666388511658 0.5
vt 1 0.5
vt 0 0.6000000238418579
vt 0.03333333507180214 0.6000000238418579
vt 0.06666667014360428 0.6000000238418579
vt 0.10000000149011612 0.6000000238418579
vt 0.13333334028720856 0.6000000238418579
vt 0.1666666716337204 0.6000000238418579
vt 0.20000000298023224 0.6000000238418579
vt 0.23333333432674408 0.6000000238418579
vt 0.2666666805744171 0.6000000238418579
vt 0.30000001192092896 0.6000000238418579
vt 0.3333333432674408 0.6000000238418579
vt 0.36666667461395264 0.6000000238418579
vt 0.4000000059604645 0.6000000238418579
vt 0.4333333373069763 0.6000000238418579
vt 0.46666666865348816 0.6000000238418579
vt 0.5 0.6000000238418579
vt 0.5333333611488342 0.6000000238418579
vt 0.5666666626930237 0.6000000238418579
vt 0.6000000238418579 0.6000000238418579
vt 0.6333333253860474 0.6000000238418579
vt 0.6666666865348816 0.6000000238418579
vt 0.699999988079071 0.6000000238418579
vt 0.7333333492279053 0.6000000238418579
vt 0.7666666507720947 0.6000000238418579
vt 0.800000011920929 0.6000000238418579
vt 0.8333333134651184 0.6000000238418579
vt 0.8666666746139526 0.6000000238418579
vt 0.8999999761581421 0.6000000238418579
vt 0.9333333373069763 0.6000000238418579
vt 0.9666666388511658 0.6000000238418579
vt 1 0.6000000238418579
vt 0 0.699999988079071
vt 0.03333333507180214 0.699999988079071
vt 0.06666667014360428 0.699999988079071
vt 0.10000000149011612 0.699999988079071
vt 0.13333334028720856 0.699999988079071
vt 0.1666666716337204 0.699999988079071
vt 0.20000000298023224 0.699999988079071
vt 0.23333333432674408 0.699999988079071
vt 0.2666666805744171 0.699999988079071
vt 0.30000001192092896 0.699999988079071
vt 0.3333333432674408 0.699999988079071
vt 0.36666667461395264 0.699999988079071
vt 0.4000000059604645 0.699999988079071
vt 0.4333333373069763 0.699999988079071
vt 0.46666666865348816 0.699999988079071
vt 0.5 0.699999988079071
vt 0.5333333611488342 0.699999988079071
vt 0.5666666626930237 0.699999988079071
vt 0.6000000238418579 0.699999988079071
vt 0.6333333253860474 0.699999988079071
vt 0.6666666865348816 0.699999988079071
vt 0.699999988079071 0.699999988079071
vt 0.7333333492279053 0.699999988079071
vt 0.7666666507720947 0.699999988079071
vt 0.800000011920929 0.699999988079071
vt 0.8333333134651184 0.699999988079071
vt 0.8666666746139526 0.699999988079071
vt 0.8999999761581421 0.699999988079071
vt 0.9333333373069763 0.699999988079071
vt 0.9666666388511658 0.699999988079071
vt 1 0.699999988079071
vt 0 0.800000011920929
vt 0.03333333507180214 0.800000011920929
vt 0.06666667014360428 0.800000011920929
vt 0.10000000149011612 0.800000011920929
vt 0.13333334028720856 0.800000011920929
vt 0.1666666716337204 0.800000011920929
vt 0.20000000298023224 0.800000011920929
vt 0.23333333432674408 0.800000011920929
vt 0.2666666805744171 0.800000011920929
vt 0.30000001192092896 0.800000011920929
vt 0.3333333432674408 0.800000011920929
vt 0.36666667461395264 0.800000011920929
vt 0.4000000059604645 0.800000011920929
vt 0.4333333373069763 0.800000011920929
vt 0.46666666865348816 0.800000011920929
vt 0.5 0.800000011920929
vt 0.5333333611488342 0.800000011920929
vt 0.5666666626930237 0.800000011920929
vt 0.6000000238418579 0.800000011920929
vt 0.6333333253860474 0.800000011920929
vt 0.6666666865348816 0.800000011920929
vt 0.699999988079071 0.800000011920929
vt 0.7333333492279053 0.800000011920929
vt 0.7666666507720947 0.800000011920929
vt 0.800000011920929 0.800000011920929
vt 0.8333333134651184 0.800000011920929
vt 0.8666666746139526 0.800000011920929
vt 0.8999999761581421 0.800000011920929
vt 0.9333333373069763 0.800000011920929
vt 0.9666666388511658 0.800000011920929
vt 1 0.800000011920929
vt 0 0.8999999761581421
vt 0.03333333507180214 0.8999999761581421
vt 0.06666667014360428 0.8999999761581421
vt 0.10000000149011612 0.8999999761581421
vt 0.13333334028720856 0.8999999761581421
vt 0.1666666716337204 0.8999999761581421
vt 0.20000000298023224 0.8999999761581421
vt 0.23333333432674408 0.8999999761581421
vt 0.2666666805744171 0.8999999761581421
vt 0.30000001192092896 0.8999999761581421
vt 0.3333333432674408 0.8999999761581421
vt 0.36666667461395264 0.8999999761581421
vt 0.4000000059604645 0.8999999761581421
vt 0.4333333373069763 0.8999999761581421
vt 0.46666666865348816 0.8999999761581421
vt 0.5 0.8999999761581421
vt 0.5333333611488342 0.8999999761581421
vt 0.5666666626930237 0.8999999761581421
vt 0.6000000238418579 0.8999999761581421
vt 0.6333333253860474 0.8999999761581421
vt 0.6666666865348816 0.8999999761581421
vt 0.699999988079071 0.8999999761581421
vt 0.7333333492279053 0.8999999761581421
vt 0.7666666507720947 0.8999999761581421
vt 0.800000011920929 0.8999999761581421
vt 0.8333333134651184 0.8999999761581421
vt 0.8666666746139526 0.8999999761581421
vt 0.8999999761581421 0.8999999761581421
vt 0.9333333373069763 0.8999999761581421
vt 0.9666666388511658 0.8999999761581421
vt 1 0.8999999761581421
vt 0 1
vt 0.03333333507180214 1
vt 0.06666667014360428 1
vt 0.10000000149011612 1
vt 0.13333334028720856 1
vt 0.1666666716337204 1
vt 0.20000000298023224 1
vt 0.23333333432674408 1
vt 0.2666666805744171 1
vt 0.30000001192092896 1
vt 0.3333333432674408 1
vt 0.36666667461395264 1
vt 0.4000000059604645 1
vt 0.4333333373069763 1
vt 0.46666666865348816 1
vt 0.5 1
vt 0.5333333611488342 1
vt 0.5666666626930237 1
vt 0.6000000238418579 1
vt 0.6333333253860474 1
vt 0.6666666865348816 1
vt 0.699999988079071 1
vt 0.7333333492279053 1
vt 0.7666666507720947 1
vt 0.800000011920929 1
vt 0.8333333134651184 1
vt 0.8666666746139526 1
vt 0.8999999761581421 1
vt 0.9333333373069763 1
vt 0.9666666388511658 1
vt 1 1
vn 1 0 0
vn 0.9781476029836251 0.2079116802331908 0
vn 0.9135454533753186 0.40673665266027326 0
vn 0.8090170011595983 0.5877852429542022 0
vn 0.6691306233342523 0.7431448101926803 0
vn 0.5000000067305869 0.8660253998985324 0
vn 0.3090169948284817 0.9510565161477913 0
vn 0.10452846222910053 0.9945218954774298 0
vn -0.10452846222910053 0.9945218954774298 0
vn -0.3090169948284817 0.9510565161477913 0
vn -0.5000000067305869 0.8660253998985324 0
vn -0.6691306233342523 0.7431448101926803 0
vn -0.8090170011595983 0.5877852429542022 0
vn -0.9135454533753186 0.40673665266027326 0
vn -0.9781476029836251 0.2079116802331908 0
vn -1 1.2246468525851679e-16 0
vn -0.9781476029836251 -0.2079116802331908 0
vn -0.9135454533753186 -0.40673665266027326 0
vn -0.8090170011595983 -0.5877852429542022 0
vn -0.6691306233342523 -0.7431448101926803 0
vn -0.5000000067305869 -0.8660253998985324 0
vn -0.3090169948284817 -0.9510565161477913 0
vn -0.10452846222910053 -0.9945218954774298 0
vn 0.10452846222910053 -0.9945218954774298 0
vn 0.3090169948284817 -0.9510565161477913 0
vn 0.5000000067305869 -0.8660253998985324 0
vn 0.6691306233342523 -0.7431448101926803 0
vn 0.8090170011595983 -0.5877852429542022 0
vn 0.9135454533753186 -0.40673665266027326 0
vn 0.9781476029836251 -0.2079116802331908 0
vn 1 -2.4492937051703357e-16 0
vn 0.8090170011595983 0 0.5877852429542022
vn 0.7913380347694764 0.1682040857914516 0.5877852501128663
vn 0.7390738090735351 0.3290568572853501 0.5877852408958771
vn 0.6545084820016838 0.4755282776441266 0.5877852534290582
vn 0.5413380307816883 0.6012167977894 0.5877852486114834
vn 0.40450849559501084 0.7006292840523903 0.5877852357108809
vn 0.25000000547057527 0.7694208790345749 0.5877852568501308
vn 0.08456530567360536 0.8045851130530445 0.5877852540934906
vn -0.08456530567360536 0.8045851130530445 0.5877852540934906
vn -0.25000000547057527 0.7694208790345749 0.5877852568501308
vn -0.40450849559501084 0.7006292840523903 0.5877852357108809
vn -0.5413380307816883 0.6012167977894 0.5877852486114834
vn -0.6545084820016838 0.4755282776441266 0.5877852534290582
vn -0.7390738090735351 0.3290568572853501 0.5877852408958771
vn -0.7913380347694764 0.1682040857914516 0.5877852501128663
vn -0.8090170011595983 9.907600768053078e-17 0.5877852429542022
vn -0.7913380347694764 -0.1682040857914516 0.5877852501128663
vn -0.7390738090735351 -0.3290568572853501 0.5877852408958771
vn -0.6545084820016838 -0.4755282776441266 0.5877852534290582
vn -0.5413380307816883 -0.6012167977894 0.5877852486114834
vn -0.40450849559501084 -0.7006292840523903 0.5877852357108809
vn -0.25000000547057527 -0.7694208790345749 0.5877852568501308
vn -0.08456530567360536 -0.8045851130530445 0.5877852540934906
vn 0.08456530567360536 -0.8045851130530445 0.5877852540934906
vn 0.25000000547057527 -0.7694208790345749 0.5877852568501308
vn 0.40450849559501084 -0.7006292840523903 0.5877852357108809
vn 0.5413380307816883 -0.6012167977894 0.5877852486114834
vn 0.6545084820016838 -0.4755282776441266 0.5877852534290582
vn 0.7390738090735351 -0.3290568572853501 0.5877852408958771
vn 0.7913380347694764 -0.1682040857914516 0.5877852501128663
vn 0.8090170011595983 -1.9815201536106157e-16 0.5877852429542022
vn 0.3090169948284817 0 0.9510565161477913
vn 0.30226423541356434 0.06424824724475749 0.9510565149957335
vn 0.2823010620896563 0.12568853518760317 0.9510565190699483
vn 0.24999999431051087 0.18163562897734423 0.9510565183682562
vn 0.20677272539690164 0.2296443682197275 0.9510565199697123
vn 0.15450849759791035 0.267616563598785 0.9510565172783444
vn 0.09549150409137153 0.2938926156295723 0.9510565194165781
vn 0.03230107126126292 0.30732416374025573 0.951056517340966
vn -0.03230107126126292 0.30732416374025573 0.951056517340966
vn -0.09549150409137153 0.2938926156295723 0.9510565194165781
vn -0.15450849759791035 0.267616563598785 0.9510565172783444
vn -0.20677272539690164 0.2296443682197275 0.9510565199697123
vn -0.24999999431051087 0.18163562897734423 0.9510565183682562
vn -0.2823010620896563 0.12568853518760317 0.9510565190699483
vn -0.30226423541356434 0.06424824724475749 0.9510565149957335
vn -0.3090169948284817 3.784366758465668e-17 0.9510565161477913
vn -0.30226423541356434 -0.06424824724475749 0.9510565149957335
vn -0.2823010620896563 -0.12568853518760317 0.9510565190699483
vn -0.24999999431051087 -0.18163562897734423 0.9510565183682562
vn -0.20677272539690164 -0.2296443682197275 0.9510565199697123
vn -0.15450849759791035 -0.267616563598785 0.9510565172783444
vn -0.09549150409137153 -0.2938926156295723 0.9510565194165781
vn -0.03230107126126292 -0.30732416374025573 0.951056517340966
vn 0.03230107126126292 -0.30732416374025573 0.951056517340966
vn 0.09549150409137153 -0.2938926156295723 0.9510565194165781
vn 0.15450849759791035 -0.267616563598785 0.9510565172783444
vn 0.20677272539690164 -0.2296443682197275 0.9510565199697123
vn 0.24999999431051087 -0.18163562897734423 0.9510565183682562
vn 0.2823010620896563 -0.12568853518760317 0.9510565190699483
vn 0.30226423541356434 -0.06424824724475749 0.9510565149957335
vn 0.3090169948284817 -7.568733516931335e-17 0.9510565161477913
vn -0.3090169948284817 0 0.9510565161477913
vn -0.30226423541356434 -0.06424824724475749 0.9510565149957335
vn -0.2823010620896563 -0.12568853518760317 0.9510565190699483
vn -0.24999999431051087 -0.18163562897734423 0.9510565183682562
vn -0.20677272539690164 -0.2296443682197275 0.9510565199697123
vn -0.15450849759791035 -0.267616563598785 0.9510565172783444
vn -0.09549150409137153 -0.2938926156295723 0.9510565194165781
vn -0.03230107126126292 -0.30732416374025573 0.951056517340966
vn 0.03230107126126292 -0.30732416374025573 0.951056517340966
vn 0.09549150409137153 -0.2938926156295723 0.9510565194165781
vn 0.15450849759791035 -0.267616563598785 0.9510565172783444
vn 0.20677272539690164 -0.2296443682197275 0.9510565199697123
vn 0.24999999431051087 -0.18163562897734423 0.9510565183682562
vn 0.2823010620896563 -0.12568853518760317 0.9510565190699483
vn 0.30226423541356434 -0.06424824724475749 0.9510565149957335
vn 0.3090169948284817 -3.784366758465668e-17 0.9510565161477913
vn 0.30226423541356434 0.06424824724475749 0.9510565149957335
vn 0.2823010620896563 0.12568853518760317 0.9510565190699483
vn 0.24999999431051087 0.18163562897734423 0.9510565183682562
vn 0.20677272539690164 0.2296443682197275 0.9510565199697123
vn 0.15450849759791035 0.267616563598785 0.9510565172783444
vn 0.09549150409137153 0.2938926156295723 0.9510565194165781
vn 0.03230107126126292 0.30732416374025573 0.951056517340966
vn -0.03230107126126292 0.30732416374025573 0.951056517340966
vn -0.09549150409137153 0.2938926156295723 0.9510565194165781
vn -0.15450849759791035 0.267616563598785 0.9510565172783444
vn -0.20677272539690164 0.2296443682197275 0.9510565199697123
vn -0.24999999431051087 0.18163562897734423 0.9510565183682562
vn -0.2823010620896563 0.12568853518760317 0.9510565190699483
vn -0.30226423541356434 0.06424824724475749 0.9510565149957335
vn -0.3090169948284817 7.568733516931335e-17 0.9510565161477913
vn -0.8090170011595983 0 0.5877852429542022
vn -0.7913380347694764 -0.1682040857914516 0.5877852501128663
vn -0.7390738090735351 -0.3290568572853501 0.5877852408958771
vn -0.6545084820016838 -0.4755282776441266 0.5877852534290582
vn -0.5413380307816883 -0.6012167977894 0.5877852486114834
vn -0.40450849559501084 -0.7006292840523903 0.5877852357108809
vn -0.25000000547057527 -0.7694208790345749 0.5877852568501308
vn -0.08456530567360536 -0.8045851130530445 0.5877852540934906
vn 0.08456530567360536 -0.8045851130530445 0.5877852540934906
vn 0.25000000547057527 -0.7694208790345749 0.5877852568501308
vn 0.40450849559501084 -0.7006292840523903 0.5877852357108809
vn 0.5413380307816883 -0.6012167977894 0.5877852486114834
vn 0.6545084820016838 -0.4755282776441266 0.5877852534290582
vn 0.7390738090735351 -0.3290568572853501 0.5877852408958771
vn 0.7913380347694764 -0.1682040857914516 0.5877852501128663
vn 0.8090170011595983 -9.907600768053078e-17 0.5877852429542022
vn 0.7913380347694764 0.1682040857914516 0.5877852501128663
vn 0.7390738090735351 0.3290568572853501 0.5877852408958771
vn 0.6545084820016838 0.4755282776441266 0.5877852534290582
vn 0.5413380307816883 0.6012167977894 0.5877852486114834
vn 0.40450849559501084 0.7006292840523903 0.5877852357108809
vn 0.25000000547057527 0.7694208790345749 0.5877852568501308
vn 0.08456530567360536 0.8045851130530445 0.5877852540934906
vn -0.08456530567360536 0.8045851130530445 0.5877852540934906
vn -0.25000000547057527 0.7694208790345749 0.5877852568501308
vn -0.40450849559501084 0.7006292840523903 0.5877852357108809
vn -0.5413380307816883 0.6012167977894 0.5877852486114834
vn -0.6545084820016838 0.4755282776441266 0.5877852534290582
vn -0.7390738090735351 0.3290568572853501 0.5877852408958771
vn -0.7913380347694764 0.1682040857914516 0.5877852501128663
vn -0.8090170011595983 1.9815201536106157e-16 0.5877852429542022
vn -1 0 1.2246468525851679e-16
vn -0.9781476029836251 -0.2079116802331908 1.224646823864733e-16
vn -0.9135454533753186 -0.40673665266027326 1.2246468843141363e-16
vn -0.8090170011595983 -0.5877852429542022 1.2246468504311792e-16
vn -0.6691306233342523 -0.7431448101926803 1.224646852573538e-16
vn -0.5000000067305869 -0.8660253998985324 1.224646869070352e-16
vn -0.3090169948284817 -0.9510565161477913 1.2246468218554823e-16
vn -0.10452846222910053 -0.9945218954774298 1.2246468274214173e-16
vn 0.10452846222910053 -0.9945218954774298 1.2246468274214173e-16
vn 0.3090169948284817 -0.9510565161477913 1.2246468218554823e-16
vn 0.5000000067305869 -0.8660253998985324 1.224646869070352e-16
vn 0.6691306233342523 -0.7431448101926803 1.224646852573538e-16
vn 0.8090170011595983 -0.5877852429542022 1.2246468504311792e-16
vn 0.9135454533753186 -0.40673665266027326 1.2246468843141363e-16
vn 0.9781476029836251 -0.2079116802331908 1.224646823864733e-16
vn 1 -1.2246468525851679e-16 1.2246468525851679e-16
vn 0.9781476029836251 0.2079116802331908 1.224646823864733e-16
vn 0.9135454533753186 0.40673665266027326 1.2246468843141363e-16
vn 0.8090170011595983 0.5877852429542022 1.2246468504311792e-16
vn 0.6691306233342523 0.7431448101926803 1.224646852573538e-16
vn 0.5000000067305869 0.8660253998985324 1.224646869070352e-16
vn 0.3090169948284817 0.9510565161477913 1.2246468218554823e-16
vn 0.10452846222910053 0.9945218954774298 1.2246468274214173e-16
vn -0.10452846222910053 0.9945218954774298 1.2246468274214173e-16
vn -0.3090169948284817 0.9510565161477913 1.2246468218554823e-16
vn -0.5000000067305869 0.8660253998985324 1.224646869070352e-16
vn -0.6691306233342523 0.7431448101926803 1.224646852573538e-16
vn -0.8090170011595983 0.5877852429542022 1.2246468504311792e-16
vn -0.9135454533753186 0.40673665266027326 1.2246468843141363e-16
vn -0.9781476029836251 0.2079116802331908 1.224646823864733e-16
vn -1 2.4492937051703357e-16 1.2246468525851679e-16
vn -0.8090170011595983 0 -0.5877852429542022
vn -0.7913380347694764 -0.1682040857914516 -0.5877852501128663
vn -0.7390738090735351 -0.3290568572853501 -0.5877852408958771
vn -0.6545084820016838 -0.4755282776441266 -0.5877852534290582
vn -0.5413380307816883 -0.6012167977894 -0.5877852486114834
vn -0.40450849559501084 -0.7006292840523903 -0.5877852357108809
vn -0.25000000547057527 -0.7694208790345749 -0.5877852568501308
vn -0.08456530567360536 -0.8045851130530445 -0.5877852540934906
vn 0.08456530567360536 -0.8045851130530445 -0.5877852540934906
vn 0.25000000547057527 -0.7694208790345749 -0.5877852568501308
vn 0.40450849559501084 -0.7006292840523903 -0.5877852357108809
vn 0.5413380307816883 -0.6012167977894 -0.5877852486114834
vn 0.6545084820016838 -0.4755282776441266 -0.5877852534290582
vn 0.7390738090735351 -0.3290568572853501 -0.5877852408958771
vn 0.7913380347694764 -0.1682040857914516 -0.5877852501128663
vn 0.8090170011595983 -9.907600768053078e-17 -0.5877852429542022
vn 0.7913380347694764 0.1682040857914516 -0.5877852501128663
vn 0.7390738090735351 0.3290568572853501 -0.5877852408958771
vn 0.6545084820016838 0.4755282776441266 -0.5877852534290582
vn 0.5413380307816883 0.6012167977894 -0.5877852486114834
vn 0.40450849559501084 0.7006292840523903 -0.5877852357108809
vn 0.25000000547057527 0.7694208790345749 -0.5877852568501308
vn 0.08456530567360536 0.8045851130530445 -0.5877852540934906
vn -0.08456530567360536 0.8045851130530445 -0.5877852540934906
vn -0.25000000547057527 0.7694208790345749 -0.5877852568501308
vn -0.40450849559501084 0.7006292840523903 -0.5877852357108809
vn -0.5413380307816883 0.6012167977894 -0.5877852486114834
vn -0.6545084820016838 0.4755282776441266 -0.5877852534290582
vn -0.7390738090735351 0.3290568572853501 -0.5877852408958771
vn -0.7913380347694764 0.1682040857914516 -0.5877852501128663
vn -0.8090170011595983 1.9815201536106157e-16 -0.5877852429542022
vn -0.3090169948284817 0 -0.9510565161477913
vn -0.30226423541356434 -0.06424824724475749 -0.9510565149957335
vn -0.2823010620896563 -0.12568853518760317 -0.9510565190699483
vn -0.24999999431051087 -0.18163562897734423 -0.9510565183682562
vn -0.20677272539690164 -0.2296443682197275 -0.9510565199697123
vn -0.15450849759791035 -0.267616563598785 -0.9510565172783444
vn -0.09549150409137153 -0.2938926156295723 -0.9510565194165781
vn -0.03230107126126292 -0.30732416374025573 -0.951056517340966
vn 0.03230107126126292 -0.30732416374025573 -0.951056517340966
vn 0.09549150409137153 -0.2938926156295723 -0.9510565194165781
vn 0.15450849759791035 -0.267616563598785 -0.9510565172783444
vn 0.20677272539690164 -0.2296443682197275 -0.9510565199697123
vn 0.24999999431051087 -0.18163562897734423 -0.9510565183682562
vn 0.2823010620896563 -0.12568853518760317 -0.9510565190699483
vn 0.30226423541356434 -0.06424824724475749 -0.9510565149957335
vn 0.3090169948284817 -3.784366758465668e-17 -0.9510565161477913
vn 0.30226423541356434 0.06424824724475749 -0.9510565149957335
vn 0.2823010620896563 0.12568853518760317 -0.9510565190699483
vn 0.24999999431051087 0.18163562897734423 -0.9510565183682562
vn 0.20677272539690164 0.2296443682197275 -0.9510565199697123
vn 0.15450849759791035 0.267616563598785 -0.9510565172783444
vn 0.09549150409137153 0.2938926156295723 -0.9510565194165781
vn 0.03230107126126292 0.30732416374025573 -0.951056517340966
vn -0.03230107126126292 0.30732416374025573 -0.951056517340966
vn -0.09549150409137153 0.2938926156295723 -0.9510565194165781
vn -0.15450849759791035 0.267616563598785 -0.9510565172783444
vn -0.20677272539690164 0.2296443682197275 -0.9510565199697123
vn -0.24999999431051087 0.18163562897734423 -0.9510565183682562
vn -0.2823010620896563 0.12568853518760317 -0.9510565190699483
vn -0.30226423541356434 0.06424824724475749 -0.9510565149957335
vn -0.3090169948284817 7.568733516931335e-17 -0.9510565161477913
vn 0.3090169948284817 0 -0.9510565161477913
vn 0.30226423541356434 0.06424824724475749 -0.9510565149957335
vn 0.2823010620896563 0.12568853518760317 -0.9510565190699483
vn 0.24999999431051087 0.18163562897734423 -0.9510565183682562
vn 0.20677272539690164 0.2296443682197275 -0.9510565199697123
vn 0.15450849759791035 0.267616563598785 -0.9510565172783444
vn 0.09549150409137153 0.2938926156295723 -0.9510565194165781
vn 0.03230107126126292 0.30732416374025573 -0.951056517340966
vn -0.03230107126126292 0.30732416374025573 -0.951056517340966
vn -0.09549150409137153 0.2938926156295723 -0.9510565194165781
vn -0.15450849759791035 0.267616563598785 -0.9510565172783444
vn -0.20677272539690164 0.2296443682197275 -0.9510565199697123
vn -0.24999999431051087 0.18163562897734423 -0.9510565183682562
vn -0.2823010620896563 0.12568853518760317 -0.9510565190699483
vn -0.30226423541356434 0.06424824724475749 -0.9510565149957335
vn -0.3090169948284817 3.784366758465668e-17 -0.9510565161477913
vn -0.30226423541356434 -0.06424824724475749 -0.9510565149957335
vn -0.2823010620896563 -0.12568853518760317 -0.9510565190699483
vn -0.24999999431051087 -0.18163562897734423 -0.9510565183682562
vn -0.20677272539690164 -0.2296443682197275 -0.9510565199697123
vn -0.15450849759791035 -0.267616563598785 -0.9510565172783444
vn -0.09549150409137153 -0.2938926156295723 -0.9510565194165781
vn -0.03230107126126292 -0.30732416374025573 -0.951056517340966
vn 0.03230107126126292 -0.30732416374025573 -0.951056517340966
vn 0.09549150409137153 -0.2938926156295723 -0.9510565194165781
vn 0.15450849759791035 -0.267616563598785 -0.9510565172783444
vn 0.20677272539690164 -0.2296443682197275 -0.9510565199697123
vn 0.24999999431051087 -0.18163562897734423 -0.9510565183682562
vn 0.2823010620896563 -0.12568853518760317 -0.9510565190699483
vn 0.30226423541356434 -0.06424824724475749 -0.9510565149957335
vn 0.3090169948284817 -7.568733516931335e-17 -0.9510565161477913
vn 0.8090170011595983 0 -0.5877852429542022
vn 0.7913380347694764 0.1682040857914516 -0.5877852501128663
vn 0.7390738090735351 0.3290568572853501 -0.5877852408958771
vn 0.6545084820016838 0.4755282776441266 -0.5877852534290582
vn 0.5413380307816883 0.6012167977894 -0.5877852486114834
vn 0.40450849559501084 0.7006292840523903 -0.5877852357108809
vn 0.25000000547057527 0.7694208790345749 -0.5877852568501308
vn 0.08456530567360536 0.8045851130530445 -0.5877852540934906
vn -0.08456530567360536 0.8045851130530445 -0.5877852540934906
vn -0.25000000547057527 0.7694208790345749 -0.5877852568501308
vn -0.40450849559501084 0.7006292840523903 -0.5877852357108809
vn -0.5413380307816883 0.6012167977894 -0.5877852486114834
vn -0.6545084820016838 0.4755282776441266 -0.5877852534290582
vn -0.7390738090735351 0.3290568572853501 -0.5877852408958771
vn -0.7913380347694764 0.1682040857914516 -0.5877852501128663
vn -0.8090170011595983 9.907600768053078e-17 -0.5877852429542022
vn -0.7913380347694764 -0.1682040857914516 -0.5877852501128663
vn -0.7390738090735351 -0.3290568572853501 -0.5877852408958771
vn -0.6545084820016838 -0.4755282776441266 -0.5877852534290582
vn -0.5413380307816883 -0.6012167977894 -0.5877852486114834
vn -0.40450849559501084 -0.7006292840523903 -0.5877852357108809
vn -0.25000000547057527 -0.7694208790345749 -0.5877852568501308
vn -0.08456530567360536 -0.8045851130530445 -0.5877852540934906
vn 0.08456530567360536 -0.8045851130530445 -0.5877852540934906
vn 0.25000000547057527 -0.7694208790345749 -0.5877852568501308
vn 0.40450849559501084 -0.7006292840523903 -0.5877852357108809
vn 0.5413380307816883 -0.6012167977894 -0.5877852486114834
vn 0.6545084820016838 -0.4755282776441266 -0.5877852534290582
vn 0.7390738090735351 -0.3290568572853501 -0.5877852408958771
vn 0.7913380347694764 -0.1682040857914516 -0.5877852501128663
vn 0.8090170011595983 -1.9815201536106157e-16 -0.5877852429542022
vn 1 0 -2.4492937051703357e-16
vn 0.9781476029836251 0.2079116802331908 -2.449293647729466e-16
vn 0.9135454533753186 0.40673665266027326 -2.4492937686282727e-16
vn 0.8090170011595983 0.5877852429542022 -2.4492937008623584e-16
vn 0.6691306233342523 0.7431448101926803 -2.449293705147076e-16
vn 0.5000000067305869 0.8660253998985324 -2.449293738140704e-16
vn 0.3090169948284817 0.9510565161477913 -2.4492936437109645e-16
vn 0.10452846222910053 0.9945218954774298 -2.4492936548428347e-16
vn -0.10452846222910053 0.9945218954774298 -2.4492936548428347e-16
vn -0.3090169948284817 0.9510565161477913 -2.4492936437109645e-16
vn -0.5000000067305869 0.8660253998985324 -2.449293738140704e-16
vn -0.6691306233342523 0.7431448101926803 -2.449293705147076e-16
vn -0.8090170011595983 0.5877852429542022 -2.4492937008623584e-16
vn -0.9135454533753186 0.40673665266027326 -2.4492937686282727e-16
vn -0.9781476029836251 0.2079116802331908 -2.449293647729466e-16
vn -1 1.2246468525851679e-16 -2.4492937051703357e-16
vn -0.9781476029836251 -0.2079116802331908 -2.449293647729466e-16
vn -0.9135454533753186 -0.40673665266027326 -2.4492937686282727e-16
vn -0.8090170011595983 -0.5877852429542022 -2.4492937008623584e-16
vn -0.6691306233342523 -0.7431448101926803 -2.449293705147076e-16
vn -0.5000000067305869 -0.8660253998985324 -2.449293738140704e-16
vn -0.3090169948284817 -0.9510565161477913 -2.4492936437109645e-16
vn -0.10452846222910053 -0.9945218954774298 -2.4492936548428347e-16
vn 0.10452846222910053 -0.9945218954774298 -2.4492936548428347e-16
vn 0.3090169948284817 -0.9510565161477913 -2.4492936437109645e-16
vn 0.5000000067305869 -0.8660253998985324 -2.449293738140704e-16
vn 0.6691306233342523 -0.7431448101926803 -2.449293705147076e-16
vn 0.8090170011595983 -0.5877852429542022 -2.4492937008623584e-16
vn 0.9135454533753186 -0.40673665266027326 -2.4492937686282727e-16
vn 0.9781476029836251 -0.2079116802331908 -2.449293647729466e-16
vn 1 -2.4492937051703357e-16 -2.4492937051703357e-16
f 1160/1160/1160 1129/1129/1129 1161/1161/1161
f 1129/1129/1129 1130/1130/1130 1161/1161/1161
f 1161/1161/1161 1130/1130/1130 1162/1162/1162
f 1130/1130/1130 1131/1131/1131 1162/1162/1162
f 1162/1162/1162 1131/1131/1131 1163/1163/1163
f 1131/1131/1131 1132/1132/1132 1163/1163/1163
f 1163/1163/1163 1132/1132/1132 1164/1164/1164
f 1132/1132/1132 1133/1133/1133 1164/1164/1164
f 1164/1164/1164 1133/1133/1133 1165/1165/1165
f 1133/1133/1133 1134/1134/1134 1165/1165/1165
f 1165/1165/1165 1134/1134/1134 1166/1166/1166
f 1134/1134/1134 1135/1135/1135 1166/1166/1166
f 1166/1166/1166 1135/1135/1135 1167/1167/1167
f 1135/1135/1135 1136/1136/1136 1167/1167/1167
f 1167/1167/1167 1136/1136/1136 1168/1168/1168
f 1136/1136/1136 1137/1137/1137 1168/1168/1168
f 1168/1168/1168 1137/1137/1137 1169/1169/1169
f 1137/1137/1137 1138/1138/1138 1169/1169/1169
f 1169/1169/1169 1138/1138/1138 1170/1170/1170
f 1138/1138/1138 1139/1139/1139 1170/1170/1170
f 1170/1170/1170 1139/1139/1139 1171/1171/1171
f 1139/1139/1139 1140/1140/1140 1171/1171/1171
f 1171/1171/1171 1140/1140/1140 1172/1172/1172
f 1140/1140/1140 1141/1141/1141 1172/1172/1172
f 1172/1172/1172 1141/1141/1141 1173/1173/1173
f 1141/1141/1141 1142/1142/1142 1173/1173/1173
f 1173/1173/1173 1142/1142/1142 1174/1174/1174
f 1142/1142/1142 1143/1143/1143 1174/1174/1174
f 1174/1174/1174 1143/1143/1143 1175/1175/1175
f 1143/1143/1143 1144/1144/1144 1175/1175/1175
f 1175/1175/1175 1144/1144/1144 1176/1176/1176
f 1144/1144/1144 1145/1145/1145 1176/1176/1176
f 1176/1176/1176 1145/1145/1145 1177/1177/1177
f 1145/1145/1145 1146/1146/1146 1177/1177/1177
f 1177/1177/1177 1146/1146/1146 1178/1178/1178
f 1146/1146/1146 1147/1147/1147 1178/1178/1178
f 1178/1178/1178 1147/1147/1147 1179/1179/1179
f 1147/1147/1147 1148/1148/1148 1179/1179/1179
f 1179/1179/1179 1148/1148/1148 1180/1180/1180
f 1148/1148/1148 1149/1149/1149 1180/1180/1180
f 1180/1180/1180 1149/1149/1149 1181/1181/1181
f 1149/1149/1149 1150/1150/1150 1181/1181/1181
f 1181/1181/1181 1150/1150/1150 1182/1182/1182
f 1150/1150/1150 1151/1151/1151 1182/1182/1182
f 1182/1182/1182 1151/1151/1151 1183/1183/1183
f 1151/1151/1151 1152/1152/1152 1183/1183/1183
f 1183/1183/1183 1152/1152/1152 1184/1184/1184
f 1152/1152/1152 1153/1153/1153 1184/1184/1184
f 1184/1184/1184 1153/1153/1153 1185/1185/1185
f 1153/1153/1153 1154/1154/1154 1185/1185/1185
f 1185/1185/1185 1154/1154/1154 1186/1186/1186
f 1154/1154/1154 1155/1155/1155 1186/1186/1186
f 1186/1186/1186 1155/1155/1155 1187/1187/1187
f 1155/1155/1155 1156/1156/1156 1187/1187/1187
f 1187/1187/1187 1156/1156/1156 1188/1188/1188
f 1156/1156/1156 1157/1157/1157 1188/1188/1188
f 1188/1188/1188 1157/1157/1157 1189/1189/1189
f 1157/1157/1157 1158/1158/1158 1189/1189/1189
f 1189/1189/1189 1158/1158/1158 1190/1190/1190
f 1158/1158/1158 1159/1159/1159 1190/1190/1190
f 1191/1191/1191 1160/1160/1160 1192/1192/1192
f 1160/1160/1160 1161/1161/1161 1192/1192/1192
f 1192/1192/1192 1161/1161/1161 1193/1193/1193
f 1161/1161/1161 1162/1162/1162 1193/1193/1193
f 1193/1193/1193 1162/1162/1162 1194/1194/1194
f 1162/1162/1162 1163/1163/1163 1194/1194/1194
f 1194/1194/1194 1163/1163/1163 1195/1195/1195
f 1163/1163/1163 1164/1164/1164 1195/1195/1195
f 1195/1195/1195 1164/1164/1164 1196/1196/1196
f 1164/1164/1164 1165/1165/1165 1196/1196/1196
f 1196/1196/1196 1165/1165/1165 1197/1197/1197
f 1165/1165/1165 1166/1166/1166 1197/1197/1197
f 1197/1197/1197 1166/1166/1166 1198/1198/1198
f 1166/1166/1166 1167/1167/1167 1198/1198/1198
f 1198/1198/1198 1167/1167/1167 1199/1199/1199
f 1167/1167/1167 1168/1168/1168 1199/1199/1199
f 1199/1199/1199 1168/1168/1168 1200/1200/1200
f 1168/1168/1168 1169/1169/1169 1200/1200/1200
f 1200/1200/1200 1169/1169/1169 1201/1201/1201
f 1169/1169/1169 1170/1170/1170 1201/1201/1201
f 1201/1201/1201 1170/1170/1170 1202/1202/1202
f 1170/1170/1170 1171/1171/1171 1202/1202/1202
f 1202/1202/1202 1171/1171/1171 1203/1203/1203
f 1171/1171/1171 1172/1172/1172 1203/1203/1203
f 1203/1203/1203 1172/1172/1172 1204/1204/1204
f 1172/1172/1172 1173/1173/1173 1204/1204/1204
f 1204/1204/1204 1173/1173/1173 1205/1205/1205
f 1173/1173/1173 1174/1174/1174 1205/1205/1205
f 1205/1205/1205 1174/1174/1174 1206/1206/1206
f 1174/1174/1174 1175/1175/1175 1206/1206/1206
f 1206/1206/1206 1175/1175/1175 1207/1207/1207
f 1175/1175/1175 1176/1176/1176 1207/1207/1207
f 1207/1207/1207 1176/1176/1176 1208/1208/1208
f 1176/1176/1176 1177/1177/1177 1208/1208/1208
f 1208/1208/1208 1177/1177/1177 1209/1209/1209
f 1177/1177/1177 1178/1178/1178 1209/1209/1209
f 1209/1209/1209 1178/1178/1178 1210/1210/1210
f 1178/1178/1178 1179/1179/1179 1210/1210/1210
f 1210/1210/1210 1179/1179/1179 1211/1211/1211
f 1179/1179/1179 1180/1180/1180 1211/1211/1211
f 1211/1211/1211 1180/1180/1180 1212/1212/1212
f 1180/1180/1180 1181/1181/1181 1212/1212/1212
f 1212/1212/1212 1181/1181/1181 1213/1213/1213
f 1181/1181/1181 1182/1182/1182 1213/1213/1213
f 1213/1213/1213 1182/1182/1182 1214/1214/1214
f 1182/1182/1182 1183/1183/1183 1214/1214/1214
f 1214/1214/1214 1183/1183/1183 1215/1215/1215
f 1183/1183/1183 1184/1184/1184 1215/1215/1215
f 1215/1215/1215 1184/1184/1184 1216/1216/1216
f 1184/1184/1184 1185/1185/1185 1216/1216/1216
f 1216/1216/1216 1185/1185/1185 1217/1217/1217
f 1185/1185/1185 1186/1186/1186 1217/1217/1217
f 1217/1217/1217 1186/1186/1186 1218/1218/1218
f 1186/1186/1186 1187/1187/1187 1218/1218/1218
f 1218/1218/1218 1187/1187/1187 1219/1219/1219
f 1187/1187/1187 1188/1188/1188 1219/1219/1219
f 1219/1219/1219 1188/1188/1188 1220/1220/1220
f 1188/1188/1188 1189/1189/1189 1220/1220/1220
f 1220/1220/1220 1189/1189/1189 1221/1221/1221
f 1189/1189/1189 1190/1190/1190 1221/1221/1221
f 1222/1222/1222 1191/1191/1191 1223/1223/1223
f 1191/1191/1191 1192/1192/1192 1223/1223/1223
f 1223/1223/1223 1192/1192/1192 1224/1224/1224
f 1192/1192/1192 1193/1193/1193 1224/1224/1224
f 1224/1224/1224 1193/1193/1193 1225/1225/1225
f 1193/1193/1193 1194/1194/1194 1225/1225/1225
f 1225/1225/1225 1194/1194/1194 1226/1226/1226
f 1194/1194/1194 1195/1195/1195 1226/1226/1226
f 1226/1226/1226 1195/1195/1195 1227/1227/1227
f 1195/1195/1195 1196/1196/1196 1227/1227/1227
f 1227/1227/1227 1196/1196/1196 1228/1228/1228
f 1196/1196/1196 1197/1197/1197 1228/1228/1228
f 1228/1228/1228 1197/1197/1197 1229/1229/1229
f 1197/1197/1197 1198/1198/1198 1229/1229/1229
f 1229/1229/1229 1198/1198/1198 1230/1230/1230
f 1198/1198/1198 1199/1199/1199 1230/1230/1230
f 1230/1230/1230 1199/1199/1199 1231/1231/1231
f 1199/1199/1199 1200/1200/1200 1231/1231/1231
f 1231/1231/1231 1200/1200/1200 1232/1232/1232
f 1200/1200/1200 1201/1201/1201 1232/1232/1232
f 1232/1232/1232 1201/1201/1201 1233/1233/1233
f 1201/1201/1201 1202/1202/1202 1233/1233/1233
f 1233/1233/1233 1202/1202/1202 1234/1234/1234
f 1202/1202/1202 1203/1203/1203 1234/1234/1234
f 1234/1234/1234 1203/1203/1203 1235/1235/1235
f 1203/1203/1203 1204/1204/1204 1235/1235/1235
f 1235/1235/1235 1204/1204/1204 1236/1236/1236
f 1204/1204/1204 1205/1205/1205 1236/1236/1236
f 1236/1236/1236 1205/1205/1205 1237/1237/1237
f 1205/1205/1205 1206/1206/1206 1237/1237/1237
f 1237/1237/1237 1206/1206/1206 1238/1238/1238
f 1206/1206/1206 1207/1207/1207 1238/1238/1238
f 1238/1238/1238 1207/1207/1207 1239/1239/1239
f 1207/1207/1207 1208/1208/1208 1239/1239/1239
f 1239/1239/1239 1208/1208/1208 1240/1240/1240
f 1208/1208/1208 1209/1209/1209 1240/1240/1240
f 1240/1240/1240 1209/1209/1209 1241/1241/1241
f 1209/1209/1209 1210/1210/1210 1241/1241/1241
f 1241/1241/1241 1210/1210/1210 1242/1242/1242
f 1210/1210/1210 1211/1211/1211 1242/1242/1242
f 1242/1242/1242 1211/1211/1211 1243/1243/1243
f 1211/1211/1211 1212/1212/1212 1243/1243/1243
f 1243/1243/1243 1212/1212/1212 1244/1244/1244
f 1212/1212/1212 1213/1213/1213 1244/1244/1244
f 1244/1244/1244 1213/1213/1213 1245/1245/1245
f 1213/1213/1213 1214/1214/1214 1245/1245/1245
f 1245/1245/1245 1214/1214/1214 1246/1246/1246
f 1214/1214/1214 1215/1215/1215 1246/1246/1246
f 1246/1246/1246 1215/1215/1215 1247/1247/1247
f 1215/1215/1215 1216/1216/1216 1247/1247/1247
f 1247/1247/1247 1216/1216/1216 1248/1248/1248
f 1216/1216/1216 1217/1217/1217 1248/1248/1248
f 1248/1248/1248 1217/1217/1217 1249/1249/1249
f 1217/1217/1217 1218/1218/1218 1249/1249/1249
f 1249/1249/1249 1218/1218/1218 1250/1250/1250
f 1218/1218/1218 1219/1219/1219 1250/1250/1250
f 1250/1250/1250 1219/1219/1219 1251/1251/1251
f 1219/1219/1219 1220/1220/1220 1251/1251/1251
f 1251/1251/1251 1220/1220/1220 1252/1252/1252
f 1220/1220/1220 1221/1221/1221 1252/1252/1252
f 1253/1253/1253 1222/1222/1222 1254/1254/1254
f 1222/1222/1222 1223/1223/1223 1254/1254/1254
f 1254/1254/1254 1223/1223/1223 1255/1255/1255
f 1223/1223/1223 1224/1224/1224 1255/1255/1255
f 1255/1255/1255 1224/1224/1224 1256/1256/1256
f 1224/1224/1224 1225/1225/1225 1256/1256/1256
f 1256/1256/1256 1225/1225/1225 1257/1257/1257
f 1225/1225/1225 1226/1226/1226 1257/1257/1257
f 1257/1257/1257 1226/1226/1226 1258/1258/1258
f 1226/1226/1226 1227/1227/1227 1258/1258/1258
f 1258/1258/1258 1227/1227/1227 1259/1259/1259
f 1227/1227/1227 1228/1228/1228 1259/1259/1259
f 1259/1259/1259 1228/1228/1228 1260/1260/1260
f 1228/1228/1228 1229/1229/1229 1260/1260/1260
f 1260/1260/1260 1229/1229/1229 1261/1261/1261
f 1229/1229/1229 1230/1230/1230 1261/1261/1261
f 1261/1261/1261 1230/1230/1230 1262/1262/1262
f 1230/1230/1230 1231/1231/1231 1262/1262/1262
f 1262/1262/1262 1231/1231/1231 1263/1263/1263
f 1231/1231/1231 1232/1232/1232 1263/1263/1263
f 1263/1263/1263 1232/1232/1232 1264/1264/1264
f 1232/1232/1232 1233/1233/1233 1264/1264/1264
f 1264/1264/1264 1233/1233/1233 1265/1265/1265
f 1233/1233/1233 1234/1234/1234 1265/1265/1265
f 1265/1265/1265 1234/1234/1234 1266/1266/1266
f 1234/1234/1234 1235/1235/1235 1266/1266/1266
f 1266/1266/1266 1235/1235/1235 1267/1267/1267
f 1235/1235/1235 1236/1236/1236 1267/1267/1267
f 1267/1267/1267 1236/1236/1236 1268/1268/1268
f 1236/1236/1236 1237/1237/1237 1268/1268/1268
f 1268/1268/1268 1237/1237/1237 1269/1269/1269
f 1237/1237/1237 1238/1238/1238 1269/1269/1269
f 1269/1269/1269 1238/1238/1238 1270/1270/1270
f 1238/1238/1238 1239/1239/1239 1270/1270/1270
f 1270/1270/1270 1239/1239/1239 1271/1271/1271
f 1239/1239/1239 1240/1240/1240 1271/1271/1271
f 1271/1271/1271 1240/1240/1240 1272/1272/1272
f 1240/1240/1240 1241/1241/1241 1272/1272/1272
f 1272/1272/1272 1241/1241/1241 1273/1273/1273
f 1241/1241/1241 1242/1242/1242 1273/1273/1273
f 1273/1273/1273 1242/1242/1242 1274/1274/1274
f 1242/1242/1242 1243/1243/1243 1274/1274/1274
f 1274/1274/1274 1243/1243/1243 1275/1275/1275
f 1243/1243/1243 1244/1244/1244 1275/1275/1275
f 1275/1275/1275 1244/1244/1244 1276/1276/1276
f 1244/1244/1244 1245/1245/1245 1276/1276/1276
f 1276/1276/1276 1245/1245/1245 1277/1277/1277
f 1245/1245/1245 1246/1246/1246 1277/1277/1277
f 1277/1277/1277 1246/1246/1246 1278/1278/1278
f 1246/1246/1246 1247/1247/1247 1278/1278/1278
f 1278/1278/1278 1247/1247/1247 1279/1279/1279
f 1247/1247/1247 1248/1248/1248 1279/1279/1279
f 1279/1279/1279 1248/1248/1248 1280/1280/1280
f 1248/1248/1248 1249/1249/1249 1280/1280/1280
f 1280/1280/1280 1249/1249/1249 1281/1281/1281
f 1249/1249/1249 1250/1250/1250 1281/1281/1281
f 1281/1281/1281 1250/1250/1250 1282/1282/1282
f 1250/1250/1250 1251/1251/1251 1282/1282/1282
f 1282/1282/1282 1251/1251/1251 1283/1283/1283
f 1251/1251/1251 1252/1252/1252 1283/1283/1283
f 1284/1284/1284 1253/1253/1253 1285/1285/1285
f 1253/1253/1253 1254/1254/1254 1285/1285/1285
f 1285/1285/1285 1254/1254/1254 1286/1286/1286
f 1254/1254/1254 1255/1255/1255 1286/1286/1286
f 1286/1286/1286 1255/1255/1255 1287/1287/1287
f 1255/1255/1255 1256/1256/1256 1287/1287/1287
f 1287/1287/1287 1256/1256/1256 1288/1288/1288
f 1256/1256/1256 1257/1257/1257 1288/1288/1288
f 1288/1288/1288 1257/1257/1257 1289/1289/1289
f 1257/1257/1257 1258/1258/1258 1289/1289/1289
f 1289/1289/1289 1258/1258/1258 1290/1290/1290
f 1258/1258/1258 1259/1259/1259 1290/1290/1290
f 1290/1290/1290 1259/1259/1259 1291/1291/1291
f 1259/1259/1259 1260/1260/1260 1291/1291/1291
f 1291/1291/1291 1260/1260/1260 1292/1292/1292
f 1260/1260/1260 1261/1261/1261 1292/1292/1292
f 1292/1292/1292 1261/1261/1261 1293/1293/1293
f 1261/1261/1261 1262/1262/1262 1293/1293/1293
f 1293/1293/1293 1262/1262/1262 1294/1294/1294
f 1262/1262/1262 1263/1263/1263 1294/1294/1294
f 1294/1294/1294 1263/1263/1263 1295/1295/1295
f 1263/1263/1263 1264/1264/1264 1295/1295/1295
f 1295/1295/1295 1264/1264/1264 1296/1296/1296
f 1264/1264/1264 1265/1265/1265 1296/1296/1296
f 1296/1296/1296 1265/1265/1265 1297/1297/1297
f 1265/1265/1265 1266/1266/1266 1297/1297/1297
f 1297/1297/1297 1266/1266/1266 1298/1298/1298
f 1266/1266/1266 1267/1267/1267 1298/1298/1298
f 1298/1298/1298 1267/1267/1267 1299/1299/1299
f 1267/1267/1267 1268/1268/1268 1299/1299/1299
f 1299/1299/1299 1268/1268/1268 1300/1300/1300
f 1268/1268/1268 1269/1269/1269 1300/1300/1300
f 1300/1300/1300 1269/1269/1269 1301/1301/1301
f 1269/1269/1269 1270/1270/1270 1301/1301/1301
f 1301/1301/1301 1270/1270/1270 1302/1302/1302
f 1270/1270/1270 1271/1271/1271 1302/1302/1302
f 1302/1302/1302 1271/1271/1271 1303/1303/1303
f 1271/1271/1271 1272/1272/1272 1303/1303/1303
f 1303/1303/1303 1272/1272/1272 1304/1304/1304
f 1272/1272/1272 1273/1273/1273 1304/1304/1304
f 1304/1304/1304 1273/1273/1273 1305/1305/1305
f 1273/1273/1273 1274/1274/1274 1305/1305/1305
f 1305/1305/1305 1274/1274/1274 1306/1306/1306
f 1274/1274/1274 1275/1275/1275 1306/1306/1306
f 1306/1306/1306 1275/1275/1275 1307/1307/1307
f 1275/1275/1275 1276/1276/1276 1307/1307/1307
f 1307/1307/1307 1276/1276/1276 1308/1308/1308
f 1276/1276/1276 1277/1277/1277 1308/1308/1308
f 1308/1308/1308 1277/1277/1277 1309/1309/1309
f 1277/1277/1277 1278/1278/1278 1309/1309/1309
f 1309/1309/1309 1278/1278/1278 1310/1310/1310
f 1278/1278/1278 1279/1279/1279 1310/1310/1310
f 1310/1310/1310 1279/1279/1279 1311/1311/1311
f 1279/1279/1279 1280/1280/1280 1311/1311/1311
f 1311/1311/1311 1280/1280/1280 1312/1312/1312
f 1280/1280/1280 1281/1281/1281 1312/1312/1312
f 1312/1312/1312 1281/1281/1281 1313/1313/1313
f 1281/1281/1281 1282/1282/1282 1313/1313/1313
f 1313/1313/1313 1282/1282/1282 1314/1314/1314
f 1282/1282/1282 1283/1283/1283 1314/1314/1314
f 1315/1315/1315 1284/1284/1284 1316/1316/1316
f 1284/1284/1284 1285/1285/1285 1316/1316/1316
f 1316/1316/1316 1285/1285/1285 1317/1317/1317
f 1285/1285/1285 1286/1286/1286 1317/1317/1317
f 1317/1317/1317 1286/1286/1286 1318/1318/1318
f 1286/1286/1286 1287/1287/1287 1318/1318/1318
f 1318/1318/1318 1287/1287/1287 1319/1319/1319
f 1287/1287/1287 1288/1288/1288 1319/1319/1319
f 1319/1319/1319 1288/1288/1288 1320/1320/1320
f 1288/1288/1288 1289/1289/1289 1320/1320/1320
f 1320/1320/1320 1289/1289/1289 1321/1321/1321
f 1289/1289/1289 1290/1290/1290 1321/1321/1321
f 1321/1321/1321 1290/1290/1290 1322/1322/1322
f 1290/1290/1290 1291/1291/1291 1322/1322/1322
f 1322/1322/1322 1291/1291/1291 1323/1323/1323
f 1291/1291/1291 1292/1292/1292 1323/1323/1323
f 1323/1323/1323 1292/1292/1292 1324/1324/1324
f 1292/1292/1292 1293/1293/1293 1324/1324/1324
f 1324/1324/1324 1293/1293/1293 1325/1325/1325
f 1293/1293/1293 1294/1294/1294 1325/1325/1325
f 1325/1325/1325 1294/1294/1294 1326/1326/1326
f 1294/1294/1294 1295/1295/1295 1326/1326/1326
f 1326/1326/1326 1295/1295/1295 1327/1327/1327
f 1295/1295/1295 1296/1296/1296 1327/1327/1327
f 1327/1327/1327 1296/1296/1296 1328/1328/1328
f 1296/1296/1296 1297/1297/1297 1328/1328/1328
f 1328/1328/1328 1297/1297/1297 1329/1329/1329
f 1297/1297/1297 1298/1298/1298 1329/1329/1329
f 1329/1329/1329 1298/1298/1298 1330/1330/1330
f 1298/1298/1298 1299/1299/1299 1330/1330/1330
f 1330/1330/1330 1299/1299/1299 1331/1331/1331
f 1299/1299/1299 1300/1300/1300 1331/1331/1331
f 1331/1331/1331 1300/1300/1300 1332/1332/1332
f 1300/1300/1300 1301/1301/1301 1332/1332/1332
f 1332/1332/1332 1301/1301/1301 1333/1333/1333
f 1301/1301/1301 1302/1302/1302 1333/1333/1333
f 1333/1333/1333 1302/1302/1302 1334/1334/1334
f 1302/1302/1302 1303/1303/1303 1334/1334/1334
f 1334/1334/1334 1303/1303/1303 1335/1335/1335
f 1303/1303/1303 1304/1304/1304 1335/1335/1335
f 1335/1335/1335 1304/1304/1304 1336/1336/1336
f 1304/1304/1304 1305/1305/1305 1336/1336/1336
f 1336/1336/1336 1305/1305/1305 1337/1337/1337
f 1305/1305/1305 1306/1306/1306 1337/1337/1337
f 1337/1337/1337 1306/1306/1306 1338/1338/1338
f 1306/1306/1306 1307/1307/1307 1338/1338/1338
f 1338/1338/1338 1307/1307/1307 1339/1339/1339
f 1307/1307/1307 1308/1308/1308 1339/1339/1339
f 1339/1339/1339 1308/1308/1308 1340/1340/1340
f 1308/1308/1308 1309/1309/1309 1340/1340/1340
f 1340/1340/1340 1309/1309/1309 1341/1341/1341
f 1309/1309/1309 1310/1310/1310 1341/1341/1341
f 1341/1341/1341 1310/1310/1310 1342/1342/1342
f 1310/1310/1310 1311/1311/1311 1342/1342/1342
f 1342/1342/1342 1311/1311/1311 1343/1343/1343
f 1311/1311/1311 1312/1312/1312 1343/1343/1343
f 1343/1343/1343 1312/1312/1312 1344/1344/1344
f 1312/1312/1312 1313/1313/1313 1344/1344/1344
f 1344/1344/1344 1313/1313/1313 1345/1345/1345
f 1313/1313/1313 1314/1314/1314 1345/1345/1345
f 1346/1346/1346 1315/1315/1315 1347/1347/1347
f 1315/1315/1315 1316/1316/1316 1347/1347/1347
f 1347/1347/1347 1316/1316/1316 1348/1348/1348
f 1316/1316/1316 1317/1317/1317 1348/1348/1348
f 1348/1348/1348 1317/1317/1317 1349/1349/1349
f 1317/1317/1317 1318/1318/1318 1349/1349/1349
f 1349/1349/1349 1318/1318/1318 1350/1350/1350
f 1318/1318/1318 1319/1319/1319 1350/1350/1350
f 1350/1350/1350 1319/1319/1319 1351/1351/1351
f 1319/1319/1319 1320/1320/1320 1351/1351/1351
f 1351/1351/1351 1320/1320/1320 1352/1352/1352
f 1320/1320/1320 1321/1321/1321 1352/1352/1352
f 1352/1352/1352 1321/1321/1321 1353/1353/1353
f 1321/1321/1321 1322/1322/1322 1353/1353/1353
f 1353/1353/1353 1322/1322/1322 1354/1354/1354
f 1322/1322/1322 1323/1323/1323 1354/1354/1354
f 1354/1354/1354 1323/1323/1323 1355/1355/1355
f 1323/1323/1323 1324/1324/1324 1355/1355/1355
f 1355/1355/1355 1324/1324/1324 1356/1356/1356
f 1324/1324/1324 1325/1325/1325 1356/1356/1356
f 1356/1356/1356 1325/1325/1325 1357/1357/1357
f 1325/1325/1325 1326/1326/1326 1357/1357/1357
f 1357/1357/1357 1326/1326/1326 1358/1358/1358
f 1326/1326/1326 1327/1327/1327 1358/1358/1358
f 1358/1358/1358 1327/1327/1327 1359/1359/1359
f 1327/1327/1327 1328/1328/1328 1359/1359/1359
f 1359/1359/1359 1328/1328/1328 1360/1360/1360
f 1328/1328/1328 1329/1329/1329 1360/1360/1360
f 1360/1360/1360 1329/1329/1329 1361/1361/1361
f 1329/1329/1329 1330/1330/1330 1361/1361/1361
f 1361/1361/1361 1330/1330/1330 1362/1362/1362
f 1330/1330/1330 1331/1331/1331 1362/1362/1362
f 1362/1362/1362 1331/1331/1331 1363/1363/1363
f 1331/1331/1331 1332/1332/1332 1363/1363/1363
f 1363/1363/1363 1332/1332/1332 1364/1364/1364
f 1332/1332/1332 1333/1333/1333 1364/1364/1364
f 1364/1364/1364 1333/1333/1333 1365/1365/1365
f 1333/1333/1333 1334/1334/1334 1365/1365/1365
f 1365/1365/1365 1334/1334/1334 1366/1366/1366
f 1334/1334/1334 1335/1335/1335 1366/1366/1366
f 1366/1366/1366 1335/1335/1335 1367/1367/1367
f 1335/1335/1335 1336/1336/1336 1367/1367/1367
f 1367/1367/1367 1336/1336/1336 1368/1368/1368
f 1336/1336/1336 1337/1337/1337 1368/1368/1368
f 1368/1368/1368 1337/1337/1337 1369/1369/1369
f 1337/1337/1337 1338/1338/1338 1369/1369/1369
f 1369/1369/1369 1338/1338/1338 1370/1370/1370
f 1338/1338/1338 1339/1339/1339 1370/1370/1370
f 1370/1370/1370 1339/1339/1339 1371/1371/1371
f 1339/1339/1339 1340/1340/1340 1371/1371/1371
f 1371/1371/1371 1340/1340/1340 1372/1372/1372
f 1340/1340/1340 1341/1341/1341 1372/1372/1372
f 1372/1372/1372 1341/1341/1341 1373/1373/1373
f 1341/1341/1341 1342/1342/1342 1373/1373/1373
f 1373/1373/1373 1342/1342/1342 1374/1374/1374
f 1342/1342/1342 1343/1343/1343 1374/1374/1374
f 1374/1374/1374 1343/1343/1343 1375/1375/1375
f 1343/1343/1343 1344/1344/1344 1375/1375/1375
f 1375/1375/1375 1344/1344/1344 1376/1376/1376
f 1344/1344/1344 1345/1345/1345 1376/1376/1376
f 1377/1377/1377 1346/1346/1346 1378/1378/1378
f 1346/1346/1346 1347/1347/1347 1378/1378/1378
f 1378/1378/1378 1347/1347/1347 1379/1379/1379
f 1347/1347/1347 1348/1348/1348 1379/1379/1379
f 1379/1379/1379 1348/1348/1348 1380/1380/1380
f 1348/1348/1348 1349/1349/1349 1380/1380/1380
f 1380/1380/1380 1349/1349/1349 1381/1381/1381
f 1349/1349/1349 1350/1350/1350 1381/1381/1381
f 1381/1381/1381 1350/1350/1350 1382/1382/1382
f 1350/1350/1350 1351/1351/1351 1382/1382/1382
f 1382/1382/1382 1351/1351/1351 1383/1383/1383
f 1351/1351/1351 1352/1352/1352 1383/1383/1383
f 1383/1383/1383 1352/1352/1352 1384/1384/1384
f 1352/1352/1352 1353/1353/1353 1384/1384/1384
f 1384/1384/1384 1353/1353/1353 1385/1385/1385
f 1353/1353/1353 1354/1354/1354 1385/1385/1385
f 1385/1385/1385 1354/1354/1354 1386/1386/1386
f 1354/1354/1354 1355/1355/1355 1386/1386/1386
f 1386/1386/1386 1355/1355/1355 1387/1387/1387
f 1355/1355/1355 1356/1356/1356 1387/1387/1387
f 1387/1387/1387 1356/1356/1356 1388/1388/1388
f 1356/1356/1356 1357/1357/1357 1388/1388/1388
f 1388/1388/1388 1357/1357/1357 1389/1389/1389
f 1357/1357/1357 1358/1358/1358 1389/1389/1389
f 1389/1389/1389 1358/1358/1358 1390/1390/1390
f 1358/1358/1358 1359/1359/1359 1390/1390/1390
f 1390/1390/1390 1359/1359/1359 1391/1391/1391
f 1359/1359/1359 1360/1360/1360 1391/1391/1391
f 1391/1391/1391 1360/1360/1360 1392/1392/1392
f 1360/1360/1360 1361/1361/1361 1392/1392/1392
f 1392/1392/1392 1361/1361/1361 1393/1393/1393
f 1361/1361/1361 1362/1362/1362 1393/1393/1393
f 1393/1393/1393 1362/1362/1362 1394/1394/1394
f 1362/1362/1362 1363/1363/1363 1394/1394/1394
f 1394/1394/1394 1363/1363/1363 1395/1395/1395
f 1363/1363/1363 1364/1364/1364 1395/1395/1395
f 1395/1395/1395 1364/1364/1364 1396/1396/1396
f 1364/1364/1364 1365/1365/1365 1396/1396/1396
f 1396/1396/1396 1365/1365/1365 1397/1397/1397
f 1365/1365/1365 1366/1366/1366 1397/1397/1397
f 1397/1397/1397 1366/1366/1366 1398/1398/1398
f 1366/1366/1366 1367/1367/1367 1398/1398/1398
f 1398/1398/1398 1367/1367/1367 1399/1399/1399
f 1367/1367/1367 1368/1368/1368 1399/1399/1399
f 1399/1399/1399 1368/1368/1368 1400/1400/1400
f 1368/1368/1368 1369/1369/1369 1400/1400/1400
f 1400/1400/1400 1369/1369/1369 1401/1401/1401
f 1369/1369/1369 1370/1370/1370 1401/1401/1401
f 1401/1401/1401 1370/1370/1370 1402/1402/1402
f 1370/1370/1370 1371/1371/1371 1402/1402/1402
f 1402/1402/1402 1371/1371/1371 1403/1403/1403
f 1371/1371/1371 1372/1372/1372 1403/1403/1403
f 1403/1403/1403 1372/1372/1372 1404/1404/1404
f 1372/1372/1372 1373/1373/1373 1404/1404/1404
f 1404/1404/1404 1373/1373/1373 1405/1405/1405
f 1373/1373/1373 1374/1374/1374 1405/1405/1405
f 1405/1405/1405 1374/1374/1374 1406/1406/1406
f 1374/1374/1374 1375/1375/1375 1406/1406/1406
f 1406/1406/1406 1375/1375/1375 1407/1407/1407
f 1375/1375/1375 1376/1376/1376 1407/1407/1407
f 1408/1408/1408 1377/1377/1377 1409/1409/1409
f 1377/1377/1377 1378/1378/1378 1409/1409/1409
f 1409/1409/1409 1378/1378/1378 1410/1410/1410
f 1378/1378/1378 1379/1379/1379 1410/1410/1410
f 1410/1410/1410 1379/1379/1379 1411/1411/1411
f 1379/1379/1379 1380/1380/1380 1411/1411/1411
f 1411/1411/1411 1380/1380/1380 1412/1412/1412
f 1380/1380/1380 1381/1381/1381 1412/1412/1412
f 1412/1412/1412 1381/1381/1381 1413/1413/1413
f 1381/1381/1381 1382/1382/1382 1413/1413/1413
f 1413/1413/1413 1382/1382/1382 1414/1414/1414
f 1382/1382/1382 1383/1383/1383 1414/1414/1414
f 1414/1414/1414 1383/1383/1383 1415/1415/1415
f 1383/1383/1383 1384/1384/1384 1415/1415/1415
f 1415/1415/1415 1384/1384/1384 1416/1416/1416
f 1384/1384/1384 1385/1385/1385 1416/1416/1416
f 1416/1416/1416 1385/1385/1385 1417/1417/1417
f 1385/1385/1385 1386/1386/1386 1417/1417/1417
f 1417/1417/1417 1386/1386/1386 1418/1418/1418
f 1386/1386/1386 1387/1387/1387 1418/1418/1418
f 1418/1418/1418 1387/1387/1387 1419/1419/1419
f 1387/1387/1387 1388/1388/1388 1419/1419/1419
f 1419/1419/1419 1388/1388/1388 1420/1420/1420
f 1388/1388/1388 1389/1389/1389 1420/1420/1420
f 1420/1420/1420 1389/1389/1389 1421/1421/1421
f 1389/1389/1389 1390/1390/1390 1421/1421/1421
f 1421/1421/1421 1390/1390/1390 1422/1422/1422
f 1390/1390/1390 1391/1391/1391 1422/1422/1422
f 1422/1422/1422 1391/1391/1391 1423/1423/1423
f 1391/1391/1391 1392/1392/1392 1423/1423/1423
f 1423/1423/1423 1392/1392/1392 1424/1424/1424
f 1392/1392/1392 1393/1393/1393 1424/1424/1424
f 1424/1424/1424 1393/1393/1393 1425/1425/1425
f 1393/1393/1393 1394/1394/1394 1425/1425/1425
f 1425/1425/1425 1394/1394/1394 1426/1426/1426
f 1394/1394/1394 1395/1395/1395 1426/1426/1426
f 1426/1426/1426 1395/1395/1395 1427/1427/1427
f 1395/1395/1395 1396/1396/1396 1427/1427/1427
f 1427/1427/1427 1396/1396/1396 1428/1428/1428
f 1396/1396/1396 1397/1397/1397 1428/1428/1428
f 1428/1428/1428 1397/1397/1397 1429/1429/1429
f 1397/1397/1397 1398/1398/1398 1429/1429/1429
f 1429/1429/1429 1398/1398/1398 1430/1430/1430
f 1398/1398/1398 1399/1399/1399 1430/1430/1430
f 1430/1430/1430 1399/1399/1399 1431/1431/1431
f 1399/1399/1399 1400/1400/1400 1431/1431/1431
f 1431/1431/1431 1400/1400/1400 1432/1432/1432
f 1400/1400/1400 1401/1401/1401 1432/1432/1432
f 1432/1432/1432 1401/1401/1401 1433/1433/1433
f 1401/1401/1401 1402/1402/1402 1433/1433/1433
f 1433/1433/1433 1402/1402/1402 1434/1434/1434
f 1402/1402/1402 1403/1403/1403 1434/1434/1434
f 1434/1434/1434 1403/1403/1403 1435/1435/1435
f 1403/1403/1403 1404/1404/1404 1435/1435/1435
f 1435/1435/1435 1404/1404/1404 1436/1436/1436
f 1404/1404/1404 1405/1405/1405 1436/1436/1436
f 1436/1436/1436 1405/1405/1405 1437/1437/1437
f 1405/1405/1405 1406/1406/1406 1437/1437/1437
f 1437/1437/1437 1406/1406/1406 1438/1438/1438
f 1406/1406/1406 1407/1407/1407 1438/1438/1438
f 1439/1439/1439 1408/1408/1408 1440/1440/1440
f 1408/1408/1408 1409/1409/1409 1440/1440/1440
f 1440/1440/1440 1409/1409/1409 1441/1441/1441
f 1409/1409/1409 1410/1410/1410 1441/1441/1441
f 1441/1441/1441 1410/1410/1410 1442/1442/1442
f 1410/1410/1410 1411/1411/1411 1442/1442/1442
f 1442/1442/1442 1411/1411/1411 1443/1443/1443
f 1411/1411/1411 1412/1412/1412 1443/1443/1443
f 1443/1443/1443 1412/1412/1412 1444/1444/1444
f 1412/1412/1412 1413/1413/1413 1444/1444/1444
f 1444/1444/1444 1413/1413/1413 1445/1445/1445
f 1413/1413/1413 1414/1414/1414 1445/1445/1445
f 1445/1445/1445 1414/1414/1414 1446/1446/1446
f 1414/1414/1414 1415/1415/1415 1446/1446/1446
f 1446/1446/1446 1415/1415/1415 1447/1447/1447
f 1415/1415/1415 1416/1416/1416 1447/1447/1447
f 1447/1447/1447 1416/1416/1416 1448/1448/1448
f 1416/1416/1416 1417/1417/1417 1448/1448/1448
f 1448/1448/1448 1417/1417/1417 1449/1449/1449
f 1417/1417/1417 1418/1418/1418 1449/1449/1449
f 1449/1449/1449 1418/1418/1418 1450/1450/1450
f 1418/1418/1418 1419/1419/1419 1450/1450/1450
f 1450/1450/1450 1419/1419/1419 1451/1451/1451
f 1419/1419/1419 1420/1420/1420 1451/1451/1451
f 1451/1451/1451 1420/1420/1420 1452/1452/1452
f 1420/1420/1420 1421/1421/1421 1452/1452/1452
f 1452/1452/1452 1421/1421/1421 1453/1453/1453
f 1421/1421/1421 1422/1422/1422 1453/1453/1453
f 1453/1453/1453 1422/1422/1422 1454/1454/1454
f 1422/1422/1422 1423/1423/1423 1454/1454/1454
f 1454/1454/1454 1423/1423/1423 1455/1455/1455
f 1423/1423/1423 1424/1424/1424 1455/1455/1455
f 1455/1455/1455 1424/1424/1424 1456/1456/1456
f 1424/1424/1424 1425/1425/1425 1456/1456/1456
f 1456/1456/1456 1425/1425/1425 1457/1457/1457
f 1425/1425/1425 1426/1426/1426 1457/1457/1457
f 1457/1457/1457 1426/1426/1426 1458/1458/1458
f 1426/1426/1426 1427/1427/1427 1458/1458/1458
f 1458/1458/1458 1427/1427/1427 1459/1459/1459
f 1427/1427/1427 1428/1428/1428 1459/1459/1459
f 1459/1459/1459 1428/1428/1428 1460/1460/1460
f 1428/1428/1428 1429/1429/1429 1460/1460/1460
f 1460/1460/1460 1429/1429/1429 1461/1461/1461
f 1429/1429/1429 1430/1430/1430 1461/1461/1461
f 1461/1461/1461 1430/1430/1430 1462/1462/1462
f 1430/1430/1430 1431/1431/1431 1462/1462/1462
f 1462/1462/1462 1431/1431/1431 1463/1463/1463
f 1431/1431/1431 1432/1432/1432 1463/1463/1463
f 1463/1463/1463 1432/1432/1432 1464/1464/1464
f 1432/1432/1432 1433/1433/1433 1464/1464/1464
f 1464/1464/1464 1433/1433/1433 1465/1465/1465
f 1433/1433/1433 1434/1434/1434 1465/1465/1465
f 1465/1465/1465 1434/1434/1434 1466/1466/1466
f 1434/1434/1434 1435/1435/1435 1466/1466/1466
f 1466/1466/1466 1435/1435/1435 1467/1467/1467
f 1435/1435/1435 1436/1436/1436 1467/1467/1467
f 1467/1467/1467 1436/1436/1436 1468/1468/1468
f 1436/1436/1436 1437/1437/1437 1468/1468/1468
f 1468/1468/1468 1437/1437/1437 1469/1469/1469
f 1437/1437/1437 1438/1438/1438 1469/1469/1469
o wrap_rear_c
usemtl sinew_wrap
v 0.009399999864399433 0.03323401757780284 -0.13800000049173833
v 0.009194587357342243 0.035188387523254455 -0.13800000049173833
v 0.008587326854467392 0.037057341917267145 -0.13800000049173833
v 0.007604759652167559 0.038759199113434256 -0.13800000049173833
v 0.006289827637374401 0.040219579034334124 -0.13800000049173833
v 0.004699999932199717 0.04137465604845256 -0.13800000049173833
v 0.002904759719967842 0.0421739487469551 -0.13800000049173833
v 0.0009825675515457988 0.04258252368572921 -0.13800000049173833
v -0.0009825675515457988 0.04258252368572921 -0.13800000049173833
v -0.002904759719967842 0.0421739487469551 -0.13800000049173833
v -0.004699999932199717 0.04137465604845256 -0.13800000049173833
v -0.006289827637374401 0.040219579034334124 -0.13800000049173833
v -0.007604759652167559 0.038759199113434256 -0.13800000049173833
v -0.008587326854467392 0.037057341917267145 -0.13800000049173833
v -0.009194587357342243 0.035188387523254455 -0.13800000049173833
v -0.009399999864399433 0.03323401757780284 -0.13800000049173833
v -0.009194587357342243 0.03127964763235122 -0.13800000049173833
v -0.008587326854467392 0.02941069323833853 -0.13800000049173833
v -0.007604759652167559 0.02770883604217142 -0.13800000049173833
v -0.006289827637374401 0.02624845612127155 -0.13800000049173833
v -0.004699999932199717 0.02509337910715312 -0.13800000049173833
v -0.002904759719967842 0.024294086408650578 -0.13800000049173833
v -0.0009825675515457988 0.02388551146987647 -0.13800000049173833
v 0.0009825675515457988 0.02388551146987647 -0.13800000049173833
v 0.002904759719967842 0.024294086408650578 -0.13800000049173833
v 0.004699999932199717 0.02509337910715312 -0.13800000049173833
v 0.006289827637374401 0.02624845612127155 -0.13800000049173833
v 0.007604759652167559 0.02770883604217142 -0.13800000049173833
v 0.008587326854467392 0.02941069323833853 -0.13800000049173833
v 0.009194587357342243 0.03127964763235122 -0.13800000049173833
v 0.009399999864399433 0.03323401757780284 -0.13800000049173833
v 0.009037132374942303 0.03323401757780284 -0.13688320851884783
v 0.008839649148285389 0.035112943060545326 -0.13688320851884783
v 0.008255830965936184 0.03690975033942431 -0.13688320851884783
v 0.007311193738132715 0.03854591087702483 -0.13688320851884783
v 0.006047021597623825 0.03994991551417679 -0.13688320851884783
v 0.004518566187471151 0.041060403597390355 -0.13688320851884783
v 0.002792627550661564 0.041828841578995885 -0.13688320851884783
v 0.0009446375770494342 0.042221643638646306 -0.13688320851884783
v -0.0009446375770494342 0.042221643638646306 -0.13688320851884783
v -0.002792627550661564 0.041828841578995885 -0.13688320851884783
v -0.004518566187471151 0.041060403597390355 -0.13688320851884783
v -0.006047021597623825 0.03994991551417679 -0.13688320851884783
v -0.007311193738132715 0.03854591087702483 -0.13688320851884783
v -0.008255830965936184 0.03690975033942431 -0.13688320851884783
v -0.008839649148285389 0.035112943060545326 -0.13688320851884783
v -0.009037132374942303 0.03323401757780284 -0.13688320851884783
v -0.008839649148285389 0.03135509209506035 -0.13688320851884783
v -0.008255830965936184 0.029558284816181363 -0.13688320851884783
v -0.007311193738132715 0.027922124278580845 -0.13688320851884783
v -0.006047021597623825 0.02651811964142889 -0.13688320851884783
v -0.004518566187471151 0.02540763155821532 -0.13688320851884783
v -0.002792627550661564 0.02463919357660979 -0.13688320851884783
v -0.0009446375770494342 0.02424639151695937 -0.13688320851884783
v 0.0009446375770494342 0.02424639151695937 -0.13688320851884783
v 0.002792627550661564 0.02463919357660979 -0.13688320851884783
v 0.004518566187471151 0.02540763155821532 -0.13688320851884783
v 0.006047021597623825 0.02651811964142889 -0.13688320851884783
v 0.007311193738132715 0.027922124278580845 -0.13688320851884783
v 0.008255830965936184 0.029558284816181363 -0.13688320851884783
v 0.008839649148285389 0.03135509209506035 -0.13688320851884783
v 0.009037132374942303 0.03323401757780284 -0.13688320851884783
v 0.00808713212609291 0.03323401757780284 -0.1361929931351915
v 0.00791040901094675 0.034915426888352336 -0.1361929931351915
v 0.007387963123619556 0.036523350656813086 -0.1361929931351915
v 0.0065426272340118885 0.03798751454133362 -0.1361929931351915
v 0.0054113478399813175 0.03924392829913467 -0.1361929931351915
v 0.004043566063046455 0.04023767975423306 -0.1361929931351915
v 0.0024990614037960768 0.04092533760968417 -0.1361929931351915
v 0.0008453354821540415 0.041276847620343865 -0.1361929931351915
v -0.0008453354821540415 0.041276847620343865 -0.1361929931351915
v -0.0024990614037960768 0.04092533760968417 -0.1361929931351915
v -0.004043566063046455 0.04023767975423306 -0.1361929931351915
v -0.0054113478399813175 0.03924392829913467 -0.1361929931351915
v -0.0065426272340118885 0.03798751454133362 -0.1361929931351915
v -0.007387963123619556 0.036523350656813086 -0.1361929931351915
v -0.00791040901094675 0.034915426888352336 -0.1361929931351915
v -0.00808713212609291 0.03323401757780284 -0.1361929931351915
v -0.00791040901094675 0.03155260826725334 -0.1361929931351915
v -0.007387963123619556 0.02994468449879259 -0.1361929931351915
v -0.0065426272340118885 0.02848052061427206 -0.1361929931351915
v -0.0054113478399813175 0.027224106856471003 -0.1361929931351915
v -0.004043566063046455 0.026230355401372613 -0.1361929931351915
v -0.0024990614037960768 0.025542697545921506 -0.1361929931351915
v -0.0008453354821540415 0.02519118753526181 -0.1361929931351915
v 0.0008453354821540415 0.02519118753526181 -0.1361929931351915
v 0.0024990614037960768 0.025542697545921506 -0.1361929931351915
v 0.004043566063046455 0.026230355401372613 -0.1361929931351915
v 0.0054113478399813175 0.027224106856471003 -0.1361929931351915
v 0.0065426272340118885 0.02848052061427206 -0.1361929931351915
v 0.007387963123619556 0.02994468449879259 -0.1361929931351915
v 0.00791040901094675 0.03155260826725334 -0.1361929931351915
v 0.00808713212609291 0.03323401757780284 -0.1361929931351915
v 0.006912867538630962 0.03323401757780284 -0.1361929931351915
v 0.0067618051543831825 0.034671283585799934 -0.1361929931351915
v 0.00631521875038743 0.03604573421444565 -0.1361929931351915
v 0.005592627450823784 0.037297299274092616 -0.1361929931351915
v 0.00462561147287488 0.03837127951238126 -0.1361929931351915
v 0.003456433769315481 0.0392207365043816 -0.1361929931351915
v 0.0021361936815083027 0.03980854540396303 -0.1361929931351915
v 0.0007225914159789681 0.040109015677904786 -0.1361929931351915
v -0.0007225914159789681 0.040109015677904786 -0.1361929931351915
v -0.0021361936815083027 0.03980854540396303 -0.1361929931351915
v -0.003456433769315481 0.0392207365043816 -0.1361929931351915
v -0.00462561147287488 0.03837127951238126 -0.1361929931351915
v -0.005592627450823784 0.037297299274092616 -0.1361929931351915
v -0.00631521875038743 0.03604573421444565 -0.1361929931351915
v -0.0067618051543831825 0.034671283585799934 -0.1361929931351915
v -0.006912867538630962 0.03323401757780284 -0.1361929931351915
v -0.0067618051543831825 0.03179675156980574 -0.1361929931351915
v -0.00631521875038743 0.030422300941160024 -0.1361929931351915
v -0.005592627450823784 0.02917073588151306 -0.1361929931351915
v -0.00462561147287488 0.02809675564322442 -0.1361929931351915
v -0.003456433769315481 0.027247298651224078 -0.1361929931351915
v -0.0021361936815083027 0.026659489751642645 -0.1361929931351915
v -0.0007225914159789681 0.02635901947770089 -0.1361929931351915
v 0.0007225914159789681 0.02635901947770089 -0.1361929931351915
v 0.0021361936815083027 0.026659489751642645 -0.1361929931351915
v 0.003456433769315481 0.027247298651224078 -0.1361929931351915
v 0.00462561147287488 0.02809675564322442 -0.1361929931351915
v 0.005592627450823784 0.02917073588151306 -0.1361929931351915
v 0.00631521875038743 0.030422300941160024 -0.1361929931351915
v 0.0067618051543831825 0.03179675156980574 -0.1361929931351915
v 0.006912867538630962 0.03323401757780284 -0.1361929931351915
v 0.005962867755442858 0.03323401757780284 -0.13688320851884783
v 0.005832564551383257 0.034473767530022265 -0.13688320851884783
v 0.005447350908070803 0.03565933429900378 -0.13688320851884783
v 0.0048240614123642445 0.036738903171232046 -0.13688320851884783
v 0.003989937249571085 0.037665291831677855 -0.13688320851884783
v 0.002981433877721429 0.03839801266122431 -0.13688320851884783
v 0.0018426274182274938 0.038905041900312604 -0.13688320851884783
v 0.0006232893792912364 0.03916422012526363 -0.13688320851884783
v -0.0006232893792912364 0.03916422012526363 -0.13688320851884783
v -0.0018426274182274938 0.038905041900312604 -0.13688320851884783
v -0.002981433877721429 0.03839801266122431 -0.13688320851884783
v -0.003989937249571085 0.037665291831677855 -0.13688320851884783
v -0.0048240614123642445 0.036738903171232046 -0.13688320851884783
v -0.005447350908070803 0.03565933429900378 -0.13688320851884783
v -0.005832564551383257 0.034473767530022265 -0.13688320851884783
v -0.005962867755442858 0.03323401757780284 -0.13688320851884783
v -0.005832564551383257 0.03199426762558341 -0.13688320851884783
v -0.005447350908070803 0.030808700856601895 -0.13688320851884783
v -0.0048240614123642445 0.02972913198437363 -0.13688320851884783
v -0.003989937249571085 0.02880274332392782 -0.13688320851884783
v -0.002981433877721429 0.02807002249438137 -0.13688320851884783
v -0.0018426274182274938 0.027562993255293072 -0.13688320851884783
v -0.0006232893792912364 0.027303815030342043 -0.13688320851884783
v 0.0006232893792912364 0.027303815030342043 -0.13688320851884783
v 0.0018426274182274938 0.027562993255293072 -0.13688320851884783
v 0.002981433877721429 0.02807002249438137 -0.13688320851884783
v 0.003989937249571085 0.02880274332392782 -0.13688320851884783
v 0.0048240614123642445 0.02972913198437363 -0.13688320851884783
v 0.005447350908070803 0.030808700856601895 -0.13688320851884783
v 0.005832564551383257 0.03199426762558341 -0.13688320851884783
v 0.005962867755442858 0.03323401757780284 -0.13688320851884783
v 0.00559999980032444 0.03323401757780284 -0.13800000049173833
v 0.005477626342326403 0.034398323067313136 -0.13800000049173833
v 0.005115854553878307 0.03551174272116095 -0.13800000049173833
v 0.004530495032668114 0.03652561493482262 -0.13800000049173833
v 0.0037471314426511526 0.037395628777181805 -0.13800000049173833
v 0.00279999990016222 0.03808375974450082 -0.13800000049173833
v 0.0017304951325058937 0.0385599342666921 -0.13800000049173833
v 0.0005853594047948718 0.03880334007818073 -0.13800000049173833
v -0.0005853594047948718 0.03880334007818073 -0.13800000049173833
v -0.0017304951325058937 0.0385599342666921 -0.13800000049173833
v -0.00279999990016222 0.03808375974450082 -0.13800000049173833
v -0.0037471314426511526 0.037395628777181805 -0.13800000049173833
v -0.004530495032668114 0.03652561493482262 -0.13800000049173833
v -0.005115854553878307 0.03551174272116095 -0.13800000049173833
v -0.005477626342326403 0.034398323067313136 -0.13800000049173833
v -0.00559999980032444 0.03323401757780284 -0.13800000049173833
v -0.005477626342326403 0.03206971208829254 -0.13800000049173833
v -0.005115854553878307 0.030956292434444727 -0.13800000049173833
v -0.004530495032668114 0.029942420220783056 -0.13800000049173833
v -0.0037471314426511526 0.02907240637842387 -0.13800000049173833
v -0.00279999990016222 0.02838427541110486 -0.13800000049173833
v -0.0017304951325058937 0.027908100888913573 -0.13800000049173833
v -0.0005853594047948718 0.027664695077424944 -0.13800000049173833
v 0.0005853594047948718 0.027664695077424944 -0.13800000049173833
v 0.0017304951325058937 0.027908100888913573 -0.13800000049173833
v 0.00279999990016222 0.02838427541110486 -0.13800000049173833
v 0.0037471314426511526 0.02907240637842387 -0.13800000049173833
v 0.004530495032668114 0.029942420220783056 -0.13800000049173833
v 0.005115854553878307 0.030956292434444727 -0.13800000049173833
v 0.005477626342326403 0.03206971208829254 -0.13800000049173833
v 0.00559999980032444 0.03323401757780284 -0.13800000049173833
v 0.005962867755442858 0.03323401757780284 -0.13911679246462882
v 0.005832564551383257 0.034473767530022265 -0.13911679246462882
v 0.005447350908070803 0.03565933429900378 -0.13911679246462882
v 0.0048240614123642445 0.036738903171232046 -0.13911679246462882
v 0.003989937249571085 0.037665291831677855 -0.13911679246462882
v 0.002981433877721429 0.03839801266122431 -0.13911679246462882
v 0.0018426274182274938 0.038905041900312604 -0.13911679246462882
v 0.0006232893792912364 0.03916422012526363 -0.13911679246462882
v -0.0006232893792912364 0.03916422012526363 -0.13911679246462882
v -0.0018426274182274938 0.038905041900312604 -0.13911679246462882
v -0.002981433877721429 0.03839801266122431 -0.13911679246462882
v -0.003989937249571085 0.037665291831677855 -0.13911679246462882
v -0.0048240614123642445 0.036738903171232046 -0.13911679246462882
v -0.005447350908070803 0.03565933429900378 -0.13911679246462882
v -0.005832564551383257 0.034473767530022265 -0.13911679246462882
v -0.005962867755442858 0.03323401757780284 -0.13911679246462882
v -0.005832564551383257 0.03199426762558341 -0.13911679246462882
v -0.005447350908070803 0.030808700856601895 -0.13911679246462882
v -0.0048240614123642445 0.02972913198437363 -0.13911679246462882
v -0.003989937249571085 0.02880274332392782 -0.13911679246462882
v -0.002981433877721429 0.02807002249438137 -0.13911679246462882
v -0.0018426274182274938 0.027562993255293072 -0.13911679246462882
v -0.0006232893792912364 0.027303815030342043 -0.13911679246462882
v 0.0006232893792912364 0.027303815030342043 -0.13911679246462882
v 0.0018426274182274938 0.027562993255293072 -0.13911679246462882
v 0.002981433877721429 0.02807002249438137 -0.13911679246462882
v 0.003989937249571085 0.02880274332392782 -0.13911679246462882
v 0.0048240614123642445 0.02972913198437363 -0.13911679246462882
v 0.005447350908070803 0.030808700856601895 -0.13911679246462882
v 0.005832564551383257 0.03199426762558341 -0.13911679246462882
v 0.005962867755442858 0.03323401757780284 -0.13911679246462882
v 0.006912867538630962 0.03323401757780284 -0.13980700784828515
v 0.0067618051543831825 0.034671283585799934 -0.13980700784828515
v 0.00631521875038743 0.03604573421444565 -0.13980700784828515
v 0.005592627450823784 0.037297299274092616 -0.13980700784828515
v 0.00462561147287488 0.03837127951238126 -0.13980700784828515
v 0.003456433769315481 0.0392207365043816 -0.13980700784828515
v 0.0021361936815083027 0.03980854540396303 -0.13980700784828515
v 0.0007225914159789681 0.040109015677904786 -0.13980700784828515
v -0.0007225914159789681 0.040109015677904786 -0.13980700784828515
v -0.0021361936815083027 0.03980854540396303 -0.13980700784828515
v -0.003456433769315481 0.0392207365043816 -0.13980700784828515
v -0.00462561147287488 0.03837127951238126 -0.13980700784828515
v -0.005592627450823784 0.037297299274092616 -0.13980700784828515
v -0.00631521875038743 0.03604573421444565 -0.13980700784828515
v -0.0067618051543831825 0.034671283585799934 -0.13980700784828515
v -0.006912867538630962 0.03323401757780284 -0.13980700784828515
v -0.0067618051543831825 0.03179675156980574 -0.13980700784828515
v -0.00631521875038743 0.030422300941160024 -0.13980700784828515
v -0.005592627450823784 0.02917073588151306 -0.13980700784828515
v -0.00462561147287488 0.02809675564322442 -0.13980700784828515
v -0.003456433769315481 0.027247298651224078 -0.13980700784828515
v -0.0021361936815083027 0.026659489751642645 -0.13980700784828515
v -0.0007225914159789681 0.02635901947770089 -0.13980700784828515
v 0.0007225914159789681 0.02635901947770089 -0.13980700784828515
v 0.0021361936815083027 0.026659489751642645 -0.13980700784828515
v 0.003456433769315481 0.027247298651224078 -0.13980700784828515
v 0.00462561147287488 0.02809675564322442 -0.13980700784828515
v 0.005592627450823784 0.02917073588151306 -0.13980700784828515
v 0.00631521875038743 0.030422300941160024 -0.13980700784828515
v 0.0067618051543831825 0.03179675156980574 -0.13980700784828515
v 0.006912867538630962 0.03323401757780284 -0.13980700784828515
v 0.00808713212609291 0.03323401757780284 -0.13980700784828515
v 0.00791040901094675 0.034915426888352336 -0.13980700784828515
v 0.007387963123619556 0.036523350656813086 -0.13980700784828515
v 0.0065426272340118885 0.03798751454133362 -0.13980700784828515
v 0.0054113478399813175 0.03924392829913467 -0.13980700784828515
v 0.004043566063046455 0.04023767975423306 -0.13980700784828515
v 0.0024990614037960768 0.04092533760968417 -0.13980700784828515
v 0.0008453354821540415 0.041276847620343865 -0.13980700784828515
v -0.0008453354821540415 0.041276847620343865 -0.13980700784828515
v -0.0024990614037960768 0.04092533760968417 -0.13980700784828515
v -0.004043566063046455 0.04023767975423306 -0.13980700784828515
v -0.0054113478399813175 0.03924392829913467 -0.13980700784828515
v -0.0065426272340118885 0.03798751454133362 -0.13980700784828515
v -0.007387963123619556 0.036523350656813086 -0.13980700784828515
v -0.00791040901094675 0.034915426888352336 -0.13980700784828515
v -0.00808713212609291 0.03323401757780284 -0.13980700784828515
v -0.00791040901094675 0.03155260826725334 -0.13980700784828515
v -0.007387963123619556 0.02994468449879259 -0.13980700784828515
v -0.0065426272340118885 0.02848052061427206 -0.13980700784828515
v -0.0054113478399813175 0.027224106856471003 -0.13980700784828515
v -0.004043566063046455 0.026230355401372613 -0.13980700784828515
v -0.0024990614037960768 0.025542697545921506 -0.13980700784828515
v -0.0008453354821540415 0.02519118753526181 -0.13980700784828515
v 0.0008453354821540415 0.02519118753526181 -0.13980700784828515
v 0.0024990614037960768 0.025542697545921506 -0.13980700784828515
v 0.004043566063046455 0.026230355401372613 -0.13980700784828515
v 0.0054113478399813175 0.027224106856471003 -0.13980700784828515
v 0.0065426272340118885 0.02848052061427206 -0.13980700784828515
v 0.007387963123619556 0.02994468449879259 -0.13980700784828515
v 0.00791040901094675 0.03155260826725334 -0.13980700784828515
v 0.00808713212609291 0.03323401757780284 -0.13980700784828515
v 0.009037132374942303 0.03323401757780284 -0.13911679246462882
v 0.008839649148285389 0.035112943060545326 -0.13911679246462882
v 0.008255830965936184 0.03690975033942431 -0.13911679246462882
v 0.007311193738132715 0.03854591087702483 -0.13911679246462882
v 0.006047021597623825 0.03994991551417679 -0.13911679246462882
v 0.004518566187471151 0.041060403597390355 -0.13911679246462882
v 0.002792627550661564 0.041828841578995885 -0.13911679246462882
v 0.0009446375770494342 0.042221643638646306 -0.13911679246462882
v -0.0009446375770494342 0.042221643638646306 -0.13911679246462882
v -0.002792627550661564 0.041828841578995885 -0.13911679246462882
v -0.004518566187471151 0.041060403597390355 -0.13911679246462882
v -0.006047021597623825 0.03994991551417679 -0.13911679246462882
v -0.007311193738132715 0.03854591087702483 -0.13911679246462882
v -0.008255830965936184 0.03690975033942431 -0.13911679246462882
v -0.008839649148285389 0.035112943060545326 -0.13911679246462882
v -0.009037132374942303 0.03323401757780284 -0.13911679246462882
v -0.008839649148285389 0.03135509209506035 -0.13911679246462882
v -0.008255830965936184 0.029558284816181363 -0.13911679246462882
v -0.007311193738132715 0.027922124278580845 -0.13911679246462882
v -0.006047021597623825 0.02651811964142889 -0.13911679246462882
v -0.004518566187471151 0.02540763155821532 -0.13911679246462882
v -0.002792627550661564 0.02463919357660979 -0.13911679246462882
v -0.0009446375770494342 0.02424639151695937 -0.13911679246462882
v 0.0009446375770494342 0.02424639151695937 -0.13911679246462882
v 0.002792627550661564 0.02463919357660979 -0.13911679246462882
v 0.004518566187471151 0.02540763155821532 -0.13911679246462882
v 0.006047021597623825 0.02651811964142889 -0.13911679246462882
v 0.007311193738132715 0.027922124278580845 -0.13911679246462882
v 0.008255830965936184 0.029558284816181363 -0.13911679246462882
v 0.008839649148285389 0.03135509209506035 -0.13911679246462882
v 0.009037132374942303 0.03323401757780284 -0.13911679246462882
v 0.009399999864399433 0.03323401757780284 -0.13800000049173833
v 0.009194587357342243 0.035188387523254455 -0.13800000049173833
v 0.008587326854467392 0.037057341917267145 -0.13800000049173833
v 0.007604759652167559 0.038759199113434256 -0.13800000049173833
v 0.006289827637374401 0.040219579034334124 -0.13800000049173833
v 0.004699999932199717 0.04137465604845256 -0.13800000049173833
v 0.002904759719967842 0.0421739487469551 -0.13800000049173833
v 0.0009825675515457988 0.04258252368572921 -0.13800000049173833
v -0.0009825675515457988 0.04258252368572921 -0.13800000049173833
v -0.002904759719967842 0.0421739487469551 -0.13800000049173833
v -0.004699999932199717 0.04137465604845256 -0.13800000049173833
v -0.006289827637374401 0.040219579034334124 -0.13800000049173833
v -0.007604759652167559 0.038759199113434256 -0.13800000049173833
v -0.008587326854467392 0.037057341917267145 -0.13800000049173833
v -0.009194587357342243 0.035188387523254455 -0.13800000049173833
v -0.009399999864399433 0.03323401757780284 -0.13800000049173833
v -0.009194587357342243 0.03127964763235122 -0.13800000049173833
v -0.008587326854467392 0.02941069323833853 -0.13800000049173833
v -0.007604759652167559 0.02770883604217142 -0.13800000049173833
v -0.006289827637374401 0.02624845612127155 -0.13800000049173833
v -0.004699999932199717 0.02509337910715312 -0.13800000049173833
v -0.002904759719967842 0.024294086408650578 -0.13800000049173833
v -0.0009825675515457988 0.02388551146987647 -0.13800000049173833
v 0.0009825675515457988 0.02388551146987647 -0.13800000049173833
v 0.002904759719967842 0.024294086408650578 -0.13800000049173833
v 0.004699999932199717 0.02509337910715312 -0.13800000049173833
v 0.006289827637374401 0.02624845612127155 -0.13800000049173833
v 0.007604759652167559 0.02770883604217142 -0.13800000049173833
v 0.008587326854467392 0.02941069323833853 -0.13800000049173833
v 0.009194587357342243 0.03127964763235122 -0.13800000049173833
v 0.009399999864399433 0.03323401757780284 -0.13800000049173833
vt 0 0
vt 0.03333333507180214 0
vt 0.06666667014360428 0
vt 0.10000000149011612 0
vt 0.13333334028720856 0
vt 0.1666666716337204 0
vt 0.20000000298023224 0
vt 0.23333333432674408 0
vt 0.2666666805744171 0
vt 0.30000001192092896 0
vt 0.3333333432674408 0
vt 0.36666667461395264 0
vt 0.4000000059604645 0
vt 0.4333333373069763 0
vt 0.46666666865348816 0
vt 0.5 0
vt 0.5333333611488342 0
vt 0.5666666626930237 0
vt 0.6000000238418579 0
vt 0.6333333253860474 0
vt 0.6666666865348816 0
vt 0.699999988079071 0
vt 0.7333333492279053 0
vt 0.7666666507720947 0
vt 0.800000011920929 0
vt 0.8333333134651184 0
vt 0.8666666746139526 0
vt 0.8999999761581421 0
vt 0.9333333373069763 0
vt 0.9666666388511658 0
vt 1 0
vt 0 0.10000000149011612
vt 0.03333333507180214 0.10000000149011612
vt 0.06666667014360428 0.10000000149011612
vt 0.10000000149011612 0.10000000149011612
vt 0.13333334028720856 0.10000000149011612
vt 0.1666666716337204 0.10000000149011612
vt 0.20000000298023224 0.10000000149011612
vt 0.23333333432674408 0.10000000149011612
vt 0.2666666805744171 0.10000000149011612
vt 0.30000001192092896 0.10000000149011612
vt 0.3333333432674408 0.10000000149011612
vt 0.36666667461395264 0.10000000149011612
vt 0.4000000059604645 0.10000000149011612
vt 0.4333333373069763 0.10000000149011612
vt 0.46666666865348816 0.10000000149011612
vt 0.5 0.10000000149011612
vt 0.5333333611488342 0.10000000149011612
vt 0.5666666626930237 0.10000000149011612
vt 0.6000000238418579 0.10000000149011612
vt 0.6333333253860474 0.10000000149011612
vt 0.6666666865348816 0.10000000149011612
vt 0.699999988079071 0.10000000149011612
vt 0.7333333492279053 0.10000000149011612
vt 0.7666666507720947 0.10000000149011612
vt 0.800000011920929 0.10000000149011612
vt 0.8333333134651184 0.10000000149011612
vt 0.8666666746139526 0.10000000149011612
vt 0.8999999761581421 0.10000000149011612
vt 0.9333333373069763 0.10000000149011612
vt 0.9666666388511658 0.10000000149011612
vt 1 0.10000000149011612
vt 0 0.20000000298023224
vt 0.03333333507180214 0.20000000298023224
vt 0.06666667014360428 0.20000000298023224
vt 0.10000000149011612 0.20000000298023224
vt 0.13333334028720856 0.20000000298023224
vt 0.1666666716337204 0.20000000298023224
vt 0.20000000298023224 0.20000000298023224
vt 0.23333333432674408 0.20000000298023224
vt 0.2666666805744171 0.20000000298023224
vt 0.30000001192092896 0.20000000298023224
vt 0.3333333432674408 0.20000000298023224
vt 0.36666667461395264 0.20000000298023224
vt 0.4000000059604645 0.20000000298023224
vt 0.4333333373069763 0.20000000298023224
vt 0.46666666865348816 0.20000000298023224
vt 0.5 0.20000000298023224
vt 0.5333333611488342 0.20000000298023224
vt 0.5666666626930237 0.20000000298023224
vt 0.6000000238418579 0.20000000298023224
vt 0.6333333253860474 0.20000000298023224
vt 0.6666666865348816 0.20000000298023224
vt 0.699999988079071 0.20000000298023224
vt 0.7333333492279053 0.20000000298023224
vt 0.7666666507720947 0.20000000298023224
vt 0.800000011920929 0.20000000298023224
vt 0.8333333134651184 0.20000000298023224
vt 0.8666666746139526 0.20000000298023224
vt 0.8999999761581421 0.20000000298023224
vt 0.9333333373069763 0.20000000298023224
vt 0.9666666388511658 0.20000000298023224
vt 1 0.20000000298023224
vt 0 0.30000001192092896
vt 0.03333333507180214 0.30000001192092896
vt 0.06666667014360428 0.30000001192092896
vt 0.10000000149011612 0.30000001192092896
vt 0.13333334028720856 0.30000001192092896
vt 0.1666666716337204 0.30000001192092896
vt 0.20000000298023224 0.30000001192092896
vt 0.23333333432674408 0.30000001192092896
vt 0.2666666805744171 0.30000001192092896
vt 0.30000001192092896 0.30000001192092896
vt 0.3333333432674408 0.30000001192092896
vt 0.36666667461395264 0.30000001192092896
vt 0.4000000059604645 0.30000001192092896
vt 0.4333333373069763 0.30000001192092896
vt 0.46666666865348816 0.30000001192092896
vt 0.5 0.30000001192092896
vt 0.5333333611488342 0.30000001192092896
vt 0.5666666626930237 0.30000001192092896
vt 0.6000000238418579 0.30000001192092896
vt 0.6333333253860474 0.30000001192092896
vt 0.6666666865348816 0.30000001192092896
vt 0.699999988079071 0.30000001192092896
vt 0.7333333492279053 0.30000001192092896
vt 0.7666666507720947 0.30000001192092896
vt 0.800000011920929 0.30000001192092896
vt 0.8333333134651184 0.30000001192092896
vt 0.8666666746139526 0.30000001192092896
vt 0.8999999761581421 0.30000001192092896
vt 0.9333333373069763 0.30000001192092896
vt 0.9666666388511658 0.30000001192092896
vt 1 0.30000001192092896
vt 0 0.4000000059604645
vt 0.03333333507180214 0.4000000059604645
vt 0.06666667014360428 0.4000000059604645
vt 0.10000000149011612 0.4000000059604645
vt 0.13333334028720856 0.4000000059604645
vt 0.1666666716337204 0.4000000059604645
vt 0.20000000298023224 0.4000000059604645
vt 0.23333333432674408 0.4000000059604645
vt 0.2666666805744171 0.4000000059604645
vt 0.30000001192092896 0.4000000059604645
vt 0.3333333432674408 0.4000000059604645
vt 0.36666667461395264 0.4000000059604645
vt 0.4000000059604645 0.4000000059604645
vt 0.4333333373069763 0.4000000059604645
vt 0.46666666865348816 0.4000000059604645
vt 0.5 0.4000000059604645
vt 0.5333333611488342 0.4000000059604645
vt 0.5666666626930237 0.4000000059604645
vt 0.6000000238418579 0.4000000059604645
vt 0.6333333253860474 0.4000000059604645
vt 0.6666666865348816 0.4000000059604645
vt 0.699999988079071 0.4000000059604645
vt 0.7333333492279053 0.4000000059604645
vt 0.7666666507720947 0.4000000059604645
vt 0.800000011920929 0.4000000059604645
vt 0.8333333134651184 0.4000000059604645
vt 0.8666666746139526 0.4000000059604645
vt 0.8999999761581421 0.4000000059604645
vt 0.9333333373069763 0.4000000059604645
vt 0.9666666388511658 0.4000000059604645
vt 1 0.4000000059604645
vt 0 0.5
vt 0.03333333507180214 0.5
vt 0.06666667014360428 0.5
vt 0.10000000149011612 0.5
vt 0.13333334028720856 0.5
vt 0.1666666716337204 0.5
vt 0.20000000298023224 0.5
vt 0.23333333432674408 0.5
vt 0.2666666805744171 0.5
vt 0.30000001192092896 0.5
vt 0.3333333432674408 0.5
vt 0.36666667461395264 0.5
vt 0.4000000059604645 0.5
vt 0.4333333373069763 0.5
vt 0.46666666865348816 0.5
vt 0.5 0.5
vt 0.5333333611488342 0.5
vt 0.5666666626930237 0.5
vt 0.6000000238418579 0.5
vt 0.6333333253860474 0.5
vt 0.6666666865348816 0.5
vt 0.699999988079071 0.5
vt 0.7333333492279053 0.5
vt 0.7666666507720947 0.5
vt 0.800000011920929 0.5
vt 0.8333333134651184 0.5
vt 0.8666666746139526 0.5
vt 0.8999999761581421 0.5
vt 0.9333333373069763 0.5
vt 0.9666666388511658 0.5
vt 1 0.5
vt 0 0.6000000238418579
vt 0.03333333507180214 0.6000000238418579
vt 0.06666667014360428 0.6000000238418579
vt 0.10000000149011612 0.6000000238418579
vt 0.13333334028720856 0.6000000238418579
vt 0.1666666716337204 0.6000000238418579
vt 0.20000000298023224 0.6000000238418579
vt 0.23333333432674408 0.6000000238418579
vt 0.2666666805744171 0.6000000238418579
vt 0.30000001192092896 0.6000000238418579
vt 0.3333333432674408 0.6000000238418579
vt 0.36666667461395264 0.6000000238418579
vt 0.4000000059604645 0.6000000238418579
vt 0.4333333373069763 0.6000000238418579
vt 0.46666666865348816 0.6000000238418579
vt 0.5 0.6000000238418579
vt 0.5333333611488342 0.6000000238418579
vt 0.5666666626930237 0.6000000238418579
vt 0.6000000238418579 0.6000000238418579
vt 0.6333333253860474 0.6000000238418579
vt 0.6666666865348816 0.6000000238418579
vt 0.699999988079071 0.6000000238418579
vt 0.7333333492279053 0.6000000238418579
vt 0.7666666507720947 0.6000000238418579
vt 0.800000011920929 0.6000000238418579
vt 0.8333333134651184 0.6000000238418579
vt 0.8666666746139526 0.6000000238418579
vt 0.8999999761581421 0.6000000238418579
vt 0.9333333373069763 0.6000000238418579
vt 0.9666666388511658 0.6000000238418579
vt 1 0.6000000238418579
vt 0 0.699999988079071
vt 0.03333333507180214 0.699999988079071
vt 0.06666667014360428 0.699999988079071
vt 0.10000000149011612 0.699999988079071
vt 0.13333334028720856 0.699999988079071
vt 0.1666666716337204 0.699999988079071
vt 0.20000000298023224 0.699999988079071
vt 0.23333333432674408 0.699999988079071
vt 0.2666666805744171 0.699999988079071
vt 0.30000001192092896 0.699999988079071
vt 0.3333333432674408 0.699999988079071
vt 0.36666667461395264 0.699999988079071
vt 0.4000000059604645 0.699999988079071
vt 0.4333333373069763 0.699999988079071
vt 0.46666666865348816 0.699999988079071
vt 0.5 0.699999988079071
vt 0.5333333611488342 0.699999988079071
vt 0.5666666626930237 0.699999988079071
vt 0.6000000238418579 0.699999988079071
vt 0.6333333253860474 0.699999988079071
vt 0.6666666865348816 0.699999988079071
vt 0.699999988079071 0.699999988079071
vt 0.7333333492279053 0.699999988079071
vt 0.7666666507720947 0.699999988079071
vt 0.800000011920929 0.699999988079071
vt 0.8333333134651184 0.699999988079071
vt 0.8666666746139526 0.699999988079071
vt 0.8999999761581421 0.699999988079071
vt 0.9333333373069763 0.699999988079071
vt 0.9666666388511658 0.699999988079071
vt 1 0.699999988079071
vt 0 0.800000011920929
vt 0.03333333507180214 0.800000011920929
vt 0.06666667014360428 0.800000011920929
vt 0.10000000149011612 0.800000011920929
vt 0.13333334028720856 0.800000011920929
vt 0.1666666716337204 0.800000011920929
vt 0.20000000298023224 0.800000011920929
vt 0.23333333432674408 0.800000011920929
vt 0.2666666805744171 0.800000011920929
vt 0.30000001192092896 0.800000011920929
vt 0.3333333432674408 0.800000011920929
vt 0.36666667461395264 0.800000011920929
vt 0.4000000059604645 0.800000011920929
vt 0.4333333373069763 0.800000011920929
vt 0.46666666865348816 0.800000011920929
vt 0.5 0.800000011920929
vt 0.5333333611488342 0.800000011920929
vt 0.5666666626930237 0.800000011920929
vt 0.6000000238418579 0.800000011920929
vt 0.6333333253860474 0.800000011920929
vt 0.6666666865348816 0.800000011920929
vt 0.699999988079071 0.800000011920929
vt 0.7333333492279053 0.800000011920929
vt 0.7666666507720947 0.800000011920929
vt 0.800000011920929 0.800000011920929
vt 0.8333333134651184 0.800000011920929
vt 0.8666666746139526 0.800000011920929
vt 0.8999999761581421 0.800000011920929
vt 0.9333333373069763 0.800000011920929
vt 0.9666666388511658 0.800000011920929
vt 1 0.800000011920929
vt 0 0.8999999761581421
vt 0.03333333507180214 0.8999999761581421
vt 0.06666667014360428 0.8999999761581421
vt 0.10000000149011612 0.8999999761581421
vt 0.13333334028720856 0.8999999761581421
vt 0.1666666716337204 0.8999999761581421
vt 0.20000000298023224 0.8999999761581421
vt 0.23333333432674408 0.8999999761581421
vt 0.2666666805744171 0.8999999761581421
vt 0.30000001192092896 0.8999999761581421
vt 0.3333333432674408 0.8999999761581421
vt 0.36666667461395264 0.8999999761581421
vt 0.4000000059604645 0.8999999761581421
vt 0.4333333373069763 0.8999999761581421
vt 0.46666666865348816 0.8999999761581421
vt 0.5 0.8999999761581421
vt 0.5333333611488342 0.8999999761581421
vt 0.5666666626930237 0.8999999761581421
vt 0.6000000238418579 0.8999999761581421
vt 0.6333333253860474 0.8999999761581421
vt 0.6666666865348816 0.8999999761581421
vt 0.699999988079071 0.8999999761581421
vt 0.7333333492279053 0.8999999761581421
vt 0.7666666507720947 0.8999999761581421
vt 0.800000011920929 0.8999999761581421
vt 0.8333333134651184 0.8999999761581421
vt 0.8666666746139526 0.8999999761581421
vt 0.8999999761581421 0.8999999761581421
vt 0.9333333373069763 0.8999999761581421
vt 0.9666666388511658 0.8999999761581421
vt 1 0.8999999761581421
vt 0 1
vt 0.03333333507180214 1
vt 0.06666667014360428 1
vt 0.10000000149011612 1
vt 0.13333334028720856 1
vt 0.1666666716337204 1
vt 0.20000000298023224 1
vt 0.23333333432674408 1
vt 0.2666666805744171 1
vt 0.30000001192092896 1
vt 0.3333333432674408 1
vt 0.36666667461395264 1
vt 0.4000000059604645 1
vt 0.4333333373069763 1
vt 0.46666666865348816 1
vt 0.5 1
vt 0.5333333611488342 1
vt 0.5666666626930237 1
vt 0.6000000238418579 1
vt 0.6333333253860474 1
vt 0.6666666865348816 1
vt 0.699999988079071 1
vt 0.7333333492279053 1
vt 0.7666666507720947 1
vt 0.800000011920929 1
vt 0.8333333134651184 1
vt 0.8666666746139526 1
vt 0.8999999761581421 1
vt 0.9333333373069763 1
vt 0.9666666388511658 1
vt 1 1
vn 1 0 0
vn 0.9781476029836251 0.2079116802331908 0
vn 0.9135454533753186 0.40673665266027326 0
vn 0.8090170011595983 0.5877852429542022 0
vn 0.6691306233342523 0.7431448101926803 0
vn 0.5000000067305869 0.8660253998985324 0
vn 0.3090169948284817 0.9510565161477913 0
vn 0.10452846222910053 0.9945218954774298 0
vn -0.10452846222910053 0.9945218954774298 0
vn -0.3090169948284817 0.9510565161477913 0
vn -0.5000000067305869 0.8660253998985324 0
vn -0.6691306233342523 0.7431448101926803 0
vn -0.8090170011595983 0.5877852429542022 0
vn -0.9135454533753186 0.40673665266027326 0
vn -0.9781476029836251 0.2079116802331908 0
vn -1 1.2246468525851679e-16 0
vn -0.9781476029836251 -0.2079116802331908 0
vn -0.9135454533753186 -0.40673665266027326 0
vn -0.8090170011595983 -0.5877852429542022 0
vn -0.6691306233342523 -0.7431448101926803 0
vn -0.5000000067305869 -0.8660253998985324 0
vn -0.3090169948284817 -0.9510565161477913 0
vn -0.10452846222910053 -0.9945218954774298 0
vn 0.10452846222910053 -0.9945218954774298 0
vn 0.3090169948284817 -0.9510565161477913 0
vn 0.5000000067305869 -0.8660253998985324 0
vn 0.6691306233342523 -0.7431448101926803 0
vn 0.8090170011595983 -0.5877852429542022 0
vn 0.9135454533753186 -0.40673665266027326 0
vn 0.9781476029836251 -0.2079116802331908 0
vn 1 -2.4492937051703357e-16 0
vn 0.8090170011595983 0 0.5877852429542022
vn 0.7913380347694764 0.1682040857914516 0.5877852501128663
vn 0.7390738090735351 0.3290568572853501 0.5877852408958771
vn 0.6545084820016838 0.4755282776441266 0.5877852534290582
vn 0.5413380307816883 0.6012167977894 0.5877852486114834
vn 0.40450849559501084 0.7006292840523903 0.5877852357108809
vn 0.25000000547057527 0.7694208790345749 0.5877852568501308
vn 0.08456530567360536 0.8045851130530445 0.5877852540934906
vn -0.08456530567360536 0.8045851130530445 0.5877852540934906
vn -0.25000000547057527 0.7694208790345749 0.5877852568501308
vn -0.40450849559501084 0.7006292840523903 0.5877852357108809
vn -0.5413380307816883 0.6012167977894 0.5877852486114834
vn -0.6545084820016838 0.4755282776441266 0.5877852534290582
vn -0.7390738090735351 0.3290568572853501 0.5877852408958771
vn -0.7913380347694764 0.1682040857914516 0.5877852501128663
vn -0.8090170011595983 9.907600768053078e-17 0.5877852429542022
vn -0.7913380347694764 -0.1682040857914516 0.5877852501128663
vn -0.7390738090735351 -0.3290568572853501 0.5877852408958771
vn -0.6545084820016838 -0.4755282776441266 0.5877852534290582
vn -0.5413380307816883 -0.6012167977894 0.5877852486114834
vn -0.40450849559501084 -0.7006292840523903 0.5877852357108809
vn -0.25000000547057527 -0.7694208790345749 0.5877852568501308
vn -0.08456530567360536 -0.8045851130530445 0.5877852540934906
vn 0.08456530567360536 -0.8045851130530445 0.5877852540934906
vn 0.25000000547057527 -0.7694208790345749 0.5877852568501308
vn 0.40450849559501084 -0.7006292840523903 0.5877852357108809
vn 0.5413380307816883 -0.6012167977894 0.5877852486114834
vn 0.6545084820016838 -0.4755282776441266 0.5877852534290582
vn 0.7390738090735351 -0.3290568572853501 0.5877852408958771
vn 0.7913380347694764 -0.1682040857914516 0.5877852501128663
vn 0.8090170011595983 -1.9815201536106157e-16 0.5877852429542022
vn 0.3090169948284817 0 0.9510565161477913
vn 0.30226423541356434 0.06424824724475749 0.9510565149957335
vn 0.2823010620896563 0.12568853518760317 0.9510565190699483
vn 0.24999999431051087 0.18163562897734423 0.9510565183682562
vn 0.20677272539690164 0.2296443682197275 0.9510565199697123
vn 0.15450849759791035 0.267616563598785 0.9510565172783444
vn 0.09549150409137153 0.2938926156295723 0.9510565194165781
vn 0.03230107126126292 0.30732416374025573 0.951056517340966
vn -0.03230107126126292 0.30732416374025573 0.951056517340966
vn -0.09549150409137153 0.2938926156295723 0.9510565194165781
vn -0.15450849759791035 0.267616563598785 0.9510565172783444
vn -0.20677272539690164 0.2296443682197275 0.9510565199697123
vn -0.24999999431051087 0.18163562897734423 0.9510565183682562
vn -0.2823010620896563 0.12568853518760317 0.9510565190699483
vn -0.30226423541356434 0.06424824724475749 0.9510565149957335
vn -0.3090169948284817 3.784366758465668e-17 0.9510565161477913
vn -0.30226423541356434 -0.06424824724475749 0.9510565149957335
vn -0.2823010620896563 -0.12568853518760317 0.9510565190699483
vn -0.24999999431051087 -0.18163562897734423 0.9510565183682562
vn -0.20677272539690164 -0.2296443682197275 0.9510565199697123
vn -0.15450849759791035 -0.267616563598785 0.9510565172783444
vn -0.09549150409137153 -0.2938926156295723 0.9510565194165781
vn -0.03230107126126292 -0.30732416374025573 0.951056517340966
vn 0.03230107126126292 -0.30732416374025573 0.951056517340966
vn 0.09549150409137153 -0.2938926156295723 0.9510565194165781
vn 0.15450849759791035 -0.267616563598785 0.9510565172783444
vn 0.20677272539690164 -0.2296443682197275 0.9510565199697123
vn 0.24999999431051087 -0.18163562897734423 0.9510565183682562
vn 0.2823010620896563 -0.12568853518760317 0.9510565190699483
vn 0.30226423541356434 -0.06424824724475749 0.9510565149957335
vn 0.3090169948284817 -7.568733516931335e-17 0.9510565161477913
vn -0.3090169948284817 0 0.9510565161477913
vn -0.30226423541356434 -0.06424824724475749 0.9510565149957335
vn -0.2823010620896563 -0.12568853518760317 0.9510565190699483
vn -0.24999999431051087 -0.18163562897734423 0.9510565183682562
vn -0.20677272539690164 -0.2296443682197275 0.9510565199697123
vn -0.15450849759791035 -0.267616563598785 0.9510565172783444
vn -0.09549150409137153 -0.2938926156295723 0.9510565194165781
vn -0.03230107126126292 -0.30732416374025573 0.951056517340966
vn 0.03230107126126292 -0.30732416374025573 0.951056517340966
vn 0.09549150409137153 -0.2938926156295723 0.9510565194165781
vn 0.15450849759791035 -0.267616563598785 0.9510565172783444
vn 0.20677272539690164 -0.2296443682197275 0.9510565199697123
vn 0.24999999431051087 -0.18163562897734423 0.9510565183682562
vn 0.2823010620896563 -0.12568853518760317 0.9510565190699483
vn 0.30226423541356434 -0.06424824724475749 0.9510565149957335
vn 0.3090169948284817 -3.784366758465668e-17 0.9510565161477913
vn 0.30226423541356434 0.06424824724475749 0.9510565149957335
vn 0.2823010620896563 0.12568853518760317 0.9510565190699483
vn 0.24999999431051087 0.18163562897734423 0.9510565183682562
vn 0.20677272539690164 0.2296443682197275 0.9510565199697123
vn 0.15450849759791035 0.267616563598785 0.9510565172783444
vn 0.09549150409137153 0.2938926156295723 0.9510565194165781
vn 0.03230107126126292 0.30732416374025573 0.951056517340966
vn -0.03230107126126292 0.30732416374025573 0.951056517340966
vn -0.09549150409137153 0.2938926156295723 0.9510565194165781
vn -0.15450849759791035 0.267616563598785 0.9510565172783444
vn -0.20677272539690164 0.2296443682197275 0.9510565199697123
vn -0.24999999431051087 0.18163562897734423 0.9510565183682562
vn -0.2823010620896563 0.12568853518760317 0.9510565190699483
vn -0.30226423541356434 0.06424824724475749 0.9510565149957335
vn -0.3090169948284817 7.568733516931335e-17 0.9510565161477913
vn -0.8090170011595983 0 0.5877852429542022
vn -0.7913380347694764 -0.1682040857914516 0.5877852501128663
vn -0.7390738090735351 -0.3290568572853501 0.5877852408958771
vn -0.6545084820016838 -0.4755282776441266 0.5877852534290582
vn -0.5413380307816883 -0.6012167977894 0.5877852486114834
vn -0.40450849559501084 -0.7006292840523903 0.5877852357108809
vn -0.25000000547057527 -0.7694208790345749 0.5877852568501308
vn -0.08456530567360536 -0.8045851130530445 0.5877852540934906
vn 0.08456530567360536 -0.8045851130530445 0.5877852540934906
vn 0.25000000547057527 -0.7694208790345749 0.5877852568501308
vn 0.40450849559501084 -0.7006292840523903 0.5877852357108809
vn 0.5413380307816883 -0.6012167977894 0.5877852486114834
vn 0.6545084820016838 -0.4755282776441266 0.5877852534290582
vn 0.7390738090735351 -0.3290568572853501 0.5877852408958771
vn 0.7913380347694764 -0.1682040857914516 0.5877852501128663
vn 0.8090170011595983 -9.907600768053078e-17 0.5877852429542022
vn 0.7913380347694764 0.1682040857914516 0.5877852501128663
vn 0.7390738090735351 0.3290568572853501 0.5877852408958771
vn 0.6545084820016838 0.4755282776441266 0.5877852534290582
vn 0.5413380307816883 0.6012167977894 0.5877852486114834
vn 0.40450849559501084 0.7006292840523903 0.5877852357108809
vn 0.25000000547057527 0.7694208790345749 0.5877852568501308
vn 0.08456530567360536 0.8045851130530445 0.5877852540934906
vn -0.08456530567360536 0.8045851130530445 0.5877852540934906
vn -0.25000000547057527 0.7694208790345749 0.5877852568501308
vn -0.40450849559501084 0.7006292840523903 0.5877852357108809
vn -0.5413380307816883 0.6012167977894 0.5877852486114834
vn -0.6545084820016838 0.4755282776441266 0.5877852534290582
vn -0.7390738090735351 0.3290568572853501 0.5877852408958771
vn -0.7913380347694764 0.1682040857914516 0.5877852501128663
vn -0.8090170011595983 1.9815201536106157e-16 0.5877852429542022
vn -1 0 1.2246468525851679e-16
vn -0.9781476029836251 -0.2079116802331908 1.224646823864733e-16
vn -0.9135454533753186 -0.40673665266027326 1.2246468843141363e-16
vn -0.8090170011595983 -0.5877852429542022 1.2246468504311792e-16
vn -0.6691306233342523 -0.7431448101926803 1.224646852573538e-16
vn -0.5000000067305869 -0.8660253998985324 1.224646869070352e-16
vn -0.3090169948284817 -0.9510565161477913 1.2246468218554823e-16
vn -0.10452846222910053 -0.9945218954774298 1.2246468274214173e-16
vn 0.10452846222910053 -0.9945218954774298 1.2246468274214173e-16
vn 0.3090169948284817 -0.9510565161477913 1.2246468218554823e-16
vn 0.5000000067305869 -0.8660253998985324 1.224646869070352e-16
vn 0.6691306233342523 -0.7431448101926803 1.224646852573538e-16
vn 0.8090170011595983 -0.5877852429542022 1.2246468504311792e-16
vn 0.9135454533753186 -0.40673665266027326 1.2246468843141363e-16
vn 0.9781476029836251 -0.2079116802331908 1.224646823864733e-16
vn 1 -1.2246468525851679e-16 1.2246468525851679e-16
vn 0.9781476029836251 0.2079116802331908 1.224646823864733e-16
vn 0.9135454533753186 0.40673665266027326 1.2246468843141363e-16
vn 0.8090170011595983 0.5877852429542022 1.2246468504311792e-16
vn 0.6691306233342523 0.7431448101926803 1.224646852573538e-16
vn 0.5000000067305869 0.8660253998985324 1.224646869070352e-16
vn 0.3090169948284817 0.9510565161477913 1.2246468218554823e-16
vn 0.10452846222910053 0.9945218954774298 1.2246468274214173e-16
vn -0.10452846222910053 0.9945218954774298 1.2246468274214173e-16
vn -0.3090169948284817 0.9510565161477913 1.2246468218554823e-16
vn -0.5000000067305869 0.8660253998985324 1.224646869070352e-16
vn -0.6691306233342523 0.7431448101926803 1.224646852573538e-16
vn -0.8090170011595983 0.5877852429542022 1.2246468504311792e-16
vn -0.9135454533753186 0.40673665266027326 1.2246468843141363e-16
vn -0.9781476029836251 0.2079116802331908 1.224646823864733e-16
vn -1 2.4492937051703357e-16 1.2246468525851679e-16
vn -0.8090170011595983 0 -0.5877852429542022
vn -0.7913380347694764 -0.1682040857914516 -0.5877852501128663
vn -0.7390738090735351 -0.3290568572853501 -0.5877852408958771
vn -0.6545084820016838 -0.4755282776441266 -0.5877852534290582
vn -0.5413380307816883 -0.6012167977894 -0.5877852486114834
vn -0.40450849559501084 -0.7006292840523903 -0.5877852357108809
vn -0.25000000547057527 -0.7694208790345749 -0.5877852568501308
vn -0.08456530567360536 -0.8045851130530445 -0.5877852540934906
vn 0.08456530567360536 -0.8045851130530445 -0.5877852540934906
vn 0.25000000547057527 -0.7694208790345749 -0.5877852568501308
vn 0.40450849559501084 -0.7006292840523903 -0.5877852357108809
vn 0.5413380307816883 -0.6012167977894 -0.5877852486114834
vn 0.6545084820016838 -0.4755282776441266 -0.5877852534290582
vn 0.7390738090735351 -0.3290568572853501 -0.5877852408958771
vn 0.7913380347694764 -0.1682040857914516 -0.5877852501128663
vn 0.8090170011595983 -9.907600768053078e-17 -0.5877852429542022
vn 0.7913380347694764 0.1682040857914516 -0.5877852501128663
vn 0.7390738090735351 0.3290568572853501 -0.5877852408958771
vn 0.6545084820016838 0.4755282776441266 -0.5877852534290582
vn 0.5413380307816883 0.6012167977894 -0.5877852486114834
vn 0.40450849559501084 0.7006292840523903 -0.5877852357108809
vn 0.25000000547057527 0.7694208790345749 -0.5877852568501308
vn 0.08456530567360536 0.8045851130530445 -0.5877852540934906
vn -0.08456530567360536 0.8045851130530445 -0.5877852540934906
vn -0.25000000547057527 0.7694208790345749 -0.5877852568501308
vn -0.40450849559501084 0.7006292840523903 -0.5877852357108809
vn -0.5413380307816883 0.6012167977894 -0.5877852486114834
vn -0.6545084820016838 0.4755282776441266 -0.5877852534290582
vn -0.7390738090735351 0.3290568572853501 -0.5877852408958771
vn -0.7913380347694764 0.1682040857914516 -0.5877852501128663
vn -0.8090170011595983 1.9815201536106157e-16 -0.5877852429542022
vn -0.3090169948284817 0 -0.9510565161477913
vn -0.30226423541356434 -0.06424824724475749 -0.9510565149957335
vn -0.2823010620896563 -0.12568853518760317 -0.9510565190699483
vn -0.24999999431051087 -0.18163562897734423 -0.9510565183682562
vn -0.20677272539690164 -0.2296443682197275 -0.9510565199697123
vn -0.15450849759791035 -0.267616563598785 -0.9510565172783444
vn -0.09549150409137153 -0.2938926156295723 -0.9510565194165781
vn -0.03230107126126292 -0.30732416374025573 -0.951056517340966
vn 0.03230107126126292 -0.30732416374025573 -0.951056517340966
vn 0.09549150409137153 -0.2938926156295723 -0.9510565194165781
vn 0.15450849759791035 -0.267616563598785 -0.9510565172783444
vn 0.20677272539690164 -0.2296443682197275 -0.9510565199697123
vn 0.24999999431051087 -0.18163562897734423 -0.9510565183682562
vn 0.2823010620896563 -0.12568853518760317 -0.9510565190699483
vn 0.30226423541356434 -0.06424824724475749 -0.9510565149957335
vn 0.3090169948284817 -3.784366758465668e-17 -0.9510565161477913
vn 0.30226423541356434 0.06424824724475749 -0.9510565149957335
vn 0.2823010620896563 0.12568853518760317 -0.9510565190699483
vn 0.24999999431051087 0.18163562897734423 -0.9510565183682562
vn 0.20677272539690164 0.2296443682197275 -0.9510565199697123
vn 0.15450849759791035 0.267616563598785 -0.9510565172783444
vn 0.09549150409137153 0.2938926156295723 -0.9510565194165781
vn 0.03230107126126292 0.30732416374025573 -0.951056517340966
vn -0.03230107126126292 0.30732416374025573 -0.951056517340966
vn -0.09549150409137153 0.2938926156295723 -0.9510565194165781
vn -0.15450849759791035 0.267616563598785 -0.9510565172783444
vn -0.20677272539690164 0.2296443682197275 -0.9510565199697123
vn -0.24999999431051087 0.18163562897734423 -0.9510565183682562
vn -0.2823010620896563 0.12568853518760317 -0.9510565190699483
vn -0.30226423541356434 0.06424824724475749 -0.9510565149957335
vn -0.3090169948284817 7.568733516931335e-17 -0.9510565161477913
vn 0.3090169948284817 0 -0.9510565161477913
vn 0.30226423541356434 0.06424824724475749 -0.9510565149957335
vn 0.2823010620896563 0.12568853518760317 -0.9510565190699483
vn 0.24999999431051087 0.18163562897734423 -0.9510565183682562
vn 0.20677272539690164 0.2296443682197275 -0.9510565199697123
vn 0.15450849759791035 0.267616563598785 -0.9510565172783444
vn 0.09549150409137153 0.2938926156295723 -0.9510565194165781
vn 0.03230107126126292 0.30732416374025573 -0.951056517340966
vn -0.03230107126126292 0.30732416374025573 -0.951056517340966
vn -0.09549150409137153 0.2938926156295723 -0.9510565194165781
vn -0.15450849759791035 0.267616563598785 -0.9510565172783444
vn -0.20677272539690164 0.2296443682197275 -0.9510565199697123
vn -0.24999999431051087 0.18163562897734423 -0.9510565183682562
vn -0.2823010620896563 0.12568853518760317 -0.9510565190699483
vn -0.30226423541356434 0.06424824724475749 -0.9510565149957335
vn -0.3090169948284817 3.784366758465668e-17 -0.9510565161477913
vn -0.30226423541356434 -0.06424824724475749 -0.9510565149957335
vn -0.2823010620896563 -0.12568853518760317 -0.9510565190699483
vn -0.24999999431051087 -0.18163562897734423 -0.9510565183682562
vn -0.20677272539690164 -0.2296443682197275 -0.9510565199697123
vn -0.15450849759791035 -0.267616563598785 -0.9510565172783444
vn -0.09549150409137153 -0.2938926156295723 -0.9510565194165781
vn -0.03230107126126292 -0.30732416374025573 -0.951056517340966
vn 0.03230107126126292 -0.30732416374025573 -0.951056517340966
vn 0.09549150409137153 -0.2938926156295723 -0.9510565194165781
vn 0.15450849759791035 -0.267616563598785 -0.9510565172783444
vn 0.20677272539690164 -0.2296443682197275 -0.9510565199697123
vn 0.24999999431051087 -0.18163562897734423 -0.9510565183682562
vn 0.2823010620896563 -0.12568853518760317 -0.9510565190699483
vn 0.30226423541356434 -0.06424824724475749 -0.9510565149957335
vn 0.3090169948284817 -7.568733516931335e-17 -0.9510565161477913
vn 0.8090170011595983 0 -0.5877852429542022
vn 0.7913380347694764 0.1682040857914516 -0.5877852501128663
vn 0.7390738090735351 0.3290568572853501 -0.5877852408958771
vn 0.6545084820016838 0.4755282776441266 -0.5877852534290582
vn 0.5413380307816883 0.6012167977894 -0.5877852486114834
vn 0.40450849559501084 0.7006292840523903 -0.5877852357108809
vn 0.25000000547057527 0.7694208790345749 -0.5877852568501308
vn 0.08456530567360536 0.8045851130530445 -0.5877852540934906
vn -0.08456530567360536 0.8045851130530445 -0.5877852540934906
vn -0.25000000547057527 0.7694208790345749 -0.5877852568501308
vn -0.40450849559501084 0.7006292840523903 -0.5877852357108809
vn -0.5413380307816883 0.6012167977894 -0.5877852486114834
vn -0.6545084820016838 0.4755282776441266 -0.5877852534290582
vn -0.7390738090735351 0.3290568572853501 -0.5877852408958771
vn -0.7913380347694764 0.1682040857914516 -0.5877852501128663
vn -0.8090170011595983 9.907600768053078e-17 -0.5877852429542022
vn -0.7913380347694764 -0.1682040857914516 -0.5877852501128663
vn -0.7390738090735351 -0.3290568572853501 -0.5877852408958771
vn -0.6545084820016838 -0.4755282776441266 -0.5877852534290582
vn -0.5413380307816883 -0.6012167977894 -0.5877852486114834
vn -0.40450849559501084 -0.7006292840523903 -0.5877852357108809
vn -0.25000000547057527 -0.7694208790345749 -0.5877852568501308
vn -0.08456530567360536 -0.8045851130530445 -0.5877852540934906
vn 0.08456530567360536 -0.8045851130530445 -0.5877852540934906
vn 0.25000000547057527 -0.7694208790345749 -0.5877852568501308
vn 0.40450849559501084 -0.7006292840523903 -0.5877852357108809
vn 0.5413380307816883 -0.6012167977894 -0.5877852486114834
vn 0.6545084820016838 -0.4755282776441266 -0.5877852534290582
vn 0.7390738090735351 -0.3290568572853501 -0.5877852408958771
vn 0.7913380347694764 -0.1682040857914516 -0.5877852501128663
vn 0.8090170011595983 -1.9815201536106157e-16 -0.5877852429542022
vn 1 0 -2.4492937051703357e-16
vn 0.9781476029836251 0.2079116802331908 -2.449293647729466e-16
vn 0.9135454533753186 0.40673665266027326 -2.4492937686282727e-16
vn 0.8090170011595983 0.5877852429542022 -2.4492937008623584e-16
vn 0.6691306233342523 0.7431448101926803 -2.449293705147076e-16
vn 0.5000000067305869 0.8660253998985324 -2.449293738140704e-16
vn 0.3090169948284817 0.9510565161477913 -2.4492936437109645e-16
vn 0.10452846222910053 0.9945218954774298 -2.4492936548428347e-16
vn -0.10452846222910053 0.9945218954774298 -2.4492936548428347e-16
vn -0.3090169948284817 0.9510565161477913 -2.4492936437109645e-16
vn -0.5000000067305869 0.8660253998985324 -2.449293738140704e-16
vn -0.6691306233342523 0.7431448101926803 -2.449293705147076e-16
vn -0.8090170011595983 0.5877852429542022 -2.4492937008623584e-16
vn -0.9135454533753186 0.40673665266027326 -2.4492937686282727e-16
vn -0.9781476029836251 0.2079116802331908 -2.449293647729466e-16
vn -1 1.2246468525851679e-16 -2.4492937051703357e-16
vn -0.9781476029836251 -0.2079116802331908 -2.449293647729466e-16
vn -0.9135454533753186 -0.40673665266027326 -2.4492937686282727e-16
vn -0.8090170011595983 -0.5877852429542022 -2.4492937008623584e-16
vn -0.6691306233342523 -0.7431448101926803 -2.449293705147076e-16
vn -0.5000000067305869 -0.8660253998985324 -2.449293738140704e-16
vn -0.3090169948284817 -0.9510565161477913 -2.4492936437109645e-16
vn -0.10452846222910053 -0.9945218954774298 -2.4492936548428347e-16
vn 0.10452846222910053 -0.9945218954774298 -2.4492936548428347e-16
vn 0.3090169948284817 -0.9510565161477913 -2.4492936437109645e-16
vn 0.5000000067305869 -0.8660253998985324 -2.449293738140704e-16
vn 0.6691306233342523 -0.7431448101926803 -2.449293705147076e-16
vn 0.8090170011595983 -0.5877852429542022 -2.4492937008623584e-16
vn 0.9135454533753186 -0.40673665266027326 -2.4492937686282727e-16
vn 0.9781476029836251 -0.2079116802331908 -2.449293647729466e-16
vn 1 -2.4492937051703357e-16 -2.4492937051703357e-16
f 1501/1501/1501 1470/1470/1470 1502/1502/1502
f 1470/1470/1470 1471/1471/1471 1502/1502/1502
f 1502/1502/1502 1471/1471/1471 1503/1503/1503
f 1471/1471/1471 1472/1472/1472 1503/1503/1503
f 1503/1503/1503 1472/1472/1472 1504/1504/1504
f 1472/1472/1472 1473/1473/1473 1504/1504/1504
f 1504/1504/1504 1473/1473/1473 1505/1505/1505
f 1473/1473/1473 1474/1474/1474 1505/1505/1505
f 1505/1505/1505 1474/1474/1474 1506/1506/1506
f 1474/1474/1474 1475/1475/1475 1506/1506/1506
f 1506/1506/1506 1475/1475/1475 1507/1507/1507
f 1475/1475/1475 1476/1476/1476 1507/1507/1507
f 1507/1507/1507 1476/1476/1476 1508/1508/1508
f 1476/1476/1476 1477/1477/1477 1508/1508/1508
f 1508/1508/1508 1477/1477/1477 1509/1509/1509
f 1477/1477/1477 1478/1478/1478 1509/1509/1509
f 1509/1509/1509 1478/1478/1478 1510/1510/1510
f 1478/1478/1478 1479/1479/1479 1510/1510/1510
f 1510/1510/1510 1479/1479/1479 1511/1511/1511
f 1479/1479/1479 1480/1480/1480 1511/1511/1511
f 1511/1511/1511 1480/1480/1480 1512/1512/1512
f 1480/1480/1480 1481/1481/1481 1512/1512/1512
f 1512/1512/1512 1481/1481/1481 1513/1513/1513
f 1481/1481/1481 1482/1482/1482 1513/1513/1513
f 1513/1513/1513 1482/1482/1482 1514/1514/1514
f 1482/1482/1482 1483/1483/1483 1514/1514/1514
f 1514/1514/1514 1483/1483/1483 1515/1515/1515
f 1483/1483/1483 1484/1484/1484 1515/1515/1515
f 1515/1515/1515 1484/1484/1484 1516/1516/1516
f 1484/1484/1484 1485/1485/1485 1516/1516/1516
f 1516/1516/1516 1485/1485/1485 1517/1517/1517
f 1485/1485/1485 1486/1486/1486 1517/1517/1517
f 1517/1517/1517 1486/1486/1486 1518/1518/1518
f 1486/1486/1486 1487/1487/1487 1518/1518/1518
f 1518/1518/1518 1487/1487/1487 1519/1519/1519
f 1487/1487/1487 1488/1488/1488 1519/1519/1519
f 1519/1519/1519 1488/1488/1488 1520/1520/1520
f 1488/1488/1488 1489/1489/1489 1520/1520/1520
f 1520/1520/1520 1489/1489/1489 1521/1521/1521
f 1489/1489/1489 1490/1490/1490 1521/1521/1521
f 1521/1521/1521 1490/1490/1490 1522/1522/1522
f 1490/1490/1490 1491/1491/1491 1522/1522/1522
f 1522/1522/1522 1491/1491/1491 1523/1523/1523
f 1491/1491/1491 1492/1492/1492 1523/1523/1523
f 1523/1523/1523 1492/1492/1492 1524/1524/1524
f 1492/1492/1492 1493/1493/1493 1524/1524/1524
f 1524/1524/1524 1493/1493/1493 1525/1525/1525
f 1493/1493/1493 1494/1494/1494 1525/1525/1525
f 1525/1525/1525 1494/1494/1494 1526/1526/1526
f 1494/1494/1494 1495/1495/1495 1526/1526/1526
f 1526/1526/1526 1495/1495/1495 1527/1527/1527
f 1495/1495/1495 1496/1496/1496 1527/1527/1527
f 1527/1527/1527 1496/1496/1496 1528/1528/1528
f 1496/1496/1496 1497/1497/1497 1528/1528/1528
f 1528/1528/1528 1497/1497/1497 1529/1529/1529
f 1497/1497/1497 1498/1498/1498 1529/1529/1529
f 1529/1529/1529 1498/1498/1498 1530/1530/1530
f 1498/1498/1498 1499/1499/1499 1530/1530/1530
f 1530/1530/1530 1499/1499/1499 1531/1531/1531
f 1499/1499/1499 1500/1500/1500 1531/1531/1531
f 1532/1532/1532 1501/1501/1501 1533/1533/1533
f 1501/1501/1501 1502/1502/1502 1533/1533/1533
f 1533/1533/1533 1502/1502/1502 1534/1534/1534
f 1502/1502/1502 1503/1503/1503 1534/1534/1534
f 1534/1534/1534 1503/1503/1503 1535/1535/1535
f 1503/1503/1503 1504/1504/1504 1535/1535/1535
f 1535/1535/1535 1504/1504/1504 1536/1536/1536
f 1504/1504/1504 1505/1505/1505 1536/1536/1536
f 1536/1536/1536 1505/1505/1505 1537/1537/1537
f 1505/1505/1505 1506/1506/1506 1537/1537/1537
f 1537/1537/1537 1506/1506/1506 1538/1538/1538
f 1506/1506/1506 1507/1507/1507 1538/1538/1538
f 1538/1538/1538 1507/1507/1507 1539/1539/1539
f 1507/1507/1507 1508/1508/1508 1539/1539/1539
f 1539/1539/1539 1508/1508/1508 1540/1540/1540
f 1508/1508/1508 1509/1509/1509 1540/1540/1540
f 1540/1540/1540 1509/1509/1509 1541/1541/1541
f 1509/1509/1509 1510/1510/1510 1541/1541/1541
f 1541/1541/1541 1510/1510/1510 1542/1542/1542
f 1510/1510/1510 1511/1511/1511 1542/1542/1542
f 1542/1542/1542 1511/1511/1511 1543/1543/1543
f 1511/1511/1511 1512/1512/1512 1543/1543/1543
f 1543/1543/1543 1512/1512/1512 1544/1544/1544
f 1512/1512/1512 1513/1513/1513 1544/1544/1544
f 1544/1544/1544 1513/1513/1513 1545/1545/1545
f 1513/1513/1513 1514/1514/1514 1545/1545/1545
f 1545/1545/1545 1514/1514/1514 1546/1546/1546
f 1514/1514/1514 1515/1515/1515 1546/1546/1546
f 1546/1546/1546 1515/1515/1515 1547/1547/1547
f 1515/1515/1515 1516/1516/1516 1547/1547/1547
f 1547/1547/1547 1516/1516/1516 1548/1548/1548
f 1516/1516/1516 1517/1517/1517 1548/1548/1548
f 1548/1548/1548 1517/1517/1517 1549/1549/1549
f 1517/1517/1517 1518/1518/1518 1549/1549/1549
f 1549/1549/1549 1518/1518/1518 1550/1550/1550
f 1518/1518/1518 1519/1519/1519 1550/1550/1550
f 1550/1550/1550 1519/1519/1519 1551/1551/1551
f 1519/1519/1519 1520/1520/1520 1551/1551/1551
f 1551/1551/1551 1520/1520/1520 1552/1552/1552
f 1520/1520/1520 1521/1521/1521 1552/1552/1552
f 1552/1552/1552 1521/1521/1521 1553/1553/1553
f 1521/1521/1521 1522/1522/1522 1553/1553/1553
f 1553/1553/1553 1522/1522/1522 1554/1554/1554
f 1522/1522/1522 1523/1523/1523 1554/1554/1554
f 1554/1554/1554 1523/1523/1523 1555/1555/1555
f 1523/1523/1523 1524/1524/1524 1555/1555/1555
f 1555/1555/1555 1524/1524/1524 1556/1556/1556
f 1524/1524/1524 1525/1525/1525 1556/1556/1556
f 1556/1556/1556 1525/1525/1525 1557/1557/1557
f 1525/1525/1525 1526/1526/1526 1557/1557/1557
f 1557/1557/1557 1526/1526/1526 1558/1558/1558
f 1526/1526/1526 1527/1527/1527 1558/1558/1558
f 1558/1558/1558 1527/1527/1527 1559/1559/1559
f 1527/1527/1527 1528/1528/1528 1559/1559/1559
f 1559/1559/1559 1528/1528/1528 1560/1560/1560
f 1528/1528/1528 1529/1529/1529 1560/1560/1560
f 1560/1560/1560 1529/1529/1529 1561/1561/1561
f 1529/1529/1529 1530/1530/1530 1561/1561/1561
f 1561/1561/1561 1530/1530/1530 1562/1562/1562
f 1530/1530/1530 1531/1531/1531 1562/1562/1562
f 1563/1563/1563 1532/1532/1532 1564/1564/1564
f 1532/1532/1532 1533/1533/1533 1564/1564/1564
f 1564/1564/1564 1533/1533/1533 1565/1565/1565
f 1533/1533/1533 1534/1534/1534 1565/1565/1565
f 1565/1565/1565 1534/1534/1534 1566/1566/1566
f 1534/1534/1534 1535/1535/1535 1566/1566/1566
f 1566/1566/1566 1535/1535/1535 1567/1567/1567
f 1535/1535/1535 1536/1536/1536 1567/1567/1567
f 1567/1567/1567 1536/1536/1536 1568/1568/1568
f 1536/1536/1536 1537/1537/1537 1568/1568/1568
f 1568/1568/1568 1537/1537/1537 1569/1569/1569
f 1537/1537/1537 1538/1538/1538 1569/1569/1569
f 1569/1569/1569 1538/1538/1538 1570/1570/1570
f 1538/1538/1538 1539/1539/1539 1570/1570/1570
f 1570/1570/1570 1539/1539/1539 1571/1571/1571
f 1539/1539/1539 1540/1540/1540 1571/1571/1571
f 1571/1571/1571 1540/1540/1540 1572/1572/1572
f 1540/1540/1540 1541/1541/1541 1572/1572/1572
f 1572/1572/1572 1541/1541/1541 1573/1573/1573
f 1541/1541/1541 1542/1542/1542 1573/1573/1573
f 1573/1573/1573 1542/1542/1542 1574/1574/1574
f 1542/1542/1542 1543/1543/1543 1574/1574/1574
f 1574/1574/1574 1543/1543/1543 1575/1575/1575
f 1543/1543/1543 1544/1544/1544 1575/1575/1575
f 1575/1575/1575 1544/1544/1544 1576/1576/1576
f 1544/1544/1544 1545/1545/1545 1576/1576/1576
f 1576/1576/1576 1545/1545/1545 1577/1577/1577
f 1545/1545/1545 1546/1546/1546 1577/1577/1577
f 1577/1577/1577 1546/1546/1546 1578/1578/1578
f 1546/1546/1546 1547/1547/1547 1578/1578/1578
f 1578/1578/1578 1547/1547/1547 1579/1579/1579
f 1547/1547/1547 1548/1548/1548 1579/1579/1579
f 1579/1579/1579 1548/1548/1548 1580/1580/1580
f 1548/1548/1548 1549/1549/1549 1580/1580/1580
f 1580/1580/1580 1549/1549/1549 1581/1581/1581
f 1549/1549/1549 1550/1550/1550 1581/1581/1581
f 1581/1581/1581 1550/1550/1550 1582/1582/1582
f 1550/1550/1550 1551/1551/1551 1582/1582/1582
f 1582/1582/1582 1551/1551/1551 1583/1583/1583
f 1551/1551/1551 1552/1552/1552 1583/1583/1583
f 1583/1583/1583 1552/1552/1552 1584/1584/1584
f 1552/1552/1552 1553/1553/1553 1584/1584/1584
f 1584/1584/1584 1553/1553/1553 1585/1585/1585
f 1553/1553/1553 1554/1554/1554 1585/1585/1585
f 1585/1585/1585 1554/1554/1554 1586/1586/1586
f 1554/1554/1554 1555/1555/1555 1586/1586/1586
f 1586/1586/1586 1555/1555/1555 1587/1587/1587
f 1555/1555/1555 1556/1556/1556 1587/1587/1587
f 1587/1587/1587 1556/1556/1556 1588/1588/1588
f 1556/1556/1556 1557/1557/1557 1588/1588/1588
f 1588/1588/1588 1557/1557/1557 1589/1589/1589
f 1557/1557/1557 1558/1558/1558 1589/1589/1589
f 1589/1589/1589 1558/1558/1558 1590/1590/1590
f 1558/1558/1558 1559/1559/1559 1590/1590/1590
f 1590/1590/1590 1559/1559/1559 1591/1591/1591
f 1559/1559/1559 1560/1560/1560 1591/1591/1591
f 1591/1591/1591 1560/1560/1560 1592/1592/1592
f 1560/1560/1560 1561/1561/1561 1592/1592/1592
f 1592/1592/1592 1561/1561/1561 1593/1593/1593
f 1561/1561/1561 1562/1562/1562 1593/1593/1593
f 1594/1594/1594 1563/1563/1563 1595/1595/1595
f 1563/1563/1563 1564/1564/1564 1595/1595/1595
f 1595/1595/1595 1564/1564/1564 1596/1596/1596
f 1564/1564/1564 1565/1565/1565 1596/1596/1596
f 1596/1596/1596 1565/1565/1565 1597/1597/1597
f 1565/1565/1565 1566/1566/1566 1597/1597/1597
f 1597/1597/1597 1566/1566/1566 1598/1598/1598
f 1566/1566/1566 1567/1567/1567 1598/1598/1598
f 1598/1598/1598 1567/1567/1567 1599/1599/1599
f 1567/1567/1567 1568/1568/1568 1599/1599/1599
f 1599/1599/1599 1568/1568/1568 1600/1600/1600
f 1568/1568/1568 1569/1569/1569 1600/1600/1600
f 1600/1600/1600 1569/1569/1569 1601/1601/1601
f 1569/1569/1569 1570/1570/1570 1601/1601/1601
f 1601/1601/1601 1570/1570/1570 1602/1602/1602
f 1570/1570/1570 1571/1571/1571 1602/1602/1602
f 1602/1602/1602 1571/1571/1571 1603/1603/1603
f 1571/1571/1571 1572/1572/1572 1603/1603/1603
f 1603/1603/1603 1572/1572/1572 1604/1604/1604
f 1572/1572/1572 1573/1573/1573 1604/1604/1604
f 1604/1604/1604 1573/1573/1573 1605/1605/1605
f 1573/1573/1573 1574/1574/1574 1605/1605/1605
f 1605/1605/1605 1574/1574/1574 1606/1606/1606
f 1574/1574/1574 1575/1575/1575 1606/1606/1606
f 1606/1606/1606 1575/1575/1575 1607/1607/1607
f 1575/1575/1575 1576/1576/1576 1607/1607/1607
f 1607/1607/1607 1576/1576/1576 1608/1608/1608
f 1576/1576/1576 1577/1577/1577 1608/1608/1608
f 1608/1608/1608 1577/1577/1577 1609/1609/1609
f 1577/1577/1577 1578/1578/1578 1609/1609/1609
f 1609/1609/1609 1578/1578/1578 1610/1610/1610
f 1578/1578/1578 1579/1579/1579 1610/1610/1610
f 1610/1610/1610 1579/1579/1579 1611/1611/1611
f 1579/1579/1579 1580/1580/1580 1611/1611/1611
f 1611/1611/1611 1580/1580/1580 1612/1612/1612
f 1580/1580/1580 1581/1581/1581 1612/1612/1612
f 1612/1612/1612 1581/1581/1581 1613/1613/1613
f 1581/1581/1581 1582/1582/1582 1613/1613/1613
f 1613/1613/1613 1582/1582/1582 1614/1614/1614
f 1582/1582/1582 1583/1583/1583 1614/1614/1614
f 1614/1614/1614 1583/1583/1583 1615/1615/1615
f 1583/1583/1583 1584/1584/1584 1615/1615/1615
f 1615/1615/1615 1584/1584/1584 1616/1616/1616
f 1584/1584/1584 1585/1585/1585 1616/1616/1616
f 1616/1616/1616 1585/1585/1585 1617/1617/1617
f 1585/1585/1585 1586/1586/1586 1617/1617/1617
f 1617/1617/1617 1586/1586/1586 1618/1618/1618
f 1586/1586/1586 1587/1587/1587 1618/1618/1618
f 1618/1618/1618 1587/1587/1587 1619/1619/1619
f 1587/1587/1587 1588/1588/1588 1619/1619/1619
f 1619/1619/1619 1588/1588/1588 1620/1620/1620
f 1588/1588/1588 1589/1589/1589 1620/1620/1620
f 1620/1620/1620 1589/1589/1589 1621/1621/1621
f 1589/1589/1589 1590/1590/1590 1621/1621/1621
f 1621/1621/1621 1590/1590/1590 1622/1622/1622
f 1590/1590/1590 1591/1591/1591 1622/1622/1622
f 1622/1622/1622 1591/1591/1591 1623/1623/1623
f 1591/1591/1591 1592/1592/1592 1623/1623/1623
f 1623/1623/1623 1592/1592/1592 1624/1624/1624
f 1592/1592/1592 1593/1593/1593 1624/1624/1624
f 1625/1625/1625 1594/1594/1594 1626/1626/1626
f 1594/1594/1594 1595/1595/1595 1626/1626/1626
f 1626/1626/1626 1595/1595/1595 1627/1627/1627
f 1595/1595/1595 1596/1596/1596 1627/1627/1627
f 1627/1627/1627 1596/1596/1596 1628/1628/1628
f 1596/1596/1596 1597/1597/1597 1628/1628/1628
f 1628/1628/1628 1597/1597/1597 1629/1629/1629
f 1597/1597/1597 1598/1598/1598 1629/1629/1629
f 1629/1629/1629 1598/1598/1598 1630/1630/1630
f 1598/1598/1598 1599/1599/1599 1630/1630/1630
f 1630/1630/1630 1599/1599/1599 1631/1631/1631
f 1599/1599/1599 1600/1600/1600 1631/1631/1631
f 1631/1631/1631 1600/1600/1600 1632/1632/1632
f 1600/1600/1600 1601/1601/1601 1632/1632/1632
f 1632/1632/1632 1601/1601/1601 1633/1633/1633
f 1601/1601/1601 1602/1602/1602 1633/1633/1633
f 1633/1633/1633 1602/1602/1602 1634/1634/1634
f 1602/1602/1602 1603/1603/1603 1634/1634/1634
f 1634/1634/1634 1603/1603/1603 1635/1635/1635
f 1603/1603/1603 1604/1604/1604 1635/1635/1635
f 1635/1635/1635 1604/1604/1604 1636/1636/1636
f 1604/1604/1604 1605/1605/1605 1636/1636/1636
f 1636/1636/1636 1605/1605/1605 1637/1637/1637
f 1605/1605/1605 1606/1606/1606 1637/1637/1637
f 1637/1637/1637 1606/1606/1606 1638/1638/1638
f 1606/1606/1606 1607/1607/1607 1638/1638/1638
f 1638/1638/1638 1607/1607/1607 1639/1639/1639
f 1607/1607/1607 1608/1608/1608 1639/1639/1639
f 1639/1639/1639 1608/1608/1608 1640/1640/1640
f 1608/1608/1608 1609/1609/1609 1640/1640/1640
f 1640/1640/1640 1609/1609/1609 1641/1641/1641
f 1609/1609/1609 1610/1610/1610 1641/1641/1641
f 1641/1641/1641 1610/1610/1610 1642/1642/1642
f 1610/1610/1610 1611/1611/1611 1642/1642/1642
f 1642/1642/1642 1611/1611/1611 1643/1643/1643
f 1611/1611/1611 1612/1612/1612 1643/1643/1643
f 1643/1643/1643 1612/1612/1612 1644/1644/1644
f 1612/1612/1612 1613/1613/1613 1644/1644/1644
f 1644/1644/1644 1613/1613/1613 1645/1645/1645
f 1613/1613/1613 1614/1614/1614 1645/1645/1645
f 1645/1645/1645 1614/1614/1614 1646/1646/1646
f 1614/1614/1614 1615/1615/1615 1646/1646/1646
f 1646/1646/1646 1615/1615/1615 1647/1647/1647
f 1615/1615/1615 1616/1616/1616 1647/1647/1647
f 1647/1647/1647 1616/1616/1616 1648/1648/1648
f 1616/1616/1616 1617/1617/1617 1648/1648/1648
f 1648/1648/1648 1617/1617/1617 1649/1649/1649
f 1617/1617/1617 1618/1618/1618 1649/1649/1649
f 1649/1649/1649 1618/1618/1618 1650/1650/1650
f 1618/1618/1618 1619/1619/1619 1650/1650/1650
f 1650/1650/1650 1619/1619/1619 1651/1651/1651
f 1619/1619/1619 1620/1620/1620 1651/1651/1651
f 1651/1651/1651 1620/1620/1620 1652/1652/1652
f 1620/1620/1620 1621/1621/1621 1652/1652/1652
f 1652/1652/1652 1621/1621/1621 1653/1653/1653
f 1621/1621/1621 1622/1622/1622 1653/1653/1653
f 1653/1653/1653 1622/1622/1622 1654/1654/1654
f 1622/1622/1622 1623/1623/1623 1654/1654/1654
f 1654/1654/1654 1623/1623/1623 1655/1655/1655
f 1623/1623/1623 1624/1624/1624 1655/1655/1655
f 1656/1656/1656 1625/1625/1625 1657/1657/1657
f 1625/1625/1625 1626/1626/1626 1657/1657/1657
f 1657/1657/1657 1626/1626/1626 1658/1658/1658
f 1626/1626/1626 1627/1627/1627 1658/1658/1658
f 1658/1658/1658 1627/1627/1627 1659/1659/1659
f 1627/1627/1627 1628/1628/1628 1659/1659/1659
f 1659/1659/1659 1628/1628/1628 1660/1660/1660
f 1628/1628/1628 1629/1629/1629 1660/1660/1660
f 1660/1660/1660 1629/1629/1629 1661/1661/1661
f 1629/1629/1629 1630/1630/1630 1661/1661/1661
f 1661/1661/1661 1630/1630/1630 1662/1662/1662
f 1630/1630/1630 1631/1631/1631 1662/1662/1662
f 1662/1662/1662 1631/1631/1631 1663/1663/1663
f 1631/1631/1631 1632/1632/1632 1663/1663/1663
f 1663/1663/1663 1632/1632/1632 1664/1664/1664
f 1632/1632/1632 1633/1633/1633 1664/1664/1664
f 1664/1664/1664 1633/1633/1633 1665/1665/1665
f 1633/1633/1633 1634/1634/1634 1665/1665/1665
f 1665/1665/1665 1634/1634/1634 1666/1666/1666
f 1634/1634/1634 1635/1635/1635 1666/1666/1666
f 1666/1666/1666 1635/1635/1635 1667/1667/1667
f 1635/1635/1635 1636/1636/1636 1667/1667/1667
f 1667/1667/1667 1636/1636/1636 1668/1668/1668
f 1636/1636/1636 1637/1637/1637 1668/1668/1668
f 1668/1668/1668 1637/1637/1637 1669/1669/1669
f 1637/1637/1637 1638/1638/1638 1669/1669/1669
f 1669/1669/1669 1638/1638/1638 1670/1670/1670
f 1638/1638/1638 1639/1639/1639 1670/1670/1670
f 1670/1670/1670 1639/1639/1639 1671/1671/1671
f 1639/1639/1639 1640/1640/1640 1671/1671/1671
f 1671/1671/1671 1640/1640/1640 1672/1672/1672
f 1640/1640/1640 1641/1641/1641 1672/1672/1672
f 1672/1672/1672 1641/1641/1641 1673/1673/1673
f 1641/1641/1641 1642/1642/1642 1673/1673/1673
f 1673/1673/1673 1642/1642/1642 1674/1674/1674
f 1642/1642/1642 1643/1643/1643 1674/1674/1674
f 1674/1674/1674 1643/1643/1643 1675/1675/1675
f 1643/1643/1643 1644/1644/1644 1675/1675/1675
f 1675/1675/1675 1644/1644/1644 1676/1676/1676
f 1644/1644/1644 1645/1645/1645 1676/1676/1676
f 1676/1676/1676 1645/1645/1645 1677/1677/1677
f 1645/1645/1645 1646/1646/1646 1677/1677/1677
f 1677/1677/1677 1646/1646/1646 1678/1678/1678
f 1646/1646/1646 1647/1647/1647 1678/1678/1678
f 1678/1678/1678 1647/1647/1647 1679/1679/1679
f 1647/1647/1647 1648/1648/1648 1679/1679/1679
f 1679/1679/1679 1648/1648/1648 1680/1680/1680
f 1648/1648/1648 1649/1649/1649 1680/1680/1680
f 1680/1680/1680 1649/1649/1649 1681/1681/1681
f 1649/1649/1649 1650/1650/1650 1681/1681/1681
f 1681/1681/1681 1650/1650/1650 1682/1682/1682
f 1650/1650/1650 1651/1651/1651 1682/1682/1682
f 1682/1682/1682 1651/1651/1651 1683/1683/1683
f 1651/1651/1651 1652/1652/1652 1683/1683/1683
f 1683/1683/1683 1652/1652/1652 1684/1684/1684
f 1652/1652/1652 1653/1653/1653 1684/1684/1684
f 1684/1684/1684 1653/1653/1653 1685/1685/1685
f 1653/1653/1653 1654/1654/1654 1685/1685/1685
f 1685/1685/1685 1654/1654/1654 1686/1686/1686
f 1654/1654/1654 1655/1655/1655 1686/1686/1686
f 1687/1687/1687 1656/1656/1656 1688/1688/1688
f 1656/1656/1656 1657/1657/1657 1688/1688/1688
f 1688/1688/1688 1657/1657/1657 1689/1689/1689
f 1657/1657/1657 1658/1658/1658 1689/1689/1689
f 1689/1689/1689 1658/1658/1658 1690/1690/1690
f 1658/1658/1658 1659/1659/1659 1690/1690/1690
f 1690/1690/1690 1659/1659/1659 1691/1691/1691
f 1659/1659/1659 1660/1660/1660 1691/1691/1691
f 1691/1691/1691 1660/1660/1660 1692/1692/1692
f 1660/1660/1660 1661/1661/1661 1692/1692/1692
f 1692/1692/1692 1661/1661/1661 1693/1693/1693
f 1661/1661/1661 1662/1662/1662 1693/1693/1693
f 1693/1693/1693 1662/1662/1662 1694/1694/1694
f 1662/1662/1662 1663/1663/1663 1694/1694/1694
f 1694/1694/1694 1663/1663/1663 1695/1695/1695
f 1663/1663/1663 1664/1664/1664 1695/1695/1695
f 1695/1695/1695 1664/1664/1664 1696/1696/1696
f 1664/1664/1664 1665/1665/1665 1696/1696/1696
f 1696/1696/1696 1665/1665/1665 1697/1697/1697
f 1665/1665/1665 1666/1666/1666 1697/1697/1697
f 1697/1697/1697 1666/1666/1666 1698/1698/1698
f 1666/1666/1666 1667/1667/1667 1698/1698/1698
f 1698/1698/1698 1667/1667/1667 1699/1699/1699
f 1667/1667/1667 1668/1668/1668 1699/1699/1699
f 1699/1699/1699 1668/1668/1668 1700/1700/1700
f 1668/1668/1668 1669/1669/1669 1700/1700/1700
f 1700/1700/1700 1669/1669/1669 1701/1701/1701
f 1669/1669/1669 1670/1670/1670 1701/1701/1701
f 1701/1701/1701 1670/1670/1670 1702/1702/1702
f 1670/1670/1670 1671/1671/1671 1702/1702/1702
f 1702/1702/1702 1671/1671/1671 1703/1703/1703
f 1671/1671/1671 1672/1672/1672 1703/1703/1703
f 1703/1703/1703 1672/1672/1672 1704/1704/1704
f 1672/1672/1672 1673/1673/1673 1704/1704/1704
f 1704/1704/1704 1673/1673/1673 1705/1705/1705
f 1673/1673/1673 1674/1674/1674 1705/1705/1705
f 1705/1705/1705 1674/1674/1674 1706/1706/1706
f 1674/1674/1674 1675/1675/1675 1706/1706/1706
f 1706/1706/1706 1675/1675/1675 1707/1707/1707
f 1675/1675/1675 1676/1676/1676 1707/1707/1707
f 1707/1707/1707 1676/1676/1676 1708/1708/1708
f 1676/1676/1676 1677/1677/1677 1708/1708/1708
f 1708/1708/1708 1677/1677/1677 1709/1709/1709
f 1677/1677/1677 1678/1678/1678 1709/1709/1709
f 1709/1709/1709 1678/1678/1678 1710/1710/1710
f 1678/1678/1678 1679/1679/1679 1710/1710/1710
f 1710/1710/1710 1679/1679/1679 1711/1711/1711
f 1679/1679/1679 1680/1680/1680 1711/1711/1711
f 1711/1711/1711 1680/1680/1680 1712/1712/1712
f 1680/1680/1680 1681/1681/1681 1712/1712/1712
f 1712/1712/1712 1681/1681/1681 1713/1713/1713
f 1681/1681/1681 1682/1682/1682 1713/1713/1713
f 1713/1713/1713 1682/1682/1682 1714/1714/1714
f 1682/1682/1682 1683/1683/1683 1714/1714/1714
f 1714/1714/1714 1683/1683/1683 1715/1715/1715
f 1683/1683/1683 1684/1684/1684 1715/1715/1715
f 1715/1715/1715 1684/1684/1684 1716/1716/1716
f 1684/1684/1684 1685/1685/1685 1716/1716/1716
f 1716/1716/1716 1685/1685/1685 1717/1717/1717
f 1685/1685/1685 1686/1686/1686 1717/1717/1717
f 1718/1718/1718 1687/1687/1687 1719/1719/1719
f 1687/1687/1687 1688/1688/1688 1719/1719/1719
f 1719/1719/1719 1688/1688/1688 1720/1720/1720
f 1688/1688/1688 1689/1689/1689 1720/1720/1720
f 1720/1720/1720 1689/1689/1689 1721/1721/1721
f 1689/1689/1689 1690/1690/1690 1721/1721/1721
f 1721/1721/1721 1690/1690/1690 1722/1722/1722
f 1690/1690/1690 1691/1691/1691 1722/1722/1722
f 1722/1722/1722 1691/1691/1691 1723/1723/1723
f 1691/1691/1691 1692/1692/1692 1723/1723/1723
f 1723/1723/1723 1692/1692/1692 1724/1724/1724
f 1692/1692/1692 1693/1693/1693 1724/1724/1724
f 1724/1724/1724 1693/1693/1693 1725/1725/1725
f 1693/1693/1693 1694/1694/1694 1725/1725/1725
f 1725/1725/1725 1694/1694/1694 1726/1726/1726
f 1694/1694/1694 1695/1695/1695 1726/1726/1726
f 1726/1726/1726 1695/1695/1695 1727/1727/1727
f 1695/1695/1695 1696/1696/1696 1727/1727/1727
f 1727/1727/1727 1696/1696/1696 1728/1728/1728
f 1696/1696/1696 1697/1697/1697 1728/1728/1728
f 1728/1728/1728 1697/1697/1697 1729/1729/1729
f 1697/1697/1697 1698/1698/1698 1729/1729/1729
f 1729/1729/1729 1698/1698/1698 1730/1730/1730
f 1698/1698/1698 1699/1699/1699 1730/1730/1730
f 1730/1730/1730 1699/1699/1699 1731/1731/1731
f 1699/1699/1699 1700/1700/1700 1731/1731/1731
f 1731/1731/1731 1700/1700/1700 1732/1732/1732
f 1700/1700/1700 1701/1701/1701 1732/1732/1732
f 1732/1732/1732 1701/1701/1701 1733/1733/1733
f 1701/1701/1701 1702/1702/1702 1733/1733/1733
f 1733/1733/1733 1702/1702/1702 1734/1734/1734
f 1702/1702/1702 1703/1703/1703 1734/1734/1734
f 1734/1734/1734 1703/1703/1703 1735/1735/1735
f 1703/1703/1703 1704/1704/1704 1735/1735/1735
f 1735/1735/1735 1704/1704/1704 1736/1736/1736
f 1704/1704/1704 1705/1705/1705 1736/1736/1736
f 1736/1736/1736 1705/1705/1705 1737/1737/1737
f 1705/1705/1705 1706/1706/1706 1737/1737/1737
f 1737/1737/1737 1706/1706/1706 1738/1738/1738
f 1706/1706/1706 1707/1707/1707 1738/1738/1738
f 1738/1738/1738 1707/1707/1707 1739/1739/1739
f 1707/1707/1707 1708/1708/1708 1739/1739/1739
f 1739/1739/1739 1708/1708/1708 1740/1740/1740
f 1708/1708/1708 1709/1709/1709 1740/1740/1740
f 1740/1740/1740 1709/1709/1709 1741/1741/1741
f 1709/1709/1709 1710/1710/1710 1741/1741/1741
f 1741/1741/1741 1710/1710/1710 1742/1742/1742
f 1710/1710/1710 1711/1711/1711 1742/1742/1742
f 1742/1742/1742 1711/1711/1711 1743/1743/1743
f 1711/1711/1711 1712/1712/1712 1743/1743/1743
f 1743/1743/1743 1712/1712/1712 1744/1744/1744
f 1712/1712/1712 1713/1713/1713 1744/1744/1744
f 1744/1744/1744 1713/1713/1713 1745/1745/1745
f 1713/1713/1713 1714/1714/1714 1745/1745/1745
f 1745/1745/1745 1714/1714/1714 1746/1746/1746
f 1714/1714/1714 1715/1715/1715 1746/1746/1746
f 1746/1746/1746 1715/1715/1715 1747/1747/1747
f 1715/1715/1715 1716/1716/1716 1747/1747/1747
f 1747/1747/1747 1716/1716/1716 1748/1748/1748
f 1716/1716/1716 1717/1717/1717 1748/1748/1748
f 1749/1749/1749 1718/1718/1718 1750/1750/1750
f 1718/1718/1718 1719/1719/1719 1750/1750/1750
f 1750/1750/1750 1719/1719/1719 1751/1751/1751
f 1719/1719/1719 1720/1720/1720 1751/1751/1751
f 1751/1751/1751 1720/1720/1720 1752/1752/1752
f 1720/1720/1720 1721/1721/1721 1752/1752/1752
f 1752/1752/1752 1721/1721/1721 1753/1753/1753
f 1721/1721/1721 1722/1722/1722 1753/1753/1753
f 1753/1753/1753 1722/1722/1722 1754/1754/1754
f 1722/1722/1722 1723/1723/1723 1754/1754/1754
f 1754/1754/1754 1723/1723/1723 1755/1755/1755
f 1723/1723/1723 1724/1724/1724 1755/1755/1755
f 1755/1755/1755 1724/1724/1724 1756/1756/1756
f 1724/1724/1724 1725/1725/1725 1756/1756/1756
f 1756/1756/1756 1725/1725/1725 1757/1757/1757
f 1725/1725/1725 1726/1726/1726 1757/1757/1757
f 1757/1757/1757 1726/1726/1726 1758/1758/1758
f 1726/1726/1726 1727/1727/1727 1758/1758/1758
f 1758/1758/1758 1727/1727/1727 1759/1759/1759
f 1727/1727/1727 1728/1728/1728 1759/1759/1759
f 1759/1759/1759 1728/1728/1728 1760/1760/1760
f 1728/1728/1728 1729/1729/1729 1760/1760/1760
f 1760/1760/1760 1729/1729/1729 1761/1761/1761
f 1729/1729/1729 1730/1730/1730 1761/1761/1761
f 1761/1761/1761 1730/1730/1730 1762/1762/1762
f 1730/1730/1730 1731/1731/1731 1762/1762/1762
f 1762/1762/1762 1731/1731/1731 1763/1763/1763
f 1731/1731/1731 1732/1732/1732 1763/1763/1763
f 1763/1763/1763 1732/1732/1732 1764/1764/1764
f 1732/1732/1732 1733/1733/1733 1764/1764/1764
f 1764/1764/1764 1733/1733/1733 1765/1765/1765
f 1733/1733/1733 1734/1734/1734 1765/1765/1765
f 1765/1765/1765 1734/1734/1734 1766/1766/1766
f 1734/1734/1734 1735/1735/1735 1766/1766/1766
f 1766/1766/1766 1735/1735/1735 1767/1767/1767
f 1735/1735/1735 1736/1736/1736 1767/1767/1767
f 1767/1767/1767 1736/1736/1736 1768/1768/1768
f 1736/1736/1736 1737/1737/1737 1768/1768/1768
f 1768/1768/1768 1737/1737/1737 1769/1769/1769
f 1737/1737/1737 1738/1738/1738 1769/1769/1769
f 1769/1769/1769 1738/1738/1738 1770/1770/1770
f 1738/1738/1738 1739/1739/1739 1770/1770/1770
f 1770/1770/1770 1739/1739/1739 1771/1771/1771
f 1739/1739/1739 1740/1740/1740 1771/1771/1771
f 1771/1771/1771 1740/1740/1740 1772/1772/1772
f 1740/1740/1740 1741/1741/1741 1772/1772/1772
f 1772/1772/1772 1741/1741/1741 1773/1773/1773
f 1741/1741/1741 1742/1742/1742 1773/1773/1773
f 1773/1773/1773 1742/1742/1742 1774/1774/1774
f 1742/1742/1742 1743/1743/1743 1774/1774/1774
f 1774/1774/1774 1743/1743/1743 1775/1775/1775
f 1743/1743/1743 1744/1744/1744 1775/1775/1775
f 1775/1775/1775 1744/1744/1744 1776/1776/1776
f 1744/1744/1744 1745/1745/1745 1776/1776/1776
f 1776/1776/1776 1745/1745/1745 1777/1777/1777
f 1745/1745/1745 1746/1746/1746 1777/1777/1777
f 1777/1777/1777 1746/1746/1746 1778/1778/1778
f 1746/1746/1746 1747/1747/1747 1778/1778/1778
f 1778/1778/1778 1747/1747/1747 1779/1779/1779
f 1747/1747/1747 1748/1748/1748 1779/1779/1779
f 1780/1780/1780 1749/1749/1749 1781/1781/1781
f 1749/1749/1749 1750/1750/1750 1781/1781/1781
f 1781/1781/1781 1750/1750/1750 1782/1782/1782
f 1750/1750/1750 1751/1751/1751 1782/1782/1782
f 1782/1782/1782 1751/1751/1751 1783/1783/1783
f 1751/1751/1751 1752/1752/1752 1783/1783/1783
f 1783/1783/1783 1752/1752/1752 1784/1784/1784
f 1752/1752/1752 1753/1753/1753 1784/1784/1784
f 1784/1784/1784 1753/1753/1753 1785/1785/1785
f 1753/1753/1753 1754/1754/1754 1785/1785/1785
f 1785/1785/1785 1754/1754/1754 1786/1786/1786
f 1754/1754/1754 1755/1755/1755 1786/1786/1786
f 1786/1786/1786 1755/1755/1755 1787/1787/1787
f 1755/1755/1755 1756/1756/1756 1787/1787/1787
f 1787/1787/1787 1756/1756/1756 1788/1788/1788
f 1756/1756/1756 1757/1757/1757 1788/1788/1788
f 1788/1788/1788 1757/1757/1757 1789/1789/1789
f 1757/1757/1757 1758/1758/1758 1789/1789/1789
f 1789/1789/1789 1758/1758/1758 1790/1790/1790
f 1758/1758/1758 1759/1759/1759 1790/1790/1790
f 1790/1790/1790 1759/1759/1759 1791/1791/1791
f 1759/1759/1759 1760/1760/1760 1791/1791/1791
f 1791/1791/1791 1760/1760/1760 1792/1792/1792
f 1760/1760/1760 1761/1761/1761 1792/1792/1792
f 1792/1792/1792 1761/1761/1761 1793/1793/1793
f 1761/1761/1761 1762/1762/1762 1793/1793/1793
f 1793/1793/1793 1762/1762/1762 1794/1794/1794
f 1762/1762/1762 1763/1763/1763 1794/1794/1794
f 1794/1794/1794 1763/1763/1763 1795/1795/1795
f 1763/1763/1763 1764/1764/1764 1795/1795/1795
f 1795/1795/1795 1764/1764/1764 1796/1796/1796
f 1764/1764/1764 1765/1765/1765 1796/1796/1796
f 1796/1796/1796 1765/1765/1765 1797/1797/1797
f 1765/1765/1765 1766/1766/1766 1797/1797/1797
f 1797/1797/1797 1766/1766/1766 1798/1798/1798
f 1766/1766/1766 1767/1767/1767 1798/1798/1798
f 1798/1798/1798 1767/1767/1767 1799/1799/1799
f 1767/1767/1767 1768/1768/1768 1799/1799/1799
f 1799/1799/1799 1768/1768/1768 1800/1800/1800
f 1768/1768/1768 1769/1769/1769 1800/1800/1800
f 1800/1800/1800 1769/1769/1769 1801/1801/1801
f 1769/1769/1769 1770/1770/1770 1801/1801/1801
f 1801/1801/1801 1770/1770/1770 1802/1802/1802
f 1770/1770/1770 1771/1771/1771 1802/1802/1802
f 1802/1802/1802 1771/1771/1771 1803/1803/1803
f 1771/1771/1771 1772/1772/1772 1803/1803/1803
f 1803/1803/1803 1772/1772/1772 1804/1804/1804
f 1772/1772/1772 1773/1773/1773 1804/1804/1804
f 1804/1804/1804 1773/1773/1773 1805/1805/1805
f 1773/1773/1773 1774/1774/1774 1805/1805/1805
f 1805/1805/1805 1774/1774/1774 1806/1806/1806
f 1774/1774/1774 1775/1775/1775 1806/1806/1806
f 1806/1806/1806 1775/1775/1775 1807/1807/1807
f 1775/1775/1775 1776/1776/1776 1807/1807/1807
f 1807/1807/1807 1776/1776/1776 1808/1808/1808
f 1776/1776/1776 1777/1777/1777 1808/1808/1808
f 1808/1808/1808 1777/1777/1777 1809/1809/1809
f 1777/1777/1777 1778/1778/1778 1809/1809/1809
f 1809/1809/1809 1778/1778/1778 1810/1810/1810
f 1778/1778/1778 1779/1779/1779 1810/1810/1810
o wrap_fore_a
usemtl sinew_wrap
v 0.009399999864399433 0.03323401757780284 0.24999999950826166
v 0.009194587357342243 0.035188387523254455 0.24999999950826166
v 0.008587326854467392 0.037057341917267145 0.24999999950826166
v 0.007604759652167559 0.038759199113434256 0.24999999950826166
v 0.006289827637374401 0.040219579034334124 0.24999999950826166
v 0.004699999932199717 0.04137465604845256 0.24999999950826166
v 0.002904759719967842 0.0421739487469551 0.24999999950826166
v 0.0009825675515457988 0.04258252368572921 0.24999999950826166
v -0.0009825675515457988 0.04258252368572921 0.24999999950826166
v -0.002904759719967842 0.0421739487469551 0.24999999950826166
v -0.004699999932199717 0.04137465604845256 0.24999999950826166
v -0.006289827637374401 0.040219579034334124 0.24999999950826166
v -0.007604759652167559 0.038759199113434256 0.24999999950826166
v -0.008587326854467392 0.037057341917267145 0.24999999950826166
v -0.009194587357342243 0.035188387523254455 0.24999999950826166
v -0.009399999864399433 0.03323401757780284 0.24999999950826166
v -0.009194587357342243 0.03127964763235122 0.24999999950826166
v -0.008587326854467392 0.02941069323833853 0.24999999950826166
v -0.007604759652167559 0.02770883604217142 0.24999999950826166
v -0.006289827637374401 0.02624845612127155 0.24999999950826166
v -0.004699999932199717 0.02509337910715312 0.24999999950826166
v -0.002904759719967842 0.024294086408650578 0.24999999950826166
v -0.0009825675515457988 0.02388551146987647 0.24999999950826166
v 0.0009825675515457988 0.02388551146987647 0.24999999950826166
v 0.002904759719967842 0.024294086408650578 0.24999999950826166
v 0.004699999932199717 0.02509337910715312 0.24999999950826166
v 0.006289827637374401 0.02624845612127155 0.24999999950826166
v 0.007604759652167559 0.02770883604217142 0.24999999950826166
v 0.008587326854467392 0.02941069323833853 0.24999999950826166
v 0.009194587357342243 0.03127964763235122 0.24999999950826166
v 0.009399999864399433 0.03323401757780284 0.24999999950826166
v 0.009037132374942303 0.03323401757780284 0.2511167914811522
v 0.008839649148285389 0.035112943060545326 0.2511167914811522
v 0.008255830965936184 0.03690975033942431 0.2511167914811522
v 0.007311193738132715 0.03854591087702483 0.2511167914811522
v 0.006047021597623825 0.03994991551417679 0.2511167914811522
v 0.004518566187471151 0.041060403597390355 0.2511167914811522
v 0.002792627550661564 0.041828841578995885 0.2511167914811522
v 0.0009446375770494342 0.042221643638646306 0.2511167914811522
v -0.0009446375770494342 0.042221643638646306 0.2511167914811522
v -0.002792627550661564 0.041828841578995885 0.2511167914811522
v -0.004518566187471151 0.041060403597390355 0.2511167914811522
v -0.006047021597623825 0.03994991551417679 0.2511167914811522
v -0.007311193738132715 0.03854591087702483 0.2511167914811522
v -0.008255830965936184 0.03690975033942431 0.2511167914811522
v -0.008839649148285389 0.035112943060545326 0.2511167914811522
v -0.009037132374942303 0.03323401757780284 0.2511167914811522
v -0.008839649148285389 0.03135509209506035 0.2511167914811522
v -0.008255830965936184 0.029558284816181363 0.2511167914811522
v -0.007311193738132715 0.027922124278580845 0.2511167914811522
v -0.006047021597623825 0.02651811964142889 0.2511167914811522
v -0.004518566187471151 0.02540763155821532 0.2511167914811522
v -0.002792627550661564 0.02463919357660979 0.2511167914811522
v -0.0009446375770494342 0.02424639151695937 0.2511167914811522
v 0.0009446375770494342 0.02424639151695937 0.2511167914811522
v 0.002792627550661564 0.02463919357660979 0.2511167914811522
v 0.004518566187471151 0.02540763155821532 0.2511167914811522
v 0.006047021597623825 0.02651811964142889 0.2511167914811522
v 0.007311193738132715 0.027922124278580845 0.2511167914811522
v 0.008255830965936184 0.029558284816181363 0.2511167914811522
v 0.008839649148285389 0.03135509209506035 0.2511167914811522
v 0.009037132374942303 0.03323401757780284 0.2511167914811522
v 0.00808713212609291 0.03323401757780284 0.2518070068648085
v 0.00791040901094675 0.034915426888352336 0.2518070068648085
v 0.007387963123619556 0.036523350656813086 0.2518070068648085
v 0.0065426272340118885 0.03798751454133362 0.2518070068648085
v 0.0054113478399813175 0.03924392829913467 0.2518070068648085
v 0.004043566063046455 0.04023767975423306 0.2518070068648085
v 0.0024990614037960768 0.04092533760968417 0.2518070068648085
v 0.0008453354821540415 0.041276847620343865 0.2518070068648085
v -0.0008453354821540415 0.041276847620343865 0.2518070068648085
v -0.0024990614037960768 0.04092533760968417 0.2518070068648085
v -0.004043566063046455 0.04023767975423306 0.2518070068648085
v -0.0054113478399813175 0.03924392829913467 0.2518070068648085
v -0.0065426272340118885 0.03798751454133362 0.2518070068648085
v -0.007387963123619556 0.036523350656813086 0.2518070068648085
v -0.00791040901094675 0.034915426888352336 0.2518070068648085
v -0.00808713212609291 0.03323401757780284 0.2518070068648085
v -0.00791040901094675 0.03155260826725334 0.2518070068648085
v -0.007387963123619556 0.02994468449879259 0.2518070068648085
v -0.0065426272340118885 0.02848052061427206 0.2518070068648085
v -0.0054113478399813175 0.027224106856471003 0.2518070068648085
v -0.004043566063046455 0.026230355401372613 0.2518070068648085
v -0.0024990614037960768 0.025542697545921506 0.2518070068648085
v -0.0008453354821540415 0.02519118753526181 0.2518070068648085
v 0.0008453354821540415 0.02519118753526181 0.2518070068648085
v 0.0024990614037960768 0.025542697545921506 0.2518070068648085
v 0.004043566063046455 0.026230355401372613 0.2518070068648085
v 0.0054113478399813175 0.027224106856471003 0.2518070068648085
v 0.0065426272340118885 0.02848052061427206 0.2518070068648085
v 0.007387963123619556 0.02994468449879259 0.2518070068648085
v 0.00791040901094675 0.03155260826725334 0.2518070068648085
v 0.00808713212609291 0.03323401757780284 0.2518070068648085
v 0.006912867538630962 0.03323401757780284 0.2518070068648085
v 0.0067618051543831825 0.034671283585799934 0.2518070068648085
v 0.00631521875038743 0.03604573421444565 0.2518070068648085
v 0.005592627450823784 0.037297299274092616 0.2518070068648085
v 0.00462561147287488 0.03837127951238126 0.2518070068648085
v 0.003456433769315481 0.0392207365043816 0.2518070068648085
v 0.0021361936815083027 0.03980854540396303 0.2518070068648085
v 0.0007225914159789681 0.040109015677904786 0.2518070068648085
v -0.0007225914159789681 0.040109015677904786 0.2518070068648085
v -0.0021361936815083027 0.03980854540396303 0.2518070068648085
v -0.003456433769315481 0.0392207365043816 0.2518070068648085
v -0.00462561147287488 0.03837127951238126 0.2518070068648085
v -0.005592627450823784 0.037297299274092616 0.2518070068648085
v -0.00631521875038743 0.03604573421444565 0.2518070068648085
v -0.0067618051543831825 0.034671283585799934 0.2518070068648085
v -0.006912867538630962 0.03323401757780284 0.2518070068648085
v -0.0067618051543831825 0.03179675156980574 0.2518070068648085
v -0.00631521875038743 0.030422300941160024 0.2518070068648085
v -0.005592627450823784 0.02917073588151306 0.2518070068648085
v -0.00462561147287488 0.02809675564322442 0.2518070068648085
v -0.003456433769315481 0.027247298651224078 0.2518070068648085
v -0.0021361936815083027 0.026659489751642645 0.2518070068648085
v -0.0007225914159789681 0.02635901947770089 0.2518070068648085
v 0.0007225914159789681 0.02635901947770089 0.2518070068648085
v 0.0021361936815083027 0.026659489751642645 0.2518070068648085
v 0.003456433769315481 0.027247298651224078 0.2518070068648085
v 0.00462561147287488 0.02809675564322442 0.2518070068648085
v 0.005592627450823784 0.02917073588151306 0.2518070068648085
v 0.00631521875038743 0.030422300941160024 0.2518070068648085
v 0.0067618051543831825 0.03179675156980574 0.2518070068648085
v 0.006912867538630962 0.03323401757780284 0.2518070068648085
v 0.005962867755442858 0.03323401757780284 0.2511167914811522
v 0.005832564551383257 0.034473767530022265 0.2511167914811522
v 0.005447350908070803 0.03565933429900378 0.2511167914811522
v 0.0048240614123642445 0.036738903171232046 0.2511167914811522
v 0.003989937249571085 0.037665291831677855 0.2511167914811522
v 0.002981433877721429 0.03839801266122431 0.2511167914811522
v 0.0018426274182274938 0.038905041900312604 0.2511167914811522
v 0.0006232893792912364 0.03916422012526363 0.2511167914811522
v -0.0006232893792912364 0.03916422012526363 0.2511167914811522
v -0.0018426274182274938 0.038905041900312604 0.2511167914811522
v -0.002981433877721429 0.03839801266122431 0.2511167914811522
v -0.003989937249571085 0.037665291831677855 0.2511167914811522
v -0.0048240614123642445 0.036738903171232046 0.2511167914811522
v -0.005447350908070803 0.03565933429900378 0.2511167914811522
v -0.005832564551383257 0.034473767530022265 0.2511167914811522
v -0.005962867755442858 0.03323401757780284 0.2511167914811522
v -0.005832564551383257 0.03199426762558341 0.2511167914811522
v -0.005447350908070803 0.030808700856601895 0.2511167914811522
v -0.0048240614123642445 0.02972913198437363 0.2511167914811522
v -0.003989937249571085 0.02880274332392782 0.2511167914811522
v -0.002981433877721429 0.02807002249438137 0.2511167914811522
v -0.0018426274182274938 0.027562993255293072 0.2511167914811522
v -0.0006232893792912364 0.027303815030342043 0.2511167914811522
v 0.0006232893792912364 0.027303815030342043 0.2511167914811522
v 0.0018426274182274938 0.027562993255293072 0.2511167914811522
v 0.002981433877721429 0.02807002249438137 0.2511167914811522
v 0.003989937249571085 0.02880274332392782 0.2511167914811522
v 0.0048240614123642445 0.02972913198437363 0.2511167914811522
v 0.005447350908070803 0.030808700856601895 0.2511167914811522
v 0.005832564551383257 0.03199426762558341 0.2511167914811522
v 0.005962867755442858 0.03323401757780284 0.2511167914811522
v 0.00559999980032444 0.03323401757780284 0.24999999950826166
v 0.005477626342326403 0.034398323067313136 0.24999999950826166
v 0.005115854553878307 0.03551174272116095 0.24999999950826166
v 0.004530495032668114 0.03652561493482262 0.24999999950826166
v 0.0037471314426511526 0.037395628777181805 0.24999999950826166
v 0.00279999990016222 0.03808375974450082 0.24999999950826166
v 0.0017304951325058937 0.0385599342666921 0.24999999950826166
v 0.0005853594047948718 0.03880334007818073 0.24999999950826166
v -0.0005853594047948718 0.03880334007818073 0.24999999950826166
v -0.0017304951325058937 0.0385599342666921 0.24999999950826166
v -0.00279999990016222 0.03808375974450082 0.24999999950826166
v -0.0037471314426511526 0.037395628777181805 0.24999999950826166
v -0.004530495032668114 0.03652561493482262 0.24999999950826166
v -0.005115854553878307 0.03551174272116095 0.24999999950826166
v -0.005477626342326403 0.034398323067313136 0.24999999950826166
v -0.00559999980032444 0.03323401757780284 0.24999999950826166
v -0.005477626342326403 0.03206971208829254 0.24999999950826166
v -0.005115854553878307 0.030956292434444727 0.24999999950826166
v -0.004530495032668114 0.029942420220783056 0.24999999950826166
v -0.0037471314426511526 0.02907240637842387 0.24999999950826166
v -0.00279999990016222 0.02838427541110486 0.24999999950826166
v -0.0017304951325058937 0.027908100888913573 0.24999999950826166
v -0.0005853594047948718 0.027664695077424944 0.24999999950826166
v 0.0005853594047948718 0.027664695077424944 0.24999999950826166
v 0.0017304951325058937 0.027908100888913573 0.24999999950826166
v 0.00279999990016222 0.02838427541110486 0.24999999950826166
v 0.0037471314426511526 0.02907240637842387 0.24999999950826166
v 0.004530495032668114 0.029942420220783056 0.24999999950826166
v 0.005115854553878307 0.030956292434444727 0.24999999950826166
v 0.005477626342326403 0.03206971208829254 0.24999999950826166
v 0.00559999980032444 0.03323401757780284 0.24999999950826166
v 0.005962867755442858 0.03323401757780284 0.24888320753537116
v 0.005832564551383257 0.034473767530022265 0.24888320753537116
v 0.005447350908070803 0.03565933429900378 0.24888320753537116
v 0.0048240614123642445 0.036738903171232046 0.24888320753537116
v 0.003989937249571085 0.037665291831677855 0.24888320753537116
v 0.002981433877721429 0.03839801266122431 0.24888320753537116
v 0.0018426274182274938 0.038905041900312604 0.24888320753537116
v 0.0006232893792912364 0.03916422012526363 0.24888320753537116
v -0.0006232893792912364 0.03916422012526363 0.24888320753537116
v -0.0018426274182274938 0.038905041900312604 0.24888320753537116
v -0.002981433877721429 0.03839801266122431 0.24888320753537116
v -0.003989937249571085 0.037665291831677855 0.24888320753537116
v -0.0048240614123642445 0.036738903171232046 0.24888320753537116
v -0.005447350908070803 0.03565933429900378 0.24888320753537116
v -0.005832564551383257 0.034473767530022265 0.24888320753537116
v -0.005962867755442858 0.03323401757780284 0.24888320753537116
v -0.005832564551383257 0.03199426762558341 0.24888320753537116
v -0.005447350908070803 0.030808700856601895 0.24888320753537116
v -0.0048240614123642445 0.02972913198437363 0.24888320753537116
v -0.003989937249571085 0.02880274332392782 0.24888320753537116
v -0.002981433877721429 0.02807002249438137 0.24888320753537116
v -0.0018426274182274938 0.027562993255293072 0.24888320753537116
v -0.0006232893792912364 0.027303815030342043 0.24888320753537116
v 0.0006232893792912364 0.027303815030342043 0.24888320753537116
v 0.0018426274182274938 0.027562993255293072 0.24888320753537116
v 0.002981433877721429 0.02807002249438137 0.24888320753537116
v 0.003989937249571085 0.02880274332392782 0.24888320753537116
v 0.0048240614123642445 0.02972913198437363 0.24888320753537116
v 0.005447350908070803 0.030808700856601895 0.24888320753537116
v 0.005832564551383257 0.03199426762558341 0.24888320753537116
v 0.005962867755442858 0.03323401757780284 0.24888320753537116
v 0.006912867538630962 0.03323401757780284 0.24819299215171484
v 0.0067618051543831825 0.034671283585799934 0.24819299215171484
v 0.00631521875038743 0.03604573421444565 0.24819299215171484
v 0.005592627450823784 0.037297299274092616 0.24819299215171484
v 0.00462561147287488 0.03837127951238126 0.24819299215171484
v 0.003456433769315481 0.0392207365043816 0.24819299215171484
v 0.0021361936815083027 0.03980854540396303 0.24819299215171484
v 0.0007225914159789681 0.040109015677904786 0.24819299215171484
v -0.0007225914159789681 0.040109015677904786 0.24819299215171484
v -0.0021361936815083027 0.03980854540396303 0.24819299215171484
v -0.003456433769315481 0.0392207365043816 0.24819299215171484
v -0.00462561147287488 0.03837127951238126 0.24819299215171484
v -0.005592627450823784 0.037297299274092616 0.24819299215171484
v -0.00631521875038743 0.03604573421444565 0.24819299215171484
v -0.0067618051543831825 0.034671283585799934 0.24819299215171484
v -0.006912867538630962 0.03323401757780284 0.24819299215171484
v -0.0067618051543831825 0.03179675156980574 0.24819299215171484
v -0.00631521875038743 0.030422300941160024 0.24819299215171484
v -0.005592627450823784 0.02917073588151306 0.24819299215171484
v -0.00462561147287488 0.02809675564322442 0.24819299215171484
v -0.003456433769315481 0.027247298651224078 0.24819299215171484
v -0.0021361936815083027 0.026659489751642645 0.24819299215171484
v -0.0007225914159789681 0.02635901947770089 0.24819299215171484
v 0.0007225914159789681 0.02635901947770089 0.24819299215171484
v 0.0021361936815083027 0.026659489751642645 0.24819299215171484
v 0.003456433769315481 0.027247298651224078 0.24819299215171484
v 0.00462561147287488 0.02809675564322442 0.24819299215171484
v 0.005592627450823784 0.02917073588151306 0.24819299215171484
v 0.00631521875038743 0.030422300941160024 0.24819299215171484
v 0.0067618051543831825 0.03179675156980574 0.24819299215171484
v 0.006912867538630962 0.03323401757780284 0.24819299215171484
v 0.00808713212609291 0.03323401757780284 0.24819299215171484
v 0.00791040901094675 0.034915426888352336 0.24819299215171484
v 0.007387963123619556 0.036523350656813086 0.24819299215171484
v 0.0065426272340118885 0.03798751454133362 0.24819299215171484
v 0.0054113478399813175 0.03924392829913467 0.24819299215171484
v 0.004043566063046455 0.04023767975423306 0.24819299215171484
v 0.0024990614037960768 0.04092533760968417 0.24819299215171484
v 0.0008453354821540415 0.041276847620343865 0.24819299215171484
v -0.0008453354821540415 0.041276847620343865 0.24819299215171484
v -0.0024990614037960768 0.04092533760968417 0.24819299215171484
v -0.004043566063046455 0.04023767975423306 0.24819299215171484
v -0.0054113478399813175 0.03924392829913467 0.24819299215171484
v -0.0065426272340118885 0.03798751454133362 0.24819299215171484
v -0.007387963123619556 0.036523350656813086 0.24819299215171484
v -0.00791040901094675 0.034915426888352336 0.24819299215171484
v -0.00808713212609291 0.03323401757780284 0.24819299215171484
v -0.00791040901094675 0.03155260826725334 0.24819299215171484
v -0.007387963123619556 0.02994468449879259 0.24819299215171484
v -0.0065426272340118885 0.02848052061427206 0.24819299215171484
v -0.0054113478399813175 0.027224106856471003 0.24819299215171484
v -0.004043566063046455 0.026230355401372613 0.24819299215171484
v -0.0024990614037960768 0.025542697545921506 0.24819299215171484
v -0.0008453354821540415 0.02519118753526181 0.24819299215171484
v 0.0008453354821540415 0.02519118753526181 0.24819299215171484
v 0.0024990614037960768 0.025542697545921506 0.24819299215171484
v 0.004043566063046455 0.026230355401372613 0.24819299215171484
v 0.0054113478399813175 0.027224106856471003 0.24819299215171484
v 0.0065426272340118885 0.02848052061427206 0.24819299215171484
v 0.007387963123619556 0.02994468449879259 0.24819299215171484
v 0.00791040901094675 0.03155260826725334 0.24819299215171484
v 0.00808713212609291 0.03323401757780284 0.24819299215171484
v 0.009037132374942303 0.03323401757780284 0.24888320753537116
v 0.008839649148285389 0.035112943060545326 0.24888320753537116
v 0.008255830965936184 0.03690975033942431 0.24888320753537116
v 0.007311193738132715 0.03854591087702483 0.24888320753537116
v 0.006047021597623825 0.03994991551417679 0.24888320753537116
v 0.004518566187471151 0.041060403597390355 0.24888320753537116
v 0.002792627550661564 0.041828841578995885 0.24888320753537116
v 0.0009446375770494342 0.042221643638646306 0.24888320753537116
v -0.0009446375770494342 0.042221643638646306 0.24888320753537116
v -0.002792627550661564 0.041828841578995885 0.24888320753537116
v -0.004518566187471151 0.041060403597390355 0.24888320753537116
v -0.006047021597623825 0.03994991551417679 0.24888320753537116
v -0.007311193738132715 0.03854591087702483 0.24888320753537116
v -0.008255830965936184 0.03690975033942431 0.24888320753537116
v -0.008839649148285389 0.035112943060545326 0.24888320753537116
v -0.009037132374942303 0.03323401757780284 0.24888320753537116
v -0.008839649148285389 0.03135509209506035 0.24888320753537116
v -0.008255830965936184 0.029558284816181363 0.24888320753537116
v -0.007311193738132715 0.027922124278580845 0.24888320753537116
v -0.006047021597623825 0.02651811964142889 0.24888320753537116
v -0.004518566187471151 0.02540763155821532 0.24888320753537116
v -0.002792627550661564 0.02463919357660979 0.24888320753537116
v -0.0009446375770494342 0.02424639151695937 0.24888320753537116
v 0.0009446375770494342 0.02424639151695937 0.24888320753537116
v 0.002792627550661564 0.02463919357660979 0.24888320753537116
v 0.004518566187471151 0.02540763155821532 0.24888320753537116
v 0.006047021597623825 0.02651811964142889 0.24888320753537116
v 0.007311193738132715 0.027922124278580845 0.24888320753537116
v 0.008255830965936184 0.029558284816181363 0.24888320753537116
v 0.008839649148285389 0.03135509209506035 0.24888320753537116
v 0.009037132374942303 0.03323401757780284 0.24888320753537116
v 0.009399999864399433 0.03323401757780284 0.24999999950826166
v 0.009194587357342243 0.035188387523254455 0.24999999950826166
v 0.008587326854467392 0.037057341917267145 0.24999999950826166
v 0.007604759652167559 0.038759199113434256 0.24999999950826166
v 0.006289827637374401 0.040219579034334124 0.24999999950826166
v 0.004699999932199717 0.04137465604845256 0.24999999950826166
v 0.002904759719967842 0.0421739487469551 0.24999999950826166
v 0.0009825675515457988 0.04258252368572921 0.24999999950826166
v -0.0009825675515457988 0.04258252368572921 0.24999999950826166
v -0.002904759719967842 0.0421739487469551 0.24999999950826166
v -0.004699999932199717 0.04137465604845256 0.24999999950826166
v -0.006289827637374401 0.040219579034334124 0.24999999950826166
v -0.007604759652167559 0.038759199113434256 0.24999999950826166
v -0.008587326854467392 0.037057341917267145 0.24999999950826166
v -0.009194587357342243 0.035188387523254455 0.24999999950826166
v -0.009399999864399433 0.03323401757780284 0.24999999950826166
v -0.009194587357342243 0.03127964763235122 0.24999999950826166
v -0.008587326854467392 0.02941069323833853 0.24999999950826166
v -0.007604759652167559 0.02770883604217142 0.24999999950826166
v -0.006289827637374401 0.02624845612127155 0.24999999950826166
v -0.004699999932199717 0.02509337910715312 0.24999999950826166
v -0.002904759719967842 0.024294086408650578 0.24999999950826166
v -0.0009825675515457988 0.02388551146987647 0.24999999950826166
v 0.0009825675515457988 0.02388551146987647 0.24999999950826166
v 0.002904759719967842 0.024294086408650578 0.24999999950826166
v 0.004699999932199717 0.02509337910715312 0.24999999950826166
v 0.006289827637374401 0.02624845612127155 0.24999999950826166
v 0.007604759652167559 0.02770883604217142 0.24999999950826166
v 0.008587326854467392 0.02941069323833853 0.24999999950826166
v 0.009194587357342243 0.03127964763235122 0.24999999950826166
v 0.009399999864399433 0.03323401757780284 0.24999999950826166
vt 0 0
vt 0.03333333507180214 0
vt 0.06666667014360428 0
vt 0.10000000149011612 0
vt 0.13333334028720856 0
vt 0.1666666716337204 0
vt 0.20000000298023224 0
vt 0.23333333432674408 0
vt 0.2666666805744171 0
vt 0.30000001192092896 0
vt 0.3333333432674408 0
vt 0.36666667461395264 0
vt 0.4000000059604645 0
vt 0.4333333373069763 0
vt 0.46666666865348816 0
vt 0.5 0
vt 0.5333333611488342 0
vt 0.5666666626930237 0
vt 0.6000000238418579 0
vt 0.6333333253860474 0
vt 0.6666666865348816 0
vt 0.699999988079071 0
vt 0.7333333492279053 0
vt 0.7666666507720947 0
vt 0.800000011920929 0
vt 0.8333333134651184 0
vt 0.8666666746139526 0
vt 0.8999999761581421 0
vt 0.9333333373069763 0
vt 0.9666666388511658 0
vt 1 0
vt 0 0.10000000149011612
vt 0.03333333507180214 0.10000000149011612
vt 0.06666667014360428 0.10000000149011612
vt 0.10000000149011612 0.10000000149011612
vt 0.13333334028720856 0.10000000149011612
vt 0.1666666716337204 0.10000000149011612
vt 0.20000000298023224 0.10000000149011612
vt 0.23333333432674408 0.10000000149011612
vt 0.2666666805744171 0.10000000149011612
vt 0.30000001192092896 0.10000000149011612
vt 0.3333333432674408 0.10000000149011612
vt 0.36666667461395264 0.10000000149011612
vt 0.4000000059604645 0.10000000149011612
vt 0.4333333373069763 0.10000000149011612
vt 0.46666666865348816 0.10000000149011612
vt 0.5 0.10000000149011612
vt 0.5333333611488342 0.10000000149011612
vt 0.5666666626930237 0.10000000149011612
vt 0.6000000238418579 0.10000000149011612
vt 0.6333333253860474 0.10000000149011612
vt 0.6666666865348816 0.10000000149011612
vt 0.699999988079071 0.10000000149011612
vt 0.7333333492279053 0.10000000149011612
vt 0.7666666507720947 0.10000000149011612
vt 0.800000011920929 0.10000000149011612
vt 0.8333333134651184 0.10000000149011612
vt 0.8666666746139526 0.10000000149011612
vt 0.8999999761581421 0.10000000149011612
vt 0.9333333373069763 0.10000000149011612
vt 0.9666666388511658 0.10000000149011612
vt 1 0.10000000149011612
vt 0 0.20000000298023224
vt 0.03333333507180214 0.20000000298023224
vt 0.06666667014360428 0.20000000298023224
vt 0.10000000149011612 0.20000000298023224
vt 0.13333334028720856 0.20000000298023224
vt 0.1666666716337204 0.20000000298023224
vt 0.20000000298023224 0.20000000298023224
vt 0.23333333432674408 0.20000000298023224
vt 0.2666666805744171 0.20000000298023224
vt 0.30000001192092896 0.20000000298023224
vt 0.3333333432674408 0.20000000298023224
vt 0.36666667461395264 0.20000000298023224
vt 0.4000000059604645 0.20000000298023224
vt 0.4333333373069763 0.20000000298023224
vt 0.46666666865348816 0.20000000298023224
vt 0.5 0.20000000298023224
vt 0.5333333611488342 0.20000000298023224
vt 0.5666666626930237 0.20000000298023224
vt 0.6000000238418579 0.20000000298023224
vt 0.6333333253860474 0.20000000298023224
vt 0.6666666865348816 0.20000000298023224
vt 0.699999988079071 0.20000000298023224
vt 0.7333333492279053 0.20000000298023224
vt 0.7666666507720947 0.20000000298023224
vt 0.800000011920929 0.20000000298023224
vt 0.8333333134651184 0.20000000298023224
vt 0.8666666746139526 0.20000000298023224
vt 0.8999999761581421 0.20000000298023224
vt 0.9333333373069763 0.20000000298023224
vt 0.9666666388511658 0.20000000298023224
vt 1 0.20000000298023224
vt 0 0.30000001192092896
vt 0.03333333507180214 0.30000001192092896
vt 0.06666667014360428 0.30000001192092896
vt 0.10000000149011612 0.30000001192092896
vt 0.13333334028720856 0.30000001192092896
vt 0.1666666716337204 0.30000001192092896
vt 0.20000000298023224 0.30000001192092896
vt 0.23333333432674408 0.30000001192092896
vt 0.2666666805744171 0.30000001192092896
vt 0.30000001192092896 0.30000001192092896
vt 0.3333333432674408 0.30000001192092896
vt 0.36666667461395264 0.30000001192092896
vt 0.4000000059604645 0.30000001192092896
vt 0.4333333373069763 0.30000001192092896
vt 0.46666666865348816 0.30000001192092896
vt 0.5 0.30000001192092896
vt 0.5333333611488342 0.30000001192092896
vt 0.5666666626930237 0.30000001192092896
vt 0.6000000238418579 0.30000001192092896
vt 0.6333333253860474 0.30000001192092896
vt 0.6666666865348816 0.30000001192092896
vt 0.699999988079071 0.30000001192092896
vt 0.7333333492279053 0.30000001192092896
vt 0.7666666507720947 0.30000001192092896
vt 0.800000011920929 0.30000001192092896
vt 0.8333333134651184 0.30000001192092896
vt 0.8666666746139526 0.30000001192092896
vt 0.8999999761581421 0.30000001192092896
vt 0.9333333373069763 0.30000001192092896
vt 0.9666666388511658 0.30000001192092896
vt 1 0.30000001192092896
vt 0 0.4000000059604645
vt 0.03333333507180214 0.4000000059604645
vt 0.06666667014360428 0.4000000059604645
vt 0.10000000149011612 0.4000000059604645
vt 0.13333334028720856 0.4000000059604645
vt 0.1666666716337204 0.4000000059604645
vt 0.20000000298023224 0.4000000059604645
vt 0.23333333432674408 0.4000000059604645
vt 0.2666666805744171 0.4000000059604645
vt 0.30000001192092896 0.4000000059604645
vt 0.3333333432674408 0.4000000059604645
vt 0.36666667461395264 0.4000000059604645
vt 0.4000000059604645 0.4000000059604645
vt 0.4333333373069763 0.4000000059604645
vt 0.46666666865348816 0.4000000059604645
vt 0.5 0.4000000059604645
vt 0.5333333611488342 0.4000000059604645
vt 0.5666666626930237 0.4000000059604645
vt 0.6000000238418579 0.4000000059604645
vt 0.6333333253860474 0.4000000059604645
vt 0.6666666865348816 0.4000000059604645
vt 0.699999988079071 0.4000000059604645
vt 0.7333333492279053 0.4000000059604645
vt 0.7666666507720947 0.4000000059604645
vt 0.800000011920929 0.4000000059604645
vt 0.8333333134651184 0.4000000059604645
vt 0.8666666746139526 0.4000000059604645
vt 0.8999999761581421 0.4000000059604645
vt 0.9333333373069763 0.4000000059604645
vt 0.9666666388511658 0.4000000059604645
vt 1 0.4000000059604645
vt 0 0.5
vt 0.03333333507180214 0.5
vt 0.06666667014360428 0.5
vt 0.10000000149011612 0.5
vt 0.13333334028720856 0.5
vt 0.1666666716337204 0.5
vt 0.20000000298023224 0.5
vt 0.23333333432674408 0.5
vt 0.2666666805744171 0.5
vt 0.30000001192092896 0.5
vt 0.3333333432674408 0.5
vt 0.36666667461395264 0.5
vt 0.4000000059604645 0.5
vt 0.4333333373069763 0.5
vt 0.46666666865348816 0.5
vt 0.5 0.5
vt 0.5333333611488342 0.5
vt 0.5666666626930237 0.5
vt 0.6000000238418579 0.5
vt 0.6333333253860474 0.5
vt 0.6666666865348816 0.5
vt 0.699999988079071 0.5
vt 0.7333333492279053 0.5
vt 0.7666666507720947 0.5
vt 0.800000011920929 0.5
vt 0.8333333134651184 0.5
vt 0.8666666746139526 0.5
vt 0.8999999761581421 0.5
vt 0.9333333373069763 0.5
vt 0.9666666388511658 0.5
vt 1 0.5
vt 0 0.6000000238418579
vt 0.03333333507180214 0.6000000238418579
vt 0.06666667014360428 0.6000000238418579
vt 0.10000000149011612 0.6000000238418579
vt 0.13333334028720856 0.6000000238418579
vt 0.1666666716337204 0.6000000238418579
vt 0.20000000298023224 0.6000000238418579
vt 0.23333333432674408 0.6000000238418579
vt 0.2666666805744171 0.6000000238418579
vt 0.30000001192092896 0.6000000238418579
vt 0.3333333432674408 0.6000000238418579
vt 0.36666667461395264 0.6000000238418579
vt 0.4000000059604645 0.6000000238418579
vt 0.4333333373069763 0.6000000238418579
vt 0.46666666865348816 0.6000000238418579
vt 0.5 0.6000000238418579
vt 0.5333333611488342 0.6000000238418579
vt 0.5666666626930237 0.6000000238418579
vt 0.6000000238418579 0.6000000238418579
vt 0.6333333253860474 0.6000000238418579
vt 0.6666666865348816 0.6000000238418579
vt 0.699999988079071 0.6000000238418579
vt 0.7333333492279053 0.6000000238418579
vt 0.7666666507720947 0.6000000238418579
vt 0.800000011920929 0.6000000238418579
vt 0.8333333134651184 0.6000000238418579
vt 0.8666666746139526 0.6000000238418579
vt 0.8999999761581421 0.6000000238418579
vt 0.9333333373069763 0.6000000238418579
vt 0.9666666388511658 0.6000000238418579
vt 1 0.6000000238418579
vt 0 0.699999988079071
vt 0.03333333507180214 0.699999988079071
vt 0.06666667014360428 0.699999988079071
vt 0.10000000149011612 0.699999988079071
vt 0.13333334028720856 0.699999988079071
vt 0.1666666716337204 0.699999988079071
vt 0.20000000298023224 0.699999988079071
vt 0.23333333432674408 0.699999988079071
vt 0.2666666805744171 0.699999988079071
vt 0.30000001192092896 0.699999988079071
vt 0.3333333432674408 0.699999988079071
vt 0.36666667461395264 0.699999988079071
vt 0.4000000059604645 0.699999988079071
vt 0.4333333373069763 0.699999988079071
vt 0.46666666865348816 0.699999988079071
vt 0.5 0.699999988079071
vt 0.5333333611488342 0.699999988079071
vt 0.5666666626930237 0.699999988079071
vt 0.6000000238418579 0.699999988079071
vt 0.6333333253860474 0.699999988079071
vt 0.6666666865348816 0.699999988079071
vt 0.699999988079071 0.699999988079071
vt 0.7333333492279053 0.699999988079071
vt 0.7666666507720947 0.699999988079071
vt 0.800000011920929 0.699999988079071
vt 0.8333333134651184 0.699999988079071
vt 0.8666666746139526 0.699999988079071
vt 0.8999999761581421 0.699999988079071
vt 0.9333333373069763 0.699999988079071
vt 0.9666666388511658 0.699999988079071
vt 1 0.699999988079071
vt 0 0.800000011920929
vt 0.03333333507180214 0.800000011920929
vt 0.06666667014360428 0.800000011920929
vt 0.10000000149011612 0.800000011920929
vt 0.13333334028720856 0.800000011920929
vt 0.1666666716337204 0.800000011920929
vt 0.20000000298023224 0.800000011920929
vt 0.23333333432674408 0.800000011920929
vt 0.2666666805744171 0.800000011920929
vt 0.30000001192092896 0.800000011920929
vt 0.3333333432674408 0.800000011920929
vt 0.36666667461395264 0.800000011920929
vt 0.4000000059604645 0.800000011920929
vt 0.4333333373069763 0.800000011920929
vt 0.46666666865348816 0.800000011920929
vt 0.5 0.800000011920929
vt 0.5333333611488342 0.800000011920929
vt 0.5666666626930237 0.800000011920929
vt 0.6000000238418579 0.800000011920929
vt 0.6333333253860474 0.800000011920929
vt 0.6666666865348816 0.800000011920929
vt 0.699999988079071 0.800000011920929
vt 0.7333333492279053 0.800000011920929
vt 0.7666666507720947 0.800000011920929
vt 0.800000011920929 0.800000011920929
vt 0.8333333134651184 0.800000011920929
vt 0.8666666746139526 0.800000011920929
vt 0.8999999761581421 0.800000011920929
vt 0.9333333373069763 0.800000011920929
vt 0.9666666388511658 0.800000011920929
vt 1 0.800000011920929
vt 0 0.8999999761581421
vt 0.03333333507180214 0.8999999761581421
vt 0.06666667014360428 0.8999999761581421
vt 0.10000000149011612 0.8999999761581421
vt 0.13333334028720856 0.8999999761581421
vt 0.1666666716337204 0.8999999761581421
vt 0.20000000298023224 0.8999999761581421
vt 0.23333333432674408 0.8999999761581421
vt 0.2666666805744171 0.8999999761581421
vt 0.30000001192092896 0.8999999761581421
vt 0.3333333432674408 0.8999999761581421
vt 0.36666667461395264 0.8999999761581421
vt 0.4000000059604645 0.8999999761581421
vt 0.4333333373069763 0.8999999761581421
vt 0.46666666865348816 0.8999999761581421
vt 0.5 0.8999999761581421
vt 0.5333333611488342 0.8999999761581421
vt 0.5666666626930237 0.8999999761581421
vt 0.6000000238418579 0.8999999761581421
vt 0.6333333253860474 0.8999999761581421
vt 0.6666666865348816 0.8999999761581421
vt 0.699999988079071 0.8999999761581421
vt 0.7333333492279053 0.8999999761581421
vt 0.7666666507720947 0.8999999761581421
vt 0.800000011920929 0.8999999761581421
vt 0.8333333134651184 0.8999999761581421
vt 0.8666666746139526 0.8999999761581421
vt 0.8999999761581421 0.8999999761581421
vt 0.9333333373069763 0.8999999761581421
vt 0.9666666388511658 0.8999999761581421
vt 1 0.8999999761581421
vt 0 1
vt 0.03333333507180214 1
vt 0.06666667014360428 1
vt 0.10000000149011612 1
vt 0.13333334028720856 1
vt 0.1666666716337204 1
vt 0.20000000298023224 1
vt 0.23333333432674408 1
vt 0.2666666805744171 1
vt 0.30000001192092896 1
vt 0.3333333432674408 1
vt 0.36666667461395264 1
vt 0.4000000059604645 1
vt 0.4333333373069763 1
vt 0.46666666865348816 1
vt 0.5 1
vt 0.5333333611488342 1
vt 0.5666666626930237 1
vt 0.6000000238418579 1
vt 0.6333333253860474 1
vt 0.6666666865348816 1
vt 0.699999988079071 1
vt 0.7333333492279053 1
vt 0.7666666507720947 1
vt 0.800000011920929 1
vt 0.8333333134651184 1
vt 0.8666666746139526 1
vt 0.8999999761581421 1
vt 0.9333333373069763 1
vt 0.9666666388511658 1
vt 1 1
vn 1 0 0
vn 0.9781476029836251 0.2079116802331908 0
vn 0.9135454533753186 0.40673665266027326 0
vn 0.8090170011595983 0.5877852429542022 0
vn 0.6691306233342523 0.7431448101926803 0
vn 0.5000000067305869 0.8660253998985324 0
vn 0.3090169948284817 0.9510565161477913 0
vn 0.10452846222910053 0.9945218954774298 0
vn -0.10452846222910053 0.9945218954774298 0
vn -0.3090169948284817 0.9510565161477913 0
vn -0.5000000067305869 0.8660253998985324 0
vn -0.6691306233342523 0.7431448101926803 0
vn -0.8090170011595983 0.5877852429542022 0
vn -0.9135454533753186 0.40673665266027326 0
vn -0.9781476029836251 0.2079116802331908 0
vn -1 1.2246468525851679e-16 0
vn -0.9781476029836251 -0.2079116802331908 0
vn -0.9135454533753186 -0.40673665266027326 0
vn -0.8090170011595983 -0.5877852429542022 0
vn -0.6691306233342523 -0.7431448101926803 0
vn -0.5000000067305869 -0.8660253998985324 0
vn -0.3090169948284817 -0.9510565161477913 0
vn -0.10452846222910053 -0.9945218954774298 0
vn 0.10452846222910053 -0.9945218954774298 0
vn 0.3090169948284817 -0.9510565161477913 0
vn 0.5000000067305869 -0.8660253998985324 0
vn 0.6691306233342523 -0.7431448101926803 0
vn 0.8090170011595983 -0.5877852429542022 0
vn 0.9135454533753186 -0.40673665266027326 0
vn 0.9781476029836251 -0.2079116802331908 0
vn 1 -2.4492937051703357e-16 0
vn 0.8090170011595983 0 0.5877852429542022
vn 0.7913380347694764 0.1682040857914516 0.5877852501128663
vn 0.7390738090735351 0.3290568572853501 0.5877852408958771
vn 0.6545084820016838 0.4755282776441266 0.5877852534290582
vn 0.5413380307816883 0.6012167977894 0.5877852486114834
vn 0.40450849559501084 0.7006292840523903 0.5877852357108809
vn 0.25000000547057527 0.7694208790345749 0.5877852568501308
vn 0.08456530567360536 0.8045851130530445 0.5877852540934906
vn -0.08456530567360536 0.8045851130530445 0.5877852540934906
vn -0.25000000547057527 0.7694208790345749 0.5877852568501308
vn -0.40450849559501084 0.7006292840523903 0.5877852357108809
vn -0.5413380307816883 0.6012167977894 0.5877852486114834
vn -0.6545084820016838 0.4755282776441266 0.5877852534290582
vn -0.7390738090735351 0.3290568572853501 0.5877852408958771
vn -0.7913380347694764 0.1682040857914516 0.5877852501128663
vn -0.8090170011595983 9.907600768053078e-17 0.5877852429542022
vn -0.7913380347694764 -0.1682040857914516 0.5877852501128663
vn -0.7390738090735351 -0.3290568572853501 0.5877852408958771
vn -0.6545084820016838 -0.4755282776441266 0.5877852534290582
vn -0.5413380307816883 -0.6012167977894 0.5877852486114834
vn -0.40450849559501084 -0.7006292840523903 0.5877852357108809
vn -0.25000000547057527 -0.7694208790345749 0.5877852568501308
vn -0.08456530567360536 -0.8045851130530445 0.5877852540934906
vn 0.08456530567360536 -0.8045851130530445 0.5877852540934906
vn 0.25000000547057527 -0.7694208790345749 0.5877852568501308
vn 0.40450849559501084 -0.7006292840523903 0.5877852357108809
vn 0.5413380307816883 -0.6012167977894 0.5877852486114834
vn 0.6545084820016838 -0.4755282776441266 0.5877852534290582
vn 0.7390738090735351 -0.3290568572853501 0.5877852408958771
vn 0.7913380347694764 -0.1682040857914516 0.5877852501128663
vn 0.8090170011595983 -1.9815201536106157e-16 0.5877852429542022
vn 0.3090169948284817 0 0.9510565161477913
vn 0.30226423541356434 0.06424824724475749 0.9510565149957335
vn 0.2823010620896563 0.12568853518760317 0.9510565190699483
vn 0.24999999431051087 0.18163562897734423 0.9510565183682562
vn 0.20677272539690164 0.2296443682197275 0.9510565199697123
vn 0.15450849759791035 0.267616563598785 0.9510565172783444
vn 0.09549150409137153 0.2938926156295723 0.9510565194165781
vn 0.03230107126126292 0.30732416374025573 0.951056517340966
vn -0.03230107126126292 0.30732416374025573 0.951056517340966
vn -0.09549150409137153 0.2938926156295723 0.9510565194165781
vn -0.15450849759791035 0.267616563598785 0.9510565172783444
vn -0.20677272539690164 0.2296443682197275 0.9510565199697123
vn -0.24999999431051087 0.18163562897734423 0.9510565183682562
vn -0.2823010620896563 0.12568853518760317 0.9510565190699483
vn -0.30226423541356434 0.06424824724475749 0.9510565149957335
vn -0.3090169948284817 3.784366758465668e-17 0.9510565161477913
vn -0.30226423541356434 -0.06424824724475749 0.9510565149957335
vn -0.2823010620896563 -0.12568853518760317 0.9510565190699483
vn -0.24999999431051087 -0.18163562897734423 0.9510565183682562
vn -0.20677272539690164 -0.2296443682197275 0.9510565199697123
vn -0.15450849759791035 -0.267616563598785 0.9510565172783444
vn -0.09549150409137153 -0.2938926156295723 0.9510565194165781
vn -0.03230107126126292 -0.30732416374025573 0.951056517340966
vn 0.03230107126126292 -0.30732416374025573 0.951056517340966
vn 0.09549150409137153 -0.2938926156295723 0.9510565194165781
vn 0.15450849759791035 -0.267616563598785 0.9510565172783444
vn 0.20677272539690164 -0.2296443682197275 0.9510565199697123
vn 0.24999999431051087 -0.18163562897734423 0.9510565183682562
vn 0.2823010620896563 -0.12568853518760317 0.9510565190699483
vn 0.30226423541356434 -0.06424824724475749 0.9510565149957335
vn 0.3090169948284817 -7.568733516931335e-17 0.9510565161477913
vn -0.3090169948284817 0 0.9510565161477913
vn -0.30226423541356434 -0.06424824724475749 0.9510565149957335
vn -0.2823010620896563 -0.12568853518760317 0.9510565190699483
vn -0.24999999431051087 -0.18163562897734423 0.9510565183682562
vn -0.20677272539690164 -0.2296443682197275 0.9510565199697123
vn -0.15450849759791035 -0.267616563598785 0.9510565172783444
vn -0.09549150409137153 -0.2938926156295723 0.9510565194165781
vn -0.03230107126126292 -0.30732416374025573 0.951056517340966
vn 0.03230107126126292 -0.30732416374025573 0.951056517340966
vn 0.09549150409137153 -0.2938926156295723 0.9510565194165781
vn 0.15450849759791035 -0.267616563598785 0.9510565172783444
vn 0.20677272539690164 -0.2296443682197275 0.9510565199697123
vn 0.24999999431051087 -0.18163562897734423 0.9510565183682562
vn 0.2823010620896563 -0.12568853518760317 0.9510565190699483
vn 0.30226423541356434 -0.06424824724475749 0.9510565149957335
vn 0.3090169948284817 -3.784366758465668e-17 0.9510565161477913
vn 0.30226423541356434 0.06424824724475749 0.9510565149957335
vn 0.2823010620896563 0.12568853518760317 0.9510565190699483
vn 0.24999999431051087 0.18163562897734423 0.9510565183682562
vn 0.20677272539690164 0.2296443682197275 0.9510565199697123
vn 0.15450849759791035 0.267616563598785 0.9510565172783444
vn 0.09549150409137153 0.2938926156295723 0.9510565194165781
vn 0.03230107126126292 0.30732416374025573 0.951056517340966
vn -0.03230107126126292 0.30732416374025573 0.951056517340966
vn -0.09549150409137153 0.2938926156295723 0.9510565194165781
vn -0.15450849759791035 0.267616563598785 0.9510565172783444
vn -0.20677272539690164 0.2296443682197275 0.9510565199697123
vn -0.24999999431051087 0.18163562897734423 0.9510565183682562
vn -0.2823010620896563 0.12568853518760317 0.9510565190699483
vn -0.30226423541356434 0.06424824724475749 0.9510565149957335
vn -0.3090169948284817 7.568733516931335e-17 0.9510565161477913
vn -0.8090170011595983 0 0.5877852429542022
vn -0.7913380347694764 -0.1682040857914516 0.5877852501128663
vn -0.7390738090735351 -0.3290568572853501 0.5877852408958771
vn -0.6545084820016838 -0.4755282776441266 0.5877852534290582
vn -0.5413380307816883 -0.6012167977894 0.5877852486114834
vn -0.40450849559501084 -0.7006292840523903 0.5877852357108809
vn -0.25000000547057527 -0.7694208790345749 0.5877852568501308
vn -0.08456530567360536 -0.8045851130530445 0.5877852540934906
vn 0.08456530567360536 -0.8045851130530445 0.5877852540934906
vn 0.25000000547057527 -0.7694208790345749 0.5877852568501308
vn 0.40450849559501084 -0.7006292840523903 0.5877852357108809
vn 0.5413380307816883 -0.6012167977894 0.5877852486114834
vn 0.6545084820016838 -0.4755282776441266 0.5877852534290582
vn 0.7390738090735351 -0.3290568572853501 0.5877852408958771
vn 0.7913380347694764 -0.1682040857914516 0.5877852501128663
vn 0.8090170011595983 -9.907600768053078e-17 0.5877852429542022
vn 0.7913380347694764 0.1682040857914516 0.5877852501128663
vn 0.7390738090735351 0.3290568572853501 0.5877852408958771
vn 0.6545084820016838 0.4755282776441266 0.5877852534290582
vn 0.5413380307816883 0.6012167977894 0.5877852486114834
vn 0.40450849559501084 0.7006292840523903 0.5877852357108809
vn 0.25000000547057527 0.7694208790345749 0.5877852568501308
vn 0.08456530567360536 0.8045851130530445 0.5877852540934906
vn -0.08456530567360536 0.8045851130530445 0.5877852540934906
vn -0.25000000547057527 0.7694208790345749 0.5877852568501308
vn -0.40450849559501084 0.7006292840523903 0.5877852357108809
vn -0.5413380307816883 0.6012167977894 0.5877852486114834
vn -0.6545084820016838 0.4755282776441266 0.5877852534290582
vn -0.7390738090735351 0.3290568572853501 0.5877852408958771
vn -0.7913380347694764 0.1682040857914516 0.5877852501128663
vn -0.8090170011595983 1.9815201536106157e-16 0.5877852429542022
vn -1 0 1.2246468525851679e-16
vn -0.9781476029836251 -0.2079116802331908 1.224646823864733e-16
vn -0.9135454533753186 -0.40673665266027326 1.2246468843141363e-16
vn -0.8090170011595983 -0.5877852429542022 1.2246468504311792e-16
vn -0.6691306233342523 -0.7431448101926803 1.224646852573538e-16
vn -0.5000000067305869 -0.8660253998985324 1.224646869070352e-16
vn -0.3090169948284817 -0.9510565161477913 1.2246468218554823e-16
vn -0.10452846222910053 -0.9945218954774298 1.2246468274214173e-16
vn 0.10452846222910053 -0.9945218954774298 1.2246468274214173e-16
vn 0.3090169948284817 -0.9510565161477913 1.2246468218554823e-16
vn 0.5000000067305869 -0.8660253998985324 1.224646869070352e-16
vn 0.6691306233342523 -0.7431448101926803 1.224646852573538e-16
vn 0.8090170011595983 -0.5877852429542022 1.2246468504311792e-16
vn 0.9135454533753186 -0.40673665266027326 1.2246468843141363e-16
vn 0.9781476029836251 -0.2079116802331908 1.224646823864733e-16
vn 1 -1.2246468525851679e-16 1.2246468525851679e-16
vn 0.9781476029836251 0.2079116802331908 1.224646823864733e-16
vn 0.9135454533753186 0.40673665266027326 1.2246468843141363e-16
vn 0.8090170011595983 0.5877852429542022 1.2246468504311792e-16
vn 0.6691306233342523 0.7431448101926803 1.224646852573538e-16
vn 0.5000000067305869 0.8660253998985324 1.224646869070352e-16
vn 0.3090169948284817 0.9510565161477913 1.2246468218554823e-16
vn 0.10452846222910053 0.9945218954774298 1.2246468274214173e-16
vn -0.10452846222910053 0.9945218954774298 1.2246468274214173e-16
vn -0.3090169948284817 0.9510565161477913 1.2246468218554823e-16
vn -0.5000000067305869 0.8660253998985324 1.224646869070352e-16
vn -0.6691306233342523 0.7431448101926803 1.224646852573538e-16
vn -0.8090170011595983 0.5877852429542022 1.2246468504311792e-16
vn -0.9135454533753186 0.40673665266027326 1.2246468843141363e-16
vn -0.9781476029836251 0.2079116802331908 1.224646823864733e-16
vn -1 2.4492937051703357e-16 1.2246468525851679e-16
vn -0.8090170011595983 0 -0.5877852429542022
vn -0.7913380347694764 -0.1682040857914516 -0.5877852501128663
vn -0.7390738090735351 -0.3290568572853501 -0.5877852408958771
vn -0.6545084820016838 -0.4755282776441266 -0.5877852534290582
vn -0.5413380307816883 -0.6012167977894 -0.5877852486114834
vn -0.40450849559501084 -0.7006292840523903 -0.5877852357108809
vn -0.25000000547057527 -0.7694208790345749 -0.5877852568501308
vn -0.08456530567360536 -0.8045851130530445 -0.5877852540934906
vn 0.08456530567360536 -0.8045851130530445 -0.5877852540934906
vn 0.25000000547057527 -0.7694208790345749 -0.5877852568501308
vn 0.40450849559501084 -0.7006292840523903 -0.5877852357108809
vn 0.5413380307816883 -0.6012167977894 -0.5877852486114834
vn 0.6545084820016838 -0.4755282776441266 -0.5877852534290582
vn 0.7390738090735351 -0.3290568572853501 -0.5877852408958771
vn 0.7913380347694764 -0.1682040857914516 -0.5877852501128663
vn 0.8090170011595983 -9.907600768053078e-17 -0.5877852429542022
vn 0.7913380347694764 0.1682040857914516 -0.5877852501128663
vn 0.7390738090735351 0.3290568572853501 -0.5877852408958771
vn 0.6545084820016838 0.4755282776441266 -0.5877852534290582
vn 0.5413380307816883 0.6012167977894 -0.5877852486114834
vn 0.40450849559501084 0.7006292840523903 -0.5877852357108809
vn 0.25000000547057527 0.7694208790345749 -0.5877852568501308
vn 0.08456530567360536 0.8045851130530445 -0.5877852540934906
vn -0.08456530567360536 0.8045851130530445 -0.5877852540934906
vn -0.25000000547057527 0.7694208790345749 -0.5877852568501308
vn -0.40450849559501084 0.7006292840523903 -0.5877852357108809
vn -0.5413380307816883 0.6012167977894 -0.5877852486114834
vn -0.6545084820016838 0.4755282776441266 -0.5877852534290582
vn -0.7390738090735351 0.3290568572853501 -0.5877852408958771
vn -0.7913380347694764 0.1682040857914516 -0.5877852501128663
vn -0.8090170011595983 1.9815201536106157e-16 -0.5877852429542022
vn -0.3090169948284817 0 -0.9510565161477913
vn -0.30226423541356434 -0.06424824724475749 -0.9510565149957335
vn -0.2823010620896563 -0.12568853518760317 -0.9510565190699483
vn -0.24999999431051087 -0.18163562897734423 -0.9510565183682562
vn -0.20677272539690164 -0.2296443682197275 -0.9510565199697123
vn -0.15450849759791035 -0.267616563598785 -0.9510565172783444
vn -0.09549150409137153 -0.2938926156295723 -0.9510565194165781
vn -0.03230107126126292 -0.30732416374025573 -0.951056517340966
vn 0.03230107126126292 -0.30732416374025573 -0.951056517340966
vn 0.09549150409137153 -0.2938926156295723 -0.9510565194165781
vn 0.15450849759791035 -0.267616563598785 -0.9510565172783444
vn 0.20677272539690164 -0.2296443682197275 -0.9510565199697123
vn 0.24999999431051087 -0.18163562897734423 -0.9510565183682562
vn 0.2823010620896563 -0.12568853518760317 -0.9510565190699483
vn 0.30226423541356434 -0.06424824724475749 -0.9510565149957335
vn 0.3090169948284817 -3.784366758465668e-17 -0.9510565161477913
vn 0.30226423541356434 0.06424824724475749 -0.9510565149957335
vn 0.2823010620896563 0.12568853518760317 -0.9510565190699483
vn 0.24999999431051087 0.18163562897734423 -0.9510565183682562
vn 0.20677272539690164 0.2296443682197275 -0.9510565199697123
vn 0.15450849759791035 0.267616563598785 -0.9510565172783444
vn 0.09549150409137153 0.2938926156295723 -0.9510565194165781
vn 0.03230107126126292 0.30732416374025573 -0.951056517340966
vn -0.03230107126126292 0.30732416374025573 -0.951056517340966
vn -0.09549150409137153 0.2938926156295723 -0.9510565194165781
vn -0.15450849759791035 0.267616563598785 -0.9510565172783444
vn -0.20677272539690164 0.2296443682197275 -0.9510565199697123
vn -0.24999999431051087 0.18163562897734423 -0.9510565183682562
vn -0.2823010620896563 0.12568853518760317 -0.9510565190699483
vn -0.30226423541356434 0.06424824724475749 -0.9510565149957335
vn -0.3090169948284817 7.568733516931335e-17 -0.9510565161477913
vn 0.3090169948284817 0 -0.9510565161477913
vn 0.30226423541356434 0.06424824724475749 -0.9510565149957335
vn 0.2823010620896563 0.12568853518760317 -0.9510565190699483
vn 0.24999999431051087 0.18163562897734423 -0.9510565183682562
vn 0.20677272539690164 0.2296443682197275 -0.9510565199697123
vn 0.15450849759791035 0.267616563598785 -0.9510565172783444
vn 0.09549150409137153 0.2938926156295723 -0.9510565194165781
vn 0.03230107126126292 0.30732416374025573 -0.951056517340966
vn -0.03230107126126292 0.30732416374025573 -0.951056517340966
vn -0.09549150409137153 0.2938926156295723 -0.9510565194165781
vn -0.15450849759791035 0.267616563598785 -0.9510565172783444
vn -0.20677272539690164 0.2296443682197275 -0.9510565199697123
vn -0.24999999431051087 0.18163562897734423 -0.9510565183682562
vn -0.2823010620896563 0.12568853518760317 -0.9510565190699483
vn -0.30226423541356434 0.06424824724475749 -0.9510565149957335
vn -0.3090169948284817 3.784366758465668e-17 -0.9510565161477913
vn -0.30226423541356434 -0.06424824724475749 -0.9510565149957335
vn -0.2823010620896563 -0.12568853518760317 -0.9510565190699483
vn -0.24999999431051087 -0.18163562897734423 -0.9510565183682562
vn -0.20677272539690164 -0.2296443682197275 -0.9510565199697123
vn -0.15450849759791035 -0.267616563598785 -0.9510565172783444
vn -0.09549150409137153 -0.2938926156295723 -0.9510565194165781
vn -0.03230107126126292 -0.30732416374025573 -0.951056517340966
vn 0.03230107126126292 -0.30732416374025573 -0.951056517340966
vn 0.09549150409137153 -0.2938926156295723 -0.9510565194165781
vn 0.15450849759791035 -0.267616563598785 -0.9510565172783444
vn 0.20677272539690164 -0.2296443682197275 -0.9510565199697123
vn 0.24999999431051087 -0.18163562897734423 -0.9510565183682562
vn 0.2823010620896563 -0.12568853518760317 -0.9510565190699483
vn 0.30226423541356434 -0.06424824724475749 -0.9510565149957335
vn 0.3090169948284817 -7.568733516931335e-17 -0.9510565161477913
vn 0.8090170011595983 0 -0.5877852429542022
vn 0.7913380347694764 0.1682040857914516 -0.5877852501128663
vn 0.7390738090735351 0.3290568572853501 -0.5877852408958771
vn 0.6545084820016838 0.4755282776441266 -0.5877852534290582
vn 0.5413380307816883 0.6012167977894 -0.5877852486114834
vn 0.40450849559501084 0.7006292840523903 -0.5877852357108809
vn 0.25000000547057527 0.7694208790345749 -0.5877852568501308
vn 0.08456530567360536 0.8045851130530445 -0.5877852540934906
vn -0.08456530567360536 0.8045851130530445 -0.5877852540934906
vn -0.25000000547057527 0.7694208790345749 -0.5877852568501308
vn -0.40450849559501084 0.7006292840523903 -0.5877852357108809
vn -0.5413380307816883 0.6012167977894 -0.5877852486114834
vn -0.6545084820016838 0.4755282776441266 -0.5877852534290582
vn -0.7390738090735351 0.3290568572853501 -0.5877852408958771
vn -0.7913380347694764 0.1682040857914516 -0.5877852501128663
vn -0.8090170011595983 9.907600768053078e-17 -0.5877852429542022
vn -0.7913380347694764 -0.1682040857914516 -0.5877852501128663
vn -0.7390738090735351 -0.3290568572853501 -0.5877852408958771
vn -0.6545084820016838 -0.4755282776441266 -0.5877852534290582
vn -0.5413380307816883 -0.6012167977894 -0.5877852486114834
vn -0.40450849559501084 -0.7006292840523903 -0.5877852357108809
vn -0.25000000547057527 -0.7694208790345749 -0.5877852568501308
vn -0.08456530567360536 -0.8045851130530445 -0.5877852540934906
vn 0.08456530567360536 -0.8045851130530445 -0.5877852540934906
vn 0.25000000547057527 -0.7694208790345749 -0.5877852568501308
vn 0.40450849559501084 -0.7006292840523903 -0.5877852357108809
vn 0.5413380307816883 -0.6012167977894 -0.5877852486114834
vn 0.6545084820016838 -0.4755282776441266 -0.5877852534290582
vn 0.7390738090735351 -0.3290568572853501 -0.5877852408958771
vn 0.7913380347694764 -0.1682040857914516 -0.5877852501128663
vn 0.8090170011595983 -1.9815201536106157e-16 -0.5877852429542022
vn 1 0 -2.4492937051703357e-16
vn 0.9781476029836251 0.2079116802331908 -2.449293647729466e-16
vn 0.9135454533753186 0.40673665266027326 -2.4492937686282727e-16
vn 0.8090170011595983 0.5877852429542022 -2.4492937008623584e-16
vn 0.6691306233342523 0.7431448101926803 -2.449293705147076e-16
vn 0.5000000067305869 0.8660253998985324 -2.449293738140704e-16
vn 0.3090169948284817 0.9510565161477913 -2.4492936437109645e-16
vn 0.10452846222910053 0.9945218954774298 -2.4492936548428347e-16
vn -0.10452846222910053 0.9945218954774298 -2.4492936548428347e-16
vn -0.3090169948284817 0.9510565161477913 -2.4492936437109645e-16
vn -0.5000000067305869 0.8660253998985324 -2.449293738140704e-16
vn -0.6691306233342523 0.7431448101926803 -2.449293705147076e-16
vn -0.8090170011595983 0.5877852429542022 -2.4492937008623584e-16
vn -0.9135454533753186 0.40673665266027326 -2.4492937686282727e-16
vn -0.9781476029836251 0.2079116802331908 -2.449293647729466e-16
vn -1 1.2246468525851679e-16 -2.4492937051703357e-16
vn -0.9781476029836251 -0.2079116802331908 -2.449293647729466e-16
vn -0.9135454533753186 -0.40673665266027326 -2.4492937686282727e-16
vn -0.8090170011595983 -0.5877852429542022 -2.4492937008623584e-16
vn -0.6691306233342523 -0.7431448101926803 -2.449293705147076e-16
vn -0.5000000067305869 -0.8660253998985324 -2.449293738140704e-16
vn -0.3090169948284817 -0.9510565161477913 -2.4492936437109645e-16
vn -0.10452846222910053 -0.9945218954774298 -2.4492936548428347e-16
vn 0.10452846222910053 -0.9945218954774298 -2.4492936548428347e-16
vn 0.3090169948284817 -0.9510565161477913 -2.4492936437109645e-16
vn 0.5000000067305869 -0.8660253998985324 -2.449293738140704e-16
vn 0.6691306233342523 -0.7431448101926803 -2.449293705147076e-16
vn 0.8090170011595983 -0.5877852429542022 -2.4492937008623584e-16
vn 0.9135454533753186 -0.40673665266027326 -2.4492937686282727e-16
vn 0.9781476029836251 -0.2079116802331908 -2.449293647729466e-16
vn 1 -2.4492937051703357e-16 -2.4492937051703357e-16
f 1842/1842/1842 1811/1811/1811 1843/1843/1843
f 1811/1811/1811 1812/1812/1812 1843/1843/1843
f 1843/1843/1843 1812/1812/1812 1844/1844/1844
f 1812/1812/1812 1813/1813/1813 1844/1844/1844
f 1844/1844/1844 1813/1813/1813 1845/1845/1845
f 1813/1813/1813 1814/1814/1814 1845/1845/1845
f 1845/1845/1845 1814/1814/1814 1846/1846/1846
f 1814/1814/1814 1815/1815/1815 1846/1846/1846
f 1846/1846/1846 1815/1815/1815 1847/1847/1847
f 1815/1815/1815 1816/1816/1816 1847/1847/1847
f 1847/1847/1847 1816/1816/1816 1848/1848/1848
f 1816/1816/1816 1817/1817/1817 1848/1848/1848
f 1848/1848/1848 1817/1817/1817 1849/1849/1849
f 1817/1817/1817 1818/1818/1818 1849/1849/1849
f 1849/1849/1849 1818/1818/1818 1850/1850/1850
f 1818/1818/1818 1819/1819/1819 1850/1850/1850
f 1850/1850/1850 1819/1819/1819 1851/1851/1851
f 1819/1819/1819 1820/1820/1820 1851/1851/1851
f 1851/1851/1851 1820/1820/1820 1852/1852/1852
f 1820/1820/1820 1821/1821/1821 1852/1852/1852
f 1852/1852/1852 1821/1821/1821 1853/1853/1853
f 1821/1821/1821 1822/1822/1822 1853/1853/1853
f 1853/1853/1853 1822/1822/1822 1854/1854/1854
f 1822/1822/1822 1823/1823/1823 1854/1854/1854
f 1854/1854/1854 1823/1823/1823 1855/1855/1855
f 1823/1823/1823 1824/1824/1824 1855/1855/1855
f 1855/1855/1855 1824/1824/1824 1856/1856/1856
f 1824/1824/1824 1825/1825/1825 1856/1856/1856
f 1856/1856/1856 1825/1825/1825 1857/1857/1857
f 1825/1825/1825 1826/1826/1826 1857/1857/1857
f 1857/1857/1857 1826/1826/1826 1858/1858/1858
f 1826/1826/1826 1827/1827/1827 1858/1858/1858
f 1858/1858/1858 1827/1827/1827 1859/1859/1859
f 1827/1827/1827 1828/1828/1828 1859/1859/1859
f 1859/1859/1859 1828/1828/1828 1860/1860/1860
f 1828/1828/1828 1829/1829/1829 1860/1860/1860
f 1860/1860/1860 1829/1829/1829 1861/1861/1861
f 1829/1829/1829 1830/1830/1830 1861/1861/1861
f 1861/1861/1861 1830/1830/1830 1862/1862/1862
f 1830/1830/1830 1831/1831/1831 1862/1862/1862
f 1862/1862/1862 1831/1831/1831 1863/1863/1863
f 1831/1831/1831 1832/1832/1832 1863/1863/1863
f 1863/1863/1863 1832/1832/1832 1864/1864/1864
f 1832/1832/1832 1833/1833/1833 1864/1864/1864
f 1864/1864/1864 1833/1833/1833 1865/1865/1865
f 1833/1833/1833 1834/1834/1834 1865/1865/1865
f 1865/1865/1865 1834/1834/1834 1866/1866/1866
f 1834/1834/1834 1835/1835/1835 1866/1866/1866
f 1866/1866/1866 1835/1835/1835 1867/1867/1867
f 1835/1835/1835 1836/1836/1836 1867/1867/1867
f 1867/1867/1867 1836/1836/1836 1868/1868/1868
f 1836/1836/1836 1837/1837/1837 1868/1868/1868
f 1868/1868/1868 1837/1837/1837 1869/1869/1869
f 1837/1837/1837 1838/1838/1838 1869/1869/1869
f 1869/1869/1869 1838/1838/1838 1870/1870/1870
f 1838/1838/1838 1839/1839/1839 1870/1870/1870
f 1870/1870/1870 1839/1839/1839 1871/1871/1871
f 1839/1839/1839 1840/1840/1840 1871/1871/1871
f 1871/1871/1871 1840/1840/1840 1872/1872/1872
f 1840/1840/1840 1841/1841/1841 1872/1872/1872
f 1873/1873/1873 1842/1842/1842 1874/1874/1874
f 1842/1842/1842 1843/1843/1843 1874/1874/1874
f 1874/1874/1874 1843/1843/1843 1875/1875/1875
f 1843/1843/1843 1844/1844/1844 1875/1875/1875
f 1875/1875/1875 1844/1844/1844 1876/1876/1876
f 1844/1844/1844 1845/1845/1845 1876/1876/1876
f 1876/1876/1876 1845/1845/1845 1877/1877/1877
f 1845/1845/1845 1846/1846/1846 1877/1877/1877
f 1877/1877/1877 1846/1846/1846 1878/1878/1878
f 1846/1846/1846 1847/1847/1847 1878/1878/1878
f 1878/1878/1878 1847/1847/1847 1879/1879/1879
f 1847/1847/1847 1848/1848/1848 1879/1879/1879
f 1879/1879/1879 1848/1848/1848 1880/1880/1880
f 1848/1848/1848 1849/1849/1849 1880/1880/1880
f 1880/1880/1880 1849/1849/1849 1881/1881/1881
f 1849/1849/1849 1850/1850/1850 1881/1881/1881
f 1881/1881/1881 1850/1850/1850 1882/1882/1882
f 1850/1850/1850 1851/1851/1851 1882/1882/1882
f 1882/1882/1882 1851/1851/1851 1883/1883/1883
f 1851/1851/1851 1852/1852/1852 1883/1883/1883
f 1883/1883/1883 1852/1852/1852 1884/1884/1884
f 1852/1852/1852 1853/1853/1853 1884/1884/1884
f 1884/1884/1884 1853/1853/1853 1885/1885/1885
f 1853/1853/1853 1854/1854/1854 1885/1885/1885
f 1885/1885/1885 1854/1854/1854 1886/1886/1886
f 1854/1854/1854 1855/1855/1855 1886/1886/1886
f 1886/1886/1886 1855/1855/1855 1887/1887/1887
f 1855/1855/1855 1856/1856/1856 1887/1887/1887
f 1887/1887/1887 1856/1856/1856 1888/1888/1888
f 1856/1856/1856 1857/1857/1857 1888/1888/1888
f 1888/1888/1888 1857/1857/1857 1889/1889/1889
f 1857/1857/1857 1858/1858/1858 1889/1889/1889
f 1889/1889/1889 1858/1858/1858 1890/1890/1890
f 1858/1858/1858 1859/1859/1859 1890/1890/1890
f 1890/1890/1890 1859/1859/1859 1891/1891/1891
f 1859/1859/1859 1860/1860/1860 1891/1891/1891
f 1891/1891/1891 1860/1860/1860 1892/1892/1892
f 1860/1860/1860 1861/1861/1861 1892/1892/1892
f 1892/1892/1892 1861/1861/1861 1893/1893/1893
f 1861/1861/1861 1862/1862/1862 1893/1893/1893
f 1893/1893/1893 1862/1862/1862 1894/1894/1894
f 1862/1862/1862 1863/1863/1863 1894/1894/1894
f 1894/1894/1894 1863/1863/1863 1895/1895/1895
f 1863/1863/1863 1864/1864/1864 1895/1895/1895
f 1895/1895/1895 1864/1864/1864 1896/1896/1896
f 1864/1864/1864 1865/1865/1865 1896/1896/1896
f 1896/1896/1896 1865/1865/1865 1897/1897/1897
f 1865/1865/1865 1866/1866/1866 1897/1897/1897
f 1897/1897/1897 1866/1866/1866 1898/1898/1898
f 1866/1866/1866 1867/1867/1867 1898/1898/1898
f 1898/1898/1898 1867/1867/1867 1899/1899/1899
f 1867/1867/1867 1868/1868/1868 1899/1899/1899
f 1899/1899/1899 1868/1868/1868 1900/1900/1900
f 1868/1868/1868 1869/1869/1869 1900/1900/1900
f 1900/1900/1900 1869/1869/1869 1901/1901/1901
f 1869/1869/1869 1870/1870/1870 1901/1901/1901
f 1901/1901/1901 1870/1870/1870 1902/1902/1902
f 1870/1870/1870 1871/1871/1871 1902/1902/1902
f 1902/1902/1902 1871/1871/1871 1903/1903/1903
f 1871/1871/1871 1872/1872/1872 1903/1903/1903
f 1904/1904/1904 1873/1873/1873 1905/1905/1905
f 1873/1873/1873 1874/1874/1874 1905/1905/1905
f 1905/1905/1905 1874/1874/1874 1906/1906/1906
f 1874/1874/1874 1875/1875/1875 1906/1906/1906
f 1906/1906/1906 1875/1875/1875 1907/1907/1907
f 1875/1875/1875 1876/1876/1876 1907/1907/1907
f 1907/1907/1907 1876/1876/1876 1908/1908/1908
f 1876/1876/1876 1877/1877/1877 1908/1908/1908
f 1908/1908/1908 1877/1877/1877 1909/1909/1909
f 1877/1877/1877 1878/1878/1878 1909/1909/1909
f 1909/1909/1909 1878/1878/1878 1910/1910/1910
f 1878/1878/1878 1879/1879/1879 1910/1910/1910
f 1910/1910/1910 1879/1879/1879 1911/1911/1911
f 1879/1879/1879 1880/1880/1880 1911/1911/1911
f 1911/1911/1911 1880/1880/1880 1912/1912/1912
f 1880/1880/1880 1881/1881/1881 1912/1912/1912
f 1912/1912/1912 1881/1881/1881 1913/1913/1913
f 1881/1881/1881 1882/1882/1882 1913/1913/1913
f 1913/1913/1913 1882/1882/1882 1914/1914/1914
f 1882/1882/1882 1883/1883/1883 1914/1914/1914
f 1914/1914/1914 1883/1883/1883 1915/1915/1915
f 1883/1883/1883 1884/1884/1884 1915/1915/1915
f 1915/1915/1915 1884/1884/1884 1916/1916/1916
f 1884/1884/1884 1885/1885/1885 1916/1916/1916
f 1916/1916/1916 1885/1885/1885 1917/1917/1917
f 1885/1885/1885 1886/1886/1886 1917/1917/1917
f 1917/1917/1917 1886/1886/1886 1918/1918/1918
f 1886/1886/1886 1887/1887/1887 1918/1918/1918
f 1918/1918/1918 1887/1887/1887 1919/1919/1919
f 1887/1887/1887 1888/1888/1888 1919/1919/1919
f 1919/1919/1919 1888/1888/1888 1920/1920/1920
f 1888/1888/1888 1889/1889/1889 1920/1920/1920
f 1920/1920/1920 1889/1889/1889 1921/1921/1921
f 1889/1889/1889 1890/1890/1890 1921/1921/1921
f 1921/1921/1921 1890/1890/1890 1922/1922/1922
f 1890/1890/1890 1891/1891/1891 1922/1922/1922
f 1922/1922/1922 1891/1891/1891 1923/1923/1923
f 1891/1891/1891 1892/1892/1892 1923/1923/1923
f 1923/1923/1923 1892/1892/1892 1924/1924/1924
f 1892/1892/1892 1893/1893/1893 1924/1924/1924
f 1924/1924/1924 1893/1893/1893 1925/1925/1925
f 1893/1893/1893 1894/1894/1894 1925/1925/1925
f 1925/1925/1925 1894/1894/1894 1926/1926/1926
f 1894/1894/1894 1895/1895/1895 1926/1926/1926
f 1926/1926/1926 1895/1895/1895 1927/1927/1927
f 1895/1895/1895 1896/1896/1896 1927/1927/1927
f 1927/1927/1927 1896/1896/1896 1928/1928/1928
f 1896/1896/1896 1897/1897/1897 1928/1928/1928
f 1928/1928/1928 1897/1897/1897 1929/1929/1929
f 1897/1897/1897 1898/1898/1898 1929/1929/1929
f 1929/1929/1929 1898/1898/1898 1930/1930/1930
f 1898/1898/1898 1899/1899/1899 1930/1930/1930
f 1930/1930/1930 1899/1899/1899 1931/1931/1931
f 1899/1899/1899 1900/1900/1900 1931/1931/1931
f 1931/1931/1931 1900/1900/1900 1932/1932/1932
f 1900/1900/1900 1901/1901/1901 1932/1932/1932
f 1932/1932/1932 1901/1901/1901 1933/1933/1933
f 1901/1901/1901 1902/1902/1902 1933/1933/1933
f 1933/1933/1933 1902/1902/1902 1934/1934/1934
f 1902/1902/1902 1903/1903/1903 1934/1934/1934
f 1935/1935/1935 1904/1904/1904 1936/1936/1936
f 1904/1904/1904 1905/1905/1905 1936/1936/1936
f 1936/1936/1936 1905/1905/1905 1937/1937/1937
f 1905/1905/1905 1906/1906/1906 1937/1937/1937
f 1937/1937/1937 1906/1906/1906 1938/1938/1938
f 1906/1906/1906 1907/1907/1907 1938/1938/1938
f 1938/1938/1938 1907/1907/1907 1939/1939/1939
f 1907/1907/1907 1908/1908/1908 1939/1939/1939
f 1939/1939/1939 1908/1908/1908 1940/1940/1940
f 1908/1908/1908 1909/1909/1909 1940/1940/1940
f 1940/1940/1940 1909/1909/1909 1941/1941/1941
f 1909/1909/1909 1910/1910/1910 1941/1941/1941
f 1941/1941/1941 1910/1910/1910 1942/1942/1942
f 1910/1910/1910 1911/1911/1911 1942/1942/1942
f 1942/1942/1942 1911/1911/1911 1943/1943/1943
f 1911/1911/1911 1912/1912/1912 1943/1943/1943
f 1943/1943/1943 1912/1912/1912 1944/1944/1944
f 1912/1912/1912 1913/1913/1913 1944/1944/1944
f 1944/1944/1944 1913/1913/1913 1945/1945/1945
f 1913/1913/1913 1914/1914/1914 1945/1945/1945
f 1945/1945/1945 1914/1914/1914 1946/1946/1946
f 1914/1914/1914 1915/1915/1915 1946/1946/1946
f 1946/1946/1946 1915/1915/1915 1947/1947/1947
f 1915/1915/1915 1916/1916/1916 1947/1947/1947
f 1947/1947/1947 1916/1916/1916 1948/1948/1948
f 1916/1916/1916 1917/1917/1917 1948/1948/1948
f 1948/1948/1948 1917/1917/1917 1949/1949/1949
f 1917/1917/1917 1918/1918/1918 1949/1949/1949
f 1949/1949/1949 1918/1918/1918 1950/1950/1950
f 1918/1918/1918 1919/1919/1919 1950/1950/1950
f 1950/1950/1950 1919/1919/1919 1951/1951/1951
f 1919/1919/1919 1920/1920/1920 1951/1951/1951
f 1951/1951/1951 1920/1920/1920 1952/1952/1952
f 1920/1920/1920 1921/1921/1921 1952/1952/1952
f 1952/1952/1952 1921/1921/1921 1953/1953/1953
f 1921/1921/1921 1922/1922/1922 1953/1953/1953
f 1953/1953/1953 1922/1922/1922 1954/1954/1954
f 1922/1922/1922 1923/1923/1923 1954/1954/1954
f 1954/1954/1954 1923/1923/1923 1955/1955/1955
f 1923/1923/1923 1924/1924/1924 1955/1955/1955
f 1955/1955/1955 1924/1924/1924 1956/1956/1956
f 1924/1924/1924 1925/1925/1925 1956/1956/1956
f 1956/1956/1956 1925/1925/1925 1957/1957/1957
f 1925/1925/1925 1926/1926/1926 1957/1957/1957
f 1957/1957/1957 1926/1926/1926 1958/1958/1958
f 1926/1926/1926 1927/1927/1927 1958/1958/1958
f 1958/1958/1958 1927/1927/1927 1959/1959/1959
f 1927/1927/1927 1928/1928/1928 1959/1959/1959
f 1959/1959/1959 1928/1928/1928 1960/1960/1960
f 1928/1928/1928 1929/1929/1929 1960/1960/1960
f 1960/1960/1960 1929/1929/1929 1961/1961/1961
f 1929/1929/1929 1930/1930/1930 1961/1961/1961
f 1961/1961/1961 1930/1930/1930 1962/1962/1962
f 1930/1930/1930 1931/1931/1931 1962/1962/1962
f 1962/1962/1962 1931/1931/1931 1963/1963/1963
f 1931/1931/1931 1932/1932/1932 1963/1963/1963
f 1963/1963/1963 1932/1932/1932 1964/1964/1964
f 1932/1932/1932 1933/1933/1933 1964/1964/1964
f 1964/1964/1964 1933/1933/1933 1965/1965/1965
f 1933/1933/1933 1934/1934/1934 1965/1965/1965
f 1966/1966/1966 1935/1935/1935 1967/1967/1967
f 1935/1935/1935 1936/1936/1936 1967/1967/1967
f 1967/1967/1967 1936/1936/1936 1968/1968/1968
f 1936/1936/1936 1937/1937/1937 1968/1968/1968
f 1968/1968/1968 1937/1937/1937 1969/1969/1969
f 1937/1937/1937 1938/1938/1938 1969/1969/1969
f 1969/1969/1969 1938/1938/1938 1970/1970/1970
f 1938/1938/1938 1939/1939/1939 1970/1970/1970
f 1970/1970/1970 1939/1939/1939 1971/1971/1971
f 1939/1939/1939 1940/1940/1940 1971/1971/1971
f 1971/1971/1971 1940/1940/1940 1972/1972/1972
f 1940/1940/1940 1941/1941/1941 1972/1972/1972
f 1972/1972/1972 1941/1941/1941 1973/1973/1973
f 1941/1941/1941 1942/1942/1942 1973/1973/1973
f 1973/1973/1973 1942/1942/1942 1974/1974/1974
f 1942/1942/1942 1943/1943/1943 1974/1974/1974
f 1974/1974/1974 1943/1943/1943 1975/1975/1975
f 1943/1943/1943 1944/1944/1944 1975/1975/1975
f 1975/1975/1975 1944/1944/1944 1976/1976/1976
f 1944/1944/1944 1945/1945/1945 1976/1976/1976
f 1976/1976/1976 1945/1945/1945 1977/1977/1977
f 1945/1945/1945 1946/1946/1946 1977/1977/1977
f 1977/1977/1977 1946/1946/1946 1978/1978/1978
f 1946/1946/1946 1947/1947/1947 1978/1978/1978
f 1978/1978/1978 1947/1947/1947 1979/1979/1979
f 1947/1947/1947 1948/1948/1948 1979/1979/1979
f 1979/1979/1979 1948/1948/1948 1980/1980/1980
f 1948/1948/1948 1949/1949/1949 1980/1980/1980
f 1980/1980/1980 1949/1949/1949 1981/1981/1981
f 1949/1949/1949 1950/1950/1950 1981/1981/1981
f 1981/1981/1981 1950/1950/1950 1982/1982/1982
f 1950/1950/1950 1951/1951/1951 1982/1982/1982
f 1982/1982/1982 1951/1951/1951 1983/1983/1983
f 1951/1951/1951 1952/1952/1952 1983/1983/1983
f 1983/1983/1983 1952/1952/1952 1984/1984/1984
f 1952/1952/1952 1953/1953/1953 1984/1984/1984
f 1984/1984/1984 1953/1953/1953 1985/1985/1985
f 1953/1953/1953 1954/1954/1954 1985/1985/1985
f 1985/1985/1985 1954/1954/1954 1986/1986/1986
f 1954/1954/1954 1955/1955/1955 1986/1986/1986
f 1986/1986/1986 1955/1955/1955 1987/1987/1987
f 1955/1955/1955 1956/1956/1956 1987/1987/1987
f 1987/1987/1987 1956/1956/1956 1988/1988/1988
f 1956/1956/1956 1957/1957/1957 1988/1988/1988
f 1988/1988/1988 1957/1957/1957 1989/1989/1989
f 1957/1957/1957 1958/1958/1958 1989/1989/1989
f 1989/1989/1989 1958/1958/1958 1990/1990/1990
f 1958/1958/1958 1959/1959/1959 1990/1990/1990
f 1990/1990/1990 1959/1959/1959 1991/1991/1991
f 1959/1959/1959 1960/1960/1960 1991/1991/1991
f 1991/1991/1991 1960/1960/1960 1992/1992/1992
f 1960/1960/1960 1961/1961/1961 1992/1992/1992
f 1992/1992/1992 1961/1961/1961 1993/1993/1993
f 1961/1961/1961 1962/1962/1962 1993/1993/1993
f 1993/1993/1993 1962/1962/1962 1994/1994/1994
f 1962/1962/1962 1963/1963/1963 1994/1994/1994
f 1994/1994/1994 1963/1963/1963 1995/1995/1995
f 1963/1963/1963 1964/1964/1964 1995/1995/1995
f 1995/1995/1995 1964/1964/1964 1996/1996/1996
f 1964/1964/1964 1965/1965/1965 1996/1996/1996
f 1997/1997/1997 1966/1966/1966 1998/1998/1998
f 1966/1966/1966 1967/1967/1967 1998/1998/1998
f 1998/1998/1998 1967/1967/1967 1999/1999/1999
f 1967/1967/1967 1968/1968/1968 1999/1999/1999
f 1999/1999/1999 1968/1968/1968 2000/2000/2000
f 1968/1968/1968 1969/1969/1969 2000/2000/2000
f 2000/2000/2000 1969/1969/1969 2001/2001/2001
f 1969/1969/1969 1970/1970/1970 2001/2001/2001
f 2001/2001/2001 1970/1970/1970 2002/2002/2002
f 1970/1970/1970 1971/1971/1971 2002/2002/2002
f 2002/2002/2002 1971/1971/1971 2003/2003/2003
f 1971/1971/1971 1972/1972/1972 2003/2003/2003
f 2003/2003/2003 1972/1972/1972 2004/2004/2004
f 1972/1972/1972 1973/1973/1973 2004/2004/2004
f 2004/2004/2004 1973/1973/1973 2005/2005/2005
f 1973/1973/1973 1974/1974/1974 2005/2005/2005
f 2005/2005/2005 1974/1974/1974 2006/2006/2006
f 1974/1974/1974 1975/1975/1975 2006/2006/2006
f 2006/2006/2006 1975/1975/1975 2007/2007/2007
f 1975/1975/1975 1976/1976/1976 2007/2007/2007
f 2007/2007/2007 1976/1976/1976 2008/2008/2008
f 1976/1976/1976 1977/1977/1977 2008/2008/2008
f 2008/2008/2008 1977/1977/1977 2009/2009/2009
f 1977/1977/1977 1978/1978/1978 2009/2009/2009
f 2009/2009/2009 1978/1978/1978 2010/2010/2010
f 1978/1978/1978 1979/1979/1979 2010/2010/2010
f 2010/2010/2010 1979/1979/1979 2011/2011/2011
f 1979/1979/1979 1980/1980/1980 2011/2011/2011
f 2011/2011/2011 1980/1980/1980 2012/2012/2012
f 1980/1980/1980 1981/1981/1981 2012/2012/2012
f 2012/2012/2012 1981/1981/1981 2013/2013/2013
f 1981/1981/1981 1982/1982/1982 2013/2013/2013
f 2013/2013/2013 1982/1982/1982 2014/2014/2014
f 1982/1982/1982 1983/1983/1983 2014/2014/2014
f 2014/2014/2014 1983/1983/1983 2015/2015/2015
f 1983/1983/1983 1984/1984/1984 2015/2015/2015
f 2015/2015/2015 1984/1984/1984 2016/2016/2016
f 1984/1984/1984 1985/1985/1985 2016/2016/2016
f 2016/2016/2016 1985/1985/1985 2017/2017/2017
f 1985/1985/1985 1986/1986/1986 2017/2017/2017
f 2017/2017/2017 1986/1986/1986 2018/2018/2018
f 1986/1986/1986 1987/1987/1987 2018/2018/2018
f 2018/2018/2018 1987/1987/1987 2019/2019/2019
f 1987/1987/1987 1988/1988/1988 2019/2019/2019
f 2019/2019/2019 1988/1988/1988 2020/2020/2020
f 1988/1988/1988 1989/1989/1989 2020/2020/2020
f 2020/2020/2020 1989/1989/1989 2021/2021/2021
f 1989/1989/1989 1990/1990/1990 2021/2021/2021
f 2021/2021/2021 1990/1990/1990 2022/2022/2022
f 1990/1990/1990 1991/1991/1991 2022/2022/2022
f 2022/2022/2022 1991/1991/1991 2023/2023/2023
f 1991/1991/1991 1992/1992/1992 2023/2023/2023
f 2023/2023/2023 1992/1992/1992 2024/2024/2024
f 1992/1992/1992 1993/1993/1993 2024/2024/2024
f 2024/2024/2024 1993/1993/1993 2025/2025/2025
f 1993/1993/1993 1994/1994/1994 2025/2025/2025
f 2025/2025/2025 1994/1994/1994 2026/2026/2026
f 1994/1994/1994 1995/1995/1995 2026/2026/2026
f 2026/2026/2026 1995/1995/1995 2027/2027/2027
f 1995/1995/1995 1996/1996/1996 2027/2027/2027
f 2028/2028/2028 1997/1997/1997 2029/2029/2029
f 1997/1997/1997 1998/1998/1998 2029/2029/2029
f 2029/2029/2029 1998/1998/1998 2030/2030/2030
f 1998/1998/1998 1999/1999/1999 2030/2030/2030
f 2030/2030/2030 1999/1999/1999 2031/2031/2031
f 1999/1999/1999 2000/2000/2000 2031/2031/2031
f 2031/2031/2031 2000/2000/2000 2032/2032/2032
f 2000/2000/2000 2001/2001/2001 2032/2032/2032
f 2032/2032/2032 2001/2001/2001 2033/2033/2033
f 2001/2001/2001 2002/2002/2002 2033/2033/2033
f 2033/2033/2033 2002/2002/2002 2034/2034/2034
f 2002/2002/2002 2003/2003/2003 2034/2034/2034
f 2034/2034/2034 2003/2003/2003 2035/2035/2035
f 2003/2003/2003 2004/2004/2004 2035/2035/2035
f 2035/2035/2035 2004/2004/2004 2036/2036/2036
f 2004/2004/2004 2005/2005/2005 2036/2036/2036
f 2036/2036/2036 2005/2005/2005 2037/2037/2037
f 2005/2005/2005 2006/2006/2006 2037/2037/2037
f 2037/2037/2037 2006/2006/2006 2038/2038/2038
f 2006/2006/2006 2007/2007/2007 2038/2038/2038
f 2038/2038/2038 2007/2007/2007 2039/2039/2039
f 2007/2007/2007 2008/2008/2008 2039/2039/2039
f 2039/2039/2039 2008/2008/2008 2040/2040/2040
f 2008/2008/2008 2009/2009/2009 2040/2040/2040
f 2040/2040/2040 2009/2009/2009 2041/2041/2041
f 2009/2009/2009 2010/2010/2010 2041/2041/2041
f 2041/2041/2041 2010/2010/2010 2042/2042/2042
f 2010/2010/2010 2011/2011/2011 2042/2042/2042
f 2042/2042/2042 2011/2011/2011 2043/2043/2043
f 2011/2011/2011 2012/2012/2012 2043/2043/2043
f 2043/2043/2043 2012/2012/2012 2044/2044/2044
f 2012/2012/2012 2013/2013/2013 2044/2044/2044
f 2044/2044/2044 2013/2013/2013 2045/2045/2045
f 2013/2013/2013 2014/2014/2014 2045/2045/2045
f 2045/2045/2045 2014/2014/2014 2046/2046/2046
f 2014/2014/2014 2015/2015/2015 2046/2046/2046
f 2046/2046/2046 2015/2015/2015 2047/2047/2047
f 2015/2015/2015 2016/2016/2016 2047/2047/2047
f 2047/2047/2047 2016/2016/2016 2048/2048/2048
f 2016/2016/2016 2017/2017/2017 2048/2048/2048
f 2048/2048/2048 2017/2017/2017 2049/2049/2049
f 2017/2017/2017 2018/2018/2018 2049/2049/2049
f 2049/2049/2049 2018/2018/2018 2050/2050/2050
f 2018/2018/2018 2019/2019/2019 2050/2050/2050
f 2050/2050/2050 2019/2019/2019 2051/2051/2051
f 2019/2019/2019 2020/2020/2020 2051/2051/2051
f 2051/2051/2051 2020/2020/2020 2052/2052/2052
f 2020/2020/2020 2021/2021/2021 2052/2052/2052
f 2052/2052/2052 2021/2021/2021 2053/2053/2053
f 2021/2021/2021 2022/2022/2022 2053/2053/2053
f 2053/2053/2053 2022/2022/2022 2054/2054/2054
f 2022/2022/2022 2023/2023/2023 2054/2054/2054
f 2054/2054/2054 2023/2023/2023 2055/2055/2055
f 2023/2023/2023 2024/2024/2024 2055/2055/2055
f 2055/2055/2055 2024/2024/2024 2056/2056/2056
f 2024/2024/2024 2025/2025/2025 2056/2056/2056
f 2056/2056/2056 2025/2025/2025 2057/2057/2057
f 2025/2025/2025 2026/2026/2026 2057/2057/2057
f 2057/2057/2057 2026/2026/2026 2058/2058/2058
f 2026/2026/2026 2027/2027/2027 2058/2058/2058
f 2059/2059/2059 2028/2028/2028 2060/2060/2060
f 2028/2028/2028 2029/2029/2029 2060/2060/2060
f 2060/2060/2060 2029/2029/2029 2061/2061/2061
f 2029/2029/2029 2030/2030/2030 2061/2061/2061
f 2061/2061/2061 2030/2030/2030 2062/2062/2062
f 2030/2030/2030 2031/2031/2031 2062/2062/2062
f 2062/2062/2062 2031/2031/2031 2063/2063/2063
f 2031/2031/2031 2032/2032/2032 2063/2063/2063
f 2063/2063/2063 2032/2032/2032 2064/2064/2064
f 2032/2032/2032 2033/2033/2033 2064/2064/2064
f 2064/2064/2064 2033/2033/2033 2065/2065/2065
f 2033/2033/2033 2034/2034/2034 2065/2065/2065
f 2065/2065/2065 2034/2034/2034 2066/2066/2066
f 2034/2034/2034 2035/2035/2035 2066/2066/2066
f 2066/2066/2066 2035/2035/2035 2067/2067/2067
f 2035/2035/2035 2036/2036/2036 2067/2067/2067
f 2067/2067/2067 2036/2036/2036 2068/2068/2068
f 2036/2036/2036 2037/2037/2037 2068/2068/2068
f 2068/2068/2068 2037/2037/2037 2069/2069/2069
f 2037/2037/2037 2038/2038/2038 2069/2069/2069
f 2069/2069/2069 2038/2038/2038 2070/2070/2070
f 2038/2038/2038 2039/2039/2039 2070/2070/2070
f 2070/2070/2070 2039/2039/2039 2071/2071/2071
f 2039/2039/2039 2040/2040/2040 2071/2071/2071
f 2071/2071/2071 2040/2040/2040 2072/2072/2072
f 2040/2040/2040 2041/2041/2041 2072/2072/2072
f 2072/2072/2072 2041/2041/2041 2073/2073/2073
f 2041/2041/2041 2042/2042/2042 2073/2073/2073
f 2073/2073/2073 2042/2042/2042 2074/2074/2074
f 2042/2042/2042 2043/2043/2043 2074/2074/2074
f 2074/2074/2074 2043/2043/2043 2075/2075/2075
f 2043/2043/2043 2044/2044/2044 2075/2075/2075
f 2075/2075/2075 2044/2044/2044 2076/2076/2076
f 2044/2044/2044 2045/2045/2045 2076/2076/2076
f 2076/2076/2076 2045/2045/2045 2077/2077/2077
f 2045/2045/2045 2046/2046/2046 2077/2077/2077
f 2077/2077/2077 2046/2046/2046 2078/2078/2078
f 2046/2046/2046 2047/2047/2047 2078/2078/2078
f 2078/2078/2078 2047/2047/2047 2079/2079/2079
f 2047/2047/2047 2048/2048/2048 2079/2079/2079
f 2079/2079/2079 2048/2048/2048 2080/2080/2080
f 2048/2048/2048 2049/2049/2049 2080/2080/2080
f 2080/2080/2080 2049/2049/2049 2081/2081/2081
f 2049/2049/2049 2050/2050/2050 2081/2081/2081
f 2081/2081/2081 2050/2050/2050 2082/2082/2082
f 2050/2050/2050 2051/2051/2051 2082/2082/2082
f 2082/2082/2082 2051/2051/2051 2083/2083/2083
f 2051/2051/2051 2052/2052/2052 2083/2083/2083
f 2083/2083/2083 2052/2052/2052 2084/2084/2084
f 2052/2052/2052 2053/2053/2053 2084/2084/2084
f 2084/2084/2084 2053/2053/2053 2085/2085/2085
f 2053/2053/2053 2054/2054/2054 2085/2085/2085
f 2085/2085/2085 2054/2054/2054 2086/2086/2086
f 2054/2054/2054 2055/2055/2055 2086/2086/2086
f 2086/2086/2086 2055/2055/2055 2087/2087/2087
f 2055/2055/2055 2056/2056/2056 2087/2087/2087
f 2087/2087/2087 2056/2056/2056 2088/2088/2088
f 2056/2056/2056 2057/2057/2057 2088/2088/2088
f 2088/2088/2088 2057/2057/2057 2089/2089/2089
f 2057/2057/2057 2058/2058/2058 2089/2089/2089
f 2090/2090/2090 2059/2059/2059 2091/2091/2091
f 2059/2059/2059 2060/2060/2060 2091/2091/2091
f 2091/2091/2091 2060/2060/2060 2092/2092/2092
f 2060/2060/2060 2061/2061/2061 2092/2092/2092
f 2092/2092/2092 2061/2061/2061 2093/2093/2093
f 2061/2061/2061 2062/2062/2062 2093/2093/2093
f 2093/2093/2093 2062/2062/2062 2094/2094/2094
f 2062/2062/2062 2063/2063/2063 2094/2094/2094
f 2094/2094/2094 2063/2063/2063 2095/2095/2095
f 2063/2063/2063 2064/2064/2064 2095/2095/2095
f 2095/2095/2095 2064/2064/2064 2096/2096/2096
f 2064/2064/2064 2065/2065/2065 2096/2096/2096
f 2096/2096/2096 2065/2065/2065 2097/2097/2097
f 2065/2065/2065 2066/2066/2066 2097/2097/2097
f 2097/2097/2097 2066/2066/2066 2098/2098/2098
f 2066/2066/2066 2067/2067/2067 2098/2098/2098
f 2098/2098/2098 2067/2067/2067 2099/2099/2099
f 2067/2067/2067 2068/2068/2068 2099/2099/2099
f 2099/2099/2099 2068/2068/2068 2100/2100/2100
f 2068/2068/2068 2069/2069/2069 2100/2100/2100
f 2100/2100/2100 2069/2069/2069 2101/2101/2101
f 2069/2069/2069 2070/2070/2070 2101/2101/2101
f 2101/2101/2101 2070/2070/2070 2102/2102/2102
f 2070/2070/2070 2071/2071/2071 2102/2102/2102
f 2102/2102/2102 2071/2071/2071 2103/2103/2103
f 2071/2071/2071 2072/2072/2072 2103/2103/2103
f 2103/2103/2103 2072/2072/2072 2104/2104/2104
f 2072/2072/2072 2073/2073/2073 2104/2104/2104
f 2104/2104/2104 2073/2073/2073 2105/2105/2105
f 2073/2073/2073 2074/2074/2074 2105/2105/2105
f 2105/2105/2105 2074/2074/2074 2106/2106/2106
f 2074/2074/2074 2075/2075/2075 2106/2106/2106
f 2106/2106/2106 2075/2075/2075 2107/2107/2107
f 2075/2075/2075 2076/2076/2076 2107/2107/2107
f 2107/2107/2107 2076/2076/2076 2108/2108/2108
f 2076/2076/2076 2077/2077/2077 2108/2108/2108
f 2108/2108/2108 2077/2077/2077 2109/2109/2109
f 2077/2077/2077 2078/2078/2078 2109/2109/2109
f 2109/2109/2109 2078/2078/2078 2110/2110/2110
f 2078/2078/2078 2079/2079/2079 2110/2110/2110
f 2110/2110/2110 2079/2079/2079 2111/2111/2111
f 2079/2079/2079 2080/2080/2080 2111/2111/2111
f 2111/2111/2111 2080/2080/2080 2112/2112/2112
f 2080/2080/2080 2081/2081/2081 2112/2112/2112
f 2112/2112/2112 2081/2081/2081 2113/2113/2113
f 2081/2081/2081 2082/2082/2082 2113/2113/2113
f 2113/2113/2113 2082/2082/2082 2114/2114/2114
f 2082/2082/2082 2083/2083/2083 2114/2114/2114
f 2114/2114/2114 2083/2083/2083 2115/2115/2115
f 2083/2083/2083 2084/2084/2084 2115/2115/2115
f 2115/2115/2115 2084/2084/2084 2116/2116/2116
f 2084/2084/2084 2085/2085/2085 2116/2116/2116
f 2116/2116/2116 2085/2085/2085 2117/2117/2117
f 2085/2085/2085 2086/2086/2086 2117/2117/2117
f 2117/2117/2117 2086/2086/2086 2118/2118/2118
f 2086/2086/2086 2087/2087/2087 2118/2118/2118
f 2118/2118/2118 2087/2087/2087 2119/2119/2119
f 2087/2087/2087 2088/2088/2088 2119/2119/2119
f 2119/2119/2119 2088/2088/2088 2120/2120/2120
f 2088/2088/2088 2089/2089/2089 2120/2120/2120
f 2121/2121/2121 2090/2090/2090 2122/2122/2122
f 2090/2090/2090 2091/2091/2091 2122/2122/2122
f 2122/2122/2122 2091/2091/2091 2123/2123/2123
f 2091/2091/2091 2092/2092/2092 2123/2123/2123
f 2123/2123/2123 2092/2092/2092 2124/2124/2124
f 2092/2092/2092 2093/2093/2093 2124/2124/2124
f 2124/2124/2124 2093/2093/2093 2125/2125/2125
f 2093/2093/2093 2094/2094/2094 2125/2125/2125
f 2125/2125/2125 2094/2094/2094 2126/2126/2126
f 2094/2094/2094 2095/2095/2095 2126/2126/2126
f 2126/2126/2126 2095/2095/2095 2127/2127/2127
f 2095/2095/2095 2096/2096/2096 2127/2127/2127
f 2127/2127/2127 2096/2096/2096 2128/2128/2128
f 2096/2096/2096 2097/2097/2097 2128/2128/2128
f 2128/2128/2128 2097/2097/2097 2129/2129/2129
f 2097/2097/2097 2098/2098/2098 2129/2129/2129
f 2129/2129/2129 2098/2098/2098 2130/2130/2130
f 2098/2098/2098 2099/2099/2099 2130/2130/2130
f 2130/2130/2130 2099/2099/2099 2131/2131/2131
f 2099/2099/2099 2100/2100/2100 2131/2131/2131
f 2131/2131/2131 2100/2100/2100 2132/2132/2132
f 2100/2100/2100 2101/2101/2101 2132/2132/2132
f 2132/2132/2132 2101/2101/2101 2133/2133/2133
f 2101/2101/2101 2102/2102/2102 2133/2133/2133
f 2133/2133/2133 2102/2102/2102 2134/2134/2134
f 2102/2102/2102 2103/2103/2103 2134/2134/2134
f 2134/2134/2134 2103/2103/2103 2135/2135/2135
f 2103/2103/2103 2104/2104/2104 2135/2135/2135
f 2135/2135/2135 2104/2104/2104 2136/2136/2136
f 2104/2104/2104 2105/2105/2105 2136/2136/2136
f 2136/2136/2136 2105/2105/2105 2137/2137/2137
f 2105/2105/2105 2106/2106/2106 2137/2137/2137
f 2137/2137/2137 2106/2106/2106 2138/2138/2138
f 2106/2106/2106 2107/2107/2107 2138/2138/2138
f 2138/2138/2138 2107/2107/2107 2139/2139/2139
f 2107/2107/2107 2108/2108/2108 2139/2139/2139
f 2139/2139/2139 2108/2108/2108 2140/2140/2140
f 2108/2108/2108 2109/2109/2109 2140/2140/2140
f 2140/2140/2140 2109/2109/2109 2141/2141/2141
f 2109/2109/2109 2110/2110/2110 2141/2141/2141
f 2141/2141/2141 2110/2110/2110 2142/2142/2142
f 2110/2110/2110 2111/2111/2111 2142/2142/2142
f 2142/2142/2142 2111/2111/2111 2143/2143/2143
f 2111/2111/2111 2112/2112/2112 2143/2143/2143
f 2143/2143/2143 2112/2112/2112 2144/2144/2144
f 2112/2112/2112 2113/2113/2113 2144/2144/2144
f 2144/2144/2144 2113/2113/2113 2145/2145/2145
f 2113/2113/2113 2114/2114/2114 2145/2145/2145
f 2145/2145/2145 2114/2114/2114 2146/2146/2146
f 2114/2114/2114 2115/2115/2115 2146/2146/2146
f 2146/2146/2146 2115/2115/2115 2147/2147/2147
f 2115/2115/2115 2116/2116/2116 2147/2147/2147
f 2147/2147/2147 2116/2116/2116 2148/2148/2148
f 2116/2116/2116 2117/2117/2117 2148/2148/2148
f 2148/2148/2148 2117/2117/2117 2149/2149/2149
f 2117/2117/2117 2118/2118/2118 2149/2149/2149
f 2149/2149/2149 2118/2118/2118 2150/2150/2150
f 2118/2118/2118 2119/2119/2119 2150/2150/2150
f 2150/2150/2150 2119/2119/2119 2151/2151/2151
f 2119/2119/2119 2120/2120/2120 2151/2151/2151
o wrap_fore_b
usemtl sinew_wrap
v 0.009399999864399433 0.03323401757780284 0.2639999995082617
v 0.009194587357342243 0.035188387523254455 0.2639999995082617
v 0.008587326854467392 0.037057341917267145 0.2639999995082617
v 0.007604759652167559 0.038759199113434256 0.2639999995082617
v 0.006289827637374401 0.040219579034334124 0.2639999995082617
v 0.004699999932199717 0.04137465604845256 0.2639999995082617
v 0.002904759719967842 0.0421739487469551 0.2639999995082617
v 0.0009825675515457988 0.04258252368572921 0.2639999995082617
v -0.0009825675515457988 0.04258252368572921 0.2639999995082617
v -0.002904759719967842 0.0421739487469551 0.2639999995082617
v -0.004699999932199717 0.04137465604845256 0.2639999995082617
v -0.006289827637374401 0.040219579034334124 0.2639999995082617
v -0.007604759652167559 0.038759199113434256 0.2639999995082617
v -0.008587326854467392 0.037057341917267145 0.2639999995082617
v -0.009194587357342243 0.035188387523254455 0.2639999995082617
v -0.009399999864399433 0.03323401757780284 0.2639999995082617
v -0.009194587357342243 0.03127964763235122 0.2639999995082617
v -0.008587326854467392 0.02941069323833853 0.2639999995082617
v -0.007604759652167559 0.02770883604217142 0.2639999995082617
v -0.006289827637374401 0.02624845612127155 0.2639999995082617
v -0.004699999932199717 0.02509337910715312 0.2639999995082617
v -0.002904759719967842 0.024294086408650578 0.2639999995082617
v -0.0009825675515457988 0.02388551146987647 0.2639999995082617
v 0.0009825675515457988 0.02388551146987647 0.2639999995082617
v 0.002904759719967842 0.024294086408650578 0.2639999995082617
v 0.004699999932199717 0.02509337910715312 0.2639999995082617
v 0.006289827637374401 0.02624845612127155 0.2639999995082617
v 0.007604759652167559 0.02770883604217142 0.2639999995082617
v 0.008587326854467392 0.02941069323833853 0.2639999995082617
v 0.009194587357342243 0.03127964763235122 0.2639999995082617
v 0.009399999864399433 0.03323401757780284 0.2639999995082617
v 0.009037132374942303 0.03323401757780284 0.2651167914811522
v 0.008839649148285389 0.035112943060545326 0.2651167914811522
v 0.008255830965936184 0.03690975033942431 0.2651167914811522
v 0.007311193738132715 0.03854591087702483 0.2651167914811522
v 0.006047021597623825 0.03994991551417679 0.2651167914811522
v 0.004518566187471151 0.041060403597390355 0.2651167914811522
v 0.002792627550661564 0.041828841578995885 0.2651167914811522
v 0.0009446375770494342 0.042221643638646306 0.2651167914811522
v -0.0009446375770494342 0.042221643638646306 0.2651167914811522
v -0.002792627550661564 0.041828841578995885 0.2651167914811522
v -0.004518566187471151 0.041060403597390355 0.2651167914811522
v -0.006047021597623825 0.03994991551417679 0.2651167914811522
v -0.007311193738132715 0.03854591087702483 0.2651167914811522
v -0.008255830965936184 0.03690975033942431 0.2651167914811522
v -0.008839649148285389 0.035112943060545326 0.2651167914811522
v -0.009037132374942303 0.03323401757780284 0.2651167914811522
v -0.008839649148285389 0.03135509209506035 0.2651167914811522
v -0.008255830965936184 0.029558284816181363 0.2651167914811522
v -0.007311193738132715 0.027922124278580845 0.2651167914811522
v -0.006047021597623825 0.02651811964142889 0.2651167914811522
v -0.004518566187471151 0.02540763155821532 0.2651167914811522
v -0.002792627550661564 0.02463919357660979 0.2651167914811522
v -0.0009446375770494342 0.02424639151695937 0.2651167914811522
v 0.0009446375770494342 0.02424639151695937 0.2651167914811522
v 0.002792627550661564 0.02463919357660979 0.2651167914811522
v 0.004518566187471151 0.02540763155821532 0.2651167914811522
v 0.006047021597623825 0.02651811964142889 0.2651167914811522
v 0.007311193738132715 0.027922124278580845 0.2651167914811522
v 0.008255830965936184 0.029558284816181363 0.2651167914811522
v 0.008839649148285389 0.03135509209506035 0.2651167914811522
v 0.009037132374942303 0.03323401757780284 0.2651167914811522
v 0.00808713212609291 0.03323401757780284 0.2658070068648085
v 0.00791040901094675 0.034915426888352336 0.2658070068648085
v 0.007387963123619556 0.036523350656813086 0.2658070068648085
v 0.0065426272340118885 0.03798751454133362 0.2658070068648085
v 0.0054113478399813175 0.03924392829913467 0.2658070068648085
v 0.004043566063046455 0.04023767975423306 0.2658070068648085
v 0.0024990614037960768 0.04092533760968417 0.2658070068648085
v 0.0008453354821540415 0.041276847620343865 0.2658070068648085
v -0.0008453354821540415 0.041276847620343865 0.2658070068648085
v -0.0024990614037960768 0.04092533760968417 0.2658070068648085
v -0.004043566063046455 0.04023767975423306 0.2658070068648085
v -0.0054113478399813175 0.03924392829913467 0.2658070068648085
v -0.0065426272340118885 0.03798751454133362 0.2658070068648085
v -0.007387963123619556 0.036523350656813086 0.2658070068648085
v -0.00791040901094675 0.034915426888352336 0.2658070068648085
v -0.00808713212609291 0.03323401757780284 0.2658070068648085
v -0.00791040901094675 0.03155260826725334 0.2658070068648085
v -0.007387963123619556 0.02994468449879259 0.2658070068648085
v -0.0065426272340118885 0.02848052061427206 0.2658070068648085
v -0.0054113478399813175 0.027224106856471003 0.2658070068648085
v -0.004043566063046455 0.026230355401372613 0.2658070068648085
v -0.0024990614037960768 0.025542697545921506 0.2658070068648085
v -0.0008453354821540415 0.02519118753526181 0.2658070068648085
v 0.0008453354821540415 0.02519118753526181 0.2658070068648085
v 0.0024990614037960768 0.025542697545921506 0.2658070068648085
v 0.004043566063046455 0.026230355401372613 0.2658070068648085
v 0.0054113478399813175 0.027224106856471003 0.2658070068648085
v 0.0065426272340118885 0.02848052061427206 0.2658070068648085
v 0.007387963123619556 0.02994468449879259 0.2658070068648085
v 0.00791040901094675 0.03155260826725334 0.2658070068648085
v 0.00808713212609291 0.03323401757780284 0.2658070068648085
v 0.006912867538630962 0.03323401757780284 0.2658070068648085
v 0.0067618051543831825 0.034671283585799934 0.2658070068648085
v 0.00631521875038743 0.03604573421444565 0.2658070068648085
v 0.005592627450823784 0.037297299274092616 0.2658070068648085
v 0.00462561147287488 0.03837127951238126 0.2658070068648085
v 0.003456433769315481 0.0392207365043816 0.2658070068648085
v 0.0021361936815083027 0.03980854540396303 0.2658070068648085
v 0.0007225914159789681 0.040109015677904786 0.2658070068648085
v -0.0007225914159789681 0.040109015677904786 0.2658070068648085
v -0.0021361936815083027 0.03980854540396303 0.2658070068648085
v -0.003456433769315481 0.0392207365043816 0.2658070068648085
v -0.00462561147287488 0.03837127951238126 0.2658070068648085
v -0.005592627450823784 0.037297299274092616 0.2658070068648085
v -0.00631521875038743 0.03604573421444565 0.2658070068648085
v -0.0067618051543831825 0.034671283585799934 0.2658070068648085
v -0.006912867538630962 0.03323401757780284 0.2658070068648085
v -0.0067618051543831825 0.03179675156980574 0.2658070068648085
v -0.00631521875038743 0.030422300941160024 0.2658070068648085
v -0.005592627450823784 0.02917073588151306 0.2658070068648085
v -0.00462561147287488 0.02809675564322442 0.2658070068648085
v -0.003456433769315481 0.027247298651224078 0.2658070068648085
v -0.0021361936815083027 0.026659489751642645 0.2658070068648085
v -0.0007225914159789681 0.02635901947770089 0.2658070068648085
v 0.0007225914159789681 0.02635901947770089 0.2658070068648085
v 0.0021361936815083027 0.026659489751642645 0.2658070068648085
v 0.003456433769315481 0.027247298651224078 0.2658070068648085
v 0.00462561147287488 0.02809675564322442 0.2658070068648085
v 0.005592627450823784 0.02917073588151306 0.2658070068648085
v 0.00631521875038743 0.030422300941160024 0.2658070068648085
v 0.0067618051543831825 0.03179675156980574 0.2658070068648085
v 0.006912867538630962 0.03323401757780284 0.2658070068648085
v 0.005962867755442858 0.03323401757780284 0.2651167914811522
v 0.005832564551383257 0.034473767530022265 0.2651167914811522
v 0.005447350908070803 0.03565933429900378 0.2651167914811522
v 0.0048240614123642445 0.036738903171232046 0.2651167914811522
v 0.003989937249571085 0.037665291831677855 0.2651167914811522
v 0.002981433877721429 0.03839801266122431 0.2651167914811522
v 0.0018426274182274938 0.038905041900312604 0.2651167914811522
v 0.0006232893792912364 0.03916422012526363 0.2651167914811522
v -0.0006232893792912364 0.03916422012526363 0.2651167914811522
v -0.0018426274182274938 0.038905041900312604 0.2651167914811522
v -0.002981433877721429 0.03839801266122431 0.2651167914811522
v -0.003989937249571085 0.037665291831677855 0.2651167914811522
v -0.0048240614123642445 0.036738903171232046 0.2651167914811522
v -0.005447350908070803 0.03565933429900378 0.2651167914811522
v -0.005832564551383257 0.034473767530022265 0.2651167914811522
v -0.005962867755442858 0.03323401757780284 0.2651167914811522
v -0.005832564551383257 0.03199426762558341 0.2651167914811522
v -0.005447350908070803 0.030808700856601895 0.2651167914811522
v -0.0048240614123642445 0.02972913198437363 0.2651167914811522
v -0.003989937249571085 0.02880274332392782 0.2651167914811522
v -0.002981433877721429 0.02807002249438137 0.2651167914811522
v -0.0018426274182274938 0.027562993255293072 0.2651167914811522
v -0.0006232893792912364 0.027303815030342043 0.2651167914811522
v 0.0006232893792912364 0.027303815030342043 0.2651167914811522
v 0.0018426274182274938 0.027562993255293072 0.2651167914811522
v 0.002981433877721429 0.02807002249438137 0.2651167914811522
v 0.003989937249571085 0.02880274332392782 0.2651167914811522
v 0.0048240614123642445 0.02972913198437363 0.2651167914811522
v 0.005447350908070803 0.030808700856601895 0.2651167914811522
v 0.005832564551383257 0.03199426762558341 0.2651167914811522
v 0.005962867755442858 0.03323401757780284 0.2651167914811522
v 0.00559999980032444 0.03323401757780284 0.2639999995082617
v 0.005477626342326403 0.034398323067313136 0.2639999995082617
v 0.005115854553878307 0.03551174272116095 0.2639999995082617
v 0.004530495032668114 0.03652561493482262 0.2639999995082617
v 0.0037471314426511526 0.037395628777181805 0.2639999995082617
v 0.00279999990016222 0.03808375974450082 0.2639999995082617
v 0.0017304951325058937 0.0385599342666921 0.2639999995082617
v 0.0005853594047948718 0.03880334007818073 0.2639999995082617
v -0.0005853594047948718 0.03880334007818073 0.2639999995082617
v -0.0017304951325058937 0.0385599342666921 0.2639999995082617
v -0.00279999990016222 0.03808375974450082 0.2639999995082617
v -0.0037471314426511526 0.037395628777181805 0.2639999995082617
v -0.004530495032668114 0.03652561493482262 0.2639999995082617
v -0.005115854553878307 0.03551174272116095 0.2639999995082617
v -0.005477626342326403 0.034398323067313136 0.2639999995082617
v -0.00559999980032444 0.03323401757780284 0.2639999995082617
v -0.005477626342326403 0.03206971208829254 0.2639999995082617
v -0.005115854553878307 0.030956292434444727 0.2639999995082617
v -0.004530495032668114 0.029942420220783056 0.2639999995082617
v -0.0037471314426511526 0.02907240637842387 0.2639999995082617
v -0.00279999990016222 0.02838427541110486 0.2639999995082617
v -0.0017304951325058937 0.027908100888913573 0.2639999995082617
v -0.0005853594047948718 0.027664695077424944 0.2639999995082617
v 0.0005853594047948718 0.027664695077424944 0.2639999995082617
v 0.0017304951325058937 0.027908100888913573 0.2639999995082617
v 0.00279999990016222 0.02838427541110486 0.2639999995082617
v 0.0037471314426511526 0.02907240637842387 0.2639999995082617
v 0.004530495032668114 0.029942420220783056 0.2639999995082617
v 0.005115854553878307 0.030956292434444727 0.2639999995082617
v 0.005477626342326403 0.03206971208829254 0.2639999995082617
v 0.00559999980032444 0.03323401757780284 0.2639999995082617
v 0.005962867755442858 0.03323401757780284 0.2628832075353712
v 0.005832564551383257 0.034473767530022265 0.2628832075353712
v 0.005447350908070803 0.03565933429900378 0.2628832075353712
v 0.0048240614123642445 0.036738903171232046 0.2628832075353712
v 0.003989937249571085 0.037665291831677855 0.2628832075353712
v 0.002981433877721429 0.03839801266122431 0.2628832075353712
v 0.0018426274182274938 0.038905041900312604 0.2628832075353712
v 0.0006232893792912364 0.03916422012526363 0.2628832075353712
v -0.0006232893792912364 0.03916422012526363 0.2628832075353712
v -0.0018426274182274938 0.038905041900312604 0.2628832075353712
v -0.002981433877721429 0.03839801266122431 0.2628832075353712
v -0.003989937249571085 0.037665291831677855 0.2628832075353712
v -0.0048240614123642445 0.036738903171232046 0.2628832075353712
v -0.005447350908070803 0.03565933429900378 0.2628832075353712
v -0.005832564551383257 0.034473767530022265 0.2628832075353712
v -0.005962867755442858 0.03323401757780284 0.2628832075353712
v -0.005832564551383257 0.03199426762558341 0.2628832075353712
v -0.005447350908070803 0.030808700856601895 0.2628832075353712
v -0.0048240614123642445 0.02972913198437363 0.2628832075353712
v -0.003989937249571085 0.02880274332392782 0.2628832075353712
v -0.002981433877721429 0.02807002249438137 0.2628832075353712
v -0.0018426274182274938 0.027562993255293072 0.2628832075353712
v -0.0006232893792912364 0.027303815030342043 0.2628832075353712
v 0.0006232893792912364 0.027303815030342043 0.2628832075353712
v 0.0018426274182274938 0.027562993255293072 0.2628832075353712
v 0.002981433877721429 0.02807002249438137 0.2628832075353712
v 0.003989937249571085 0.02880274332392782 0.2628832075353712
v 0.0048240614123642445 0.02972913198437363 0.2628832075353712
v 0.005447350908070803 0.030808700856601895 0.2628832075353712
v 0.005832564551383257 0.03199426762558341 0.2628832075353712
v 0.005962867755442858 0.03323401757780284 0.2628832075353712
v 0.006912867538630962 0.03323401757780284 0.2621929921517149
v 0.0067618051543831825 0.034671283585799934 0.2621929921517149
v 0.00631521875038743 0.03604573421444565 0.2621929921517149
v 0.005592627450823784 0.037297299274092616 0.2621929921517149
v 0.00462561147287488 0.03837127951238126 0.2621929921517149
v 0.003456433769315481 0.0392207365043816 0.2621929921517149
v 0.0021361936815083027 0.03980854540396303 0.2621929921517149
v 0.0007225914159789681 0.040109015677904786 0.2621929921517149
v -0.0007225914159789681 0.040109015677904786 0.2621929921517149
v -0.0021361936815083027 0.03980854540396303 0.2621929921517149
v -0.003456433769315481 0.0392207365043816 0.2621929921517149
v -0.00462561147287488 0.03837127951238126 0.2621929921517149
v -0.005592627450823784 0.037297299274092616 0.2621929921517149
v -0.00631521875038743 0.03604573421444565 0.2621929921517149
v -0.0067618051543831825 0.034671283585799934 0.2621929921517149
v -0.006912867538630962 0.03323401757780284 0.2621929921517149
v -0.0067618051543831825 0.03179675156980574 0.2621929921517149
v -0.00631521875038743 0.030422300941160024 0.2621929921517149
v -0.005592627450823784 0.02917073588151306 0.2621929921517149
v -0.00462561147287488 0.02809675564322442 0.2621929921517149
v -0.003456433769315481 0.027247298651224078 0.2621929921517149
v -0.0021361936815083027 0.026659489751642645 0.2621929921517149
v -0.0007225914159789681 0.02635901947770089 0.2621929921517149
v 0.0007225914159789681 0.02635901947770089 0.2621929921517149
v 0.0021361936815083027 0.026659489751642645 0.2621929921517149
v 0.003456433769315481 0.027247298651224078 0.2621929921517149
v 0.00462561147287488 0.02809675564322442 0.2621929921517149
v 0.005592627450823784 0.02917073588151306 0.2621929921517149
v 0.00631521875038743 0.030422300941160024 0.2621929921517149
v 0.0067618051543831825 0.03179675156980574 0.2621929921517149
v 0.006912867538630962 0.03323401757780284 0.2621929921517149
v 0.00808713212609291 0.03323401757780284 0.2621929921517149
v 0.00791040901094675 0.034915426888352336 0.2621929921517149
v 0.007387963123619556 0.036523350656813086 0.2621929921517149
v 0.0065426272340118885 0.03798751454133362 0.2621929921517149
v 0.0054113478399813175 0.03924392829913467 0.2621929921517149
v 0.004043566063046455 0.04023767975423306 0.2621929921517149
v 0.0024990614037960768 0.04092533760968417 0.2621929921517149
v 0.0008453354821540415 0.041276847620343865 0.2621929921517149
v -0.0008453354821540415 0.041276847620343865 0.2621929921517149
v -0.0024990614037960768 0.04092533760968417 0.2621929921517149
v -0.004043566063046455 0.04023767975423306 0.2621929921517149
v -0.0054113478399813175 0.03924392829913467 0.2621929921517149
v -0.0065426272340118885 0.03798751454133362 0.2621929921517149
v -0.007387963123619556 0.036523350656813086 0.2621929921517149
v -0.00791040901094675 0.034915426888352336 0.2621929921517149
v -0.00808713212609291 0.03323401757780284 0.2621929921517149
v -0.00791040901094675 0.03155260826725334 0.2621929921517149
v -0.007387963123619556 0.02994468449879259 0.2621929921517149
v -0.0065426272340118885 0.02848052061427206 0.2621929921517149
v -0.0054113478399813175 0.027224106856471003 0.2621929921517149
v -0.004043566063046455 0.026230355401372613 0.2621929921517149
v -0.0024990614037960768 0.025542697545921506 0.2621929921517149
v -0.0008453354821540415 0.02519118753526181 0.2621929921517149
v 0.0008453354821540415 0.02519118753526181 0.2621929921517149
v 0.0024990614037960768 0.025542697545921506 0.2621929921517149
v 0.004043566063046455 0.026230355401372613 0.2621929921517149
v 0.0054113478399813175 0.027224106856471003 0.2621929921517149
v 0.0065426272340118885 0.02848052061427206 0.2621929921517149
v 0.007387963123619556 0.02994468449879259 0.2621929921517149
v 0.00791040901094675 0.03155260826725334 0.2621929921517149
v 0.00808713212609291 0.03323401757780284 0.2621929921517149
v 0.009037132374942303 0.03323401757780284 0.2628832075353712
v 0.008839649148285389 0.035112943060545326 0.2628832075353712
v 0.008255830965936184 0.03690975033942431 0.2628832075353712
v 0.007311193738132715 0.03854591087702483 0.2628832075353712
v 0.006047021597623825 0.03994991551417679 0.2628832075353712
v 0.004518566187471151 0.041060403597390355 0.2628832075353712
v 0.002792627550661564 0.041828841578995885 0.2628832075353712
v 0.0009446375770494342 0.042221643638646306 0.2628832075353712
v -0.0009446375770494342 0.042221643638646306 0.2628832075353712
v -0.002792627550661564 0.041828841578995885 0.2628832075353712
v -0.004518566187471151 0.041060403597390355 0.2628832075353712
v -0.006047021597623825 0.03994991551417679 0.2628832075353712
v -0.007311193738132715 0.03854591087702483 0.2628832075353712
v -0.008255830965936184 0.03690975033942431 0.2628832075353712
v -0.008839649148285389 0.035112943060545326 0.2628832075353712
v -0.009037132374942303 0.03323401757780284 0.2628832075353712
v -0.008839649148285389 0.03135509209506035 0.2628832075353712
v -0.008255830965936184 0.029558284816181363 0.2628832075353712
v -0.007311193738132715 0.027922124278580845 0.2628832075353712
v -0.006047021597623825 0.02651811964142889 0.2628832075353712
v -0.004518566187471151 0.02540763155821532 0.2628832075353712
v -0.002792627550661564 0.02463919357660979 0.2628832075353712
v -0.0009446375770494342 0.02424639151695937 0.2628832075353712
v 0.0009446375770494342 0.02424639151695937 0.2628832075353712
v 0.002792627550661564 0.02463919357660979 0.2628832075353712
v 0.004518566187471151 0.02540763155821532 0.2628832075353712
v 0.006047021597623825 0.02651811964142889 0.2628832075353712
v 0.007311193738132715 0.027922124278580845 0.2628832075353712
v 0.008255830965936184 0.029558284816181363 0.2628832075353712
v 0.008839649148285389 0.03135509209506035 0.2628832075353712
v 0.009037132374942303 0.03323401757780284 0.2628832075353712
v 0.009399999864399433 0.03323401757780284 0.2639999995082617
v 0.009194587357342243 0.035188387523254455 0.2639999995082617
v 0.008587326854467392 0.037057341917267145 0.2639999995082617
v 0.007604759652167559 0.038759199113434256 0.2639999995082617
v 0.006289827637374401 0.040219579034334124 0.2639999995082617
v 0.004699999932199717 0.04137465604845256 0.2639999995082617
v 0.002904759719967842 0.0421739487469551 0.2639999995082617
v 0.0009825675515457988 0.04258252368572921 0.2639999995082617
v -0.0009825675515457988 0.04258252368572921 0.2639999995082617
v -0.002904759719967842 0.0421739487469551 0.2639999995082617
v -0.004699999932199717 0.04137465604845256 0.2639999995082617
v -0.006289827637374401 0.040219579034334124 0.2639999995082617
v -0.007604759652167559 0.038759199113434256 0.2639999995082617
v -0.008587326854467392 0.037057341917267145 0.2639999995082617
v -0.009194587357342243 0.035188387523254455 0.2639999995082617
v -0.009399999864399433 0.03323401757780284 0.2639999995082617
v -0.009194587357342243 0.03127964763235122 0.2639999995082617
v -0.008587326854467392 0.02941069323833853 0.2639999995082617
v -0.007604759652167559 0.02770883604217142 0.2639999995082617
v -0.006289827637374401 0.02624845612127155 0.2639999995082617
v -0.004699999932199717 0.02509337910715312 0.2639999995082617
v -0.002904759719967842 0.024294086408650578 0.2639999995082617
v -0.0009825675515457988 0.02388551146987647 0.2639999995082617
v 0.0009825675515457988 0.02388551146987647 0.2639999995082617
v 0.002904759719967842 0.024294086408650578 0.2639999995082617
v 0.004699999932199717 0.02509337910715312 0.2639999995082617
v 0.006289827637374401 0.02624845612127155 0.2639999995082617
v 0.007604759652167559 0.02770883604217142 0.2639999995082617
v 0.008587326854467392 0.02941069323833853 0.2639999995082617
v 0.009194587357342243 0.03127964763235122 0.2639999995082617
v 0.009399999864399433 0.03323401757780284 0.2639999995082617
vt 0 0
vt 0.03333333507180214 0
vt 0.06666667014360428 0
vt 0.10000000149011612 0
vt 0.13333334028720856 0
vt 0.1666666716337204 0
vt 0.20000000298023224 0
vt 0.23333333432674408 0
vt 0.2666666805744171 0
vt 0.30000001192092896 0
vt 0.3333333432674408 0
vt 0.36666667461395264 0
vt 0.4000000059604645 0
vt 0.4333333373069763 0
vt 0.46666666865348816 0
vt 0.5 0
vt 0.5333333611488342 0
vt 0.5666666626930237 0
vt 0.6000000238418579 0
vt 0.6333333253860474 0
vt 0.6666666865348816 0
vt 0.699999988079071 0
vt 0.7333333492279053 0
vt 0.7666666507720947 0
vt 0.800000011920929 0
vt 0.8333333134651184 0
vt 0.8666666746139526 0
vt 0.8999999761581421 0
vt 0.9333333373069763 0
vt 0.9666666388511658 0
vt 1 0
vt 0 0.10000000149011612
vt 0.03333333507180214 0.10000000149011612
vt 0.06666667014360428 0.10000000149011612
vt 0.10000000149011612 0.10000000149011612
vt 0.13333334028720856 0.10000000149011612
vt 0.1666666716337204 0.10000000149011612
vt 0.20000000298023224 0.10000000149011612
vt 0.23333333432674408 0.10000000149011612
vt 0.2666666805744171 0.10000000149011612
vt 0.30000001192092896 0.10000000149011612
vt 0.3333333432674408 0.10000000149011612
vt 0.36666667461395264 0.10000000149011612
vt 0.4000000059604645 0.10000000149011612
vt 0.4333333373069763 0.10000000149011612
vt 0.46666666865348816 0.10000000149011612
vt 0.5 0.10000000149011612
vt 0.5333333611488342 0.10000000149011612
vt 0.5666666626930237 0.10000000149011612
vt 0.6000000238418579 0.10000000149011612
vt 0.6333333253860474 0.10000000149011612
vt 0.6666666865348816 0.10000000149011612
vt 0.699999988079071 0.10000000149011612
vt 0.7333333492279053 0.10000000149011612
vt 0.7666666507720947 0.10000000149011612
vt 0.800000011920929 0.10000000149011612
vt 0.8333333134651184 0.10000000149011612
vt 0.8666666746139526 0.10000000149011612
vt 0.8999999761581421 0.10000000149011612
vt 0.9333333373069763 0.10000000149011612
vt 0.9666666388511658 0.10000000149011612
vt 1 0.10000000149011612
vt 0 0.20000000298023224
vt 0.03333333507180214 0.20000000298023224
vt 0.06666667014360428 0.20000000298023224
vt 0.10000000149011612 0.20000000298023224
vt 0.13333334028720856 0.20000000298023224
vt 0.1666666716337204 0.20000000298023224
vt 0.20000000298023224 0.20000000298023224
vt 0.23333333432674408 0.20000000298023224
vt 0.2666666805744171 0.20000000298023224
vt 0.30000001192092896 0.20000000298023224
vt 0.3333333432674408 0.20000000298023224
vt 0.36666667461395264 0.20000000298023224
vt 0.4000000059604645 0.20000000298023224
vt 0.4333333373069763 0.20000000298023224
vt 0.46666666865348816 0.20000000298023224
vt 0.5 0.20000000298023224
vt 0.5333333611488342 0.20000000298023224
vt 0.5666666626930237 0.20000000298023224
vt 0.6000000238418579 0.20000000298023224
vt 0.6333333253860474 0.20000000298023224
vt 0.6666666865348816 0.20000000298023224
vt 0.699999988079071 0.20000000298023224
vt 0.7333333492279053 0.20000000298023224
vt 0.7666666507720947 0.20000000298023224
vt 0.800000011920929 0.20000000298023224
vt 0.8333333134651184 0.20000000298023224
vt 0.8666666746139526 0.20000000298023224
vt 0.8999999761581421 0.20000000298023224
vt 0.9333333373069763 0.20000000298023224
vt 0.9666666388511658 0.20000000298023224
vt 1 0.20000000298023224
vt 0 0.30000001192092896
vt 0.03333333507180214 0.30000001192092896
vt 0.06666667014360428 0.30000001192092896
vt 0.10000000149011612 0.30000001192092896
vt 0.13333334028720856 0.30000001192092896
vt 0.1666666716337204 0.30000001192092896
vt 0.20000000298023224 0.30000001192092896
vt 0.23333333432674408 0.30000001192092896
vt 0.2666666805744171 0.30000001192092896
vt 0.30000001192092896 0.30000001192092896
vt 0.3333333432674408 0.30000001192092896
vt 0.36666667461395264 0.30000001192092896
vt 0.4000000059604645 0.30000001192092896
vt 0.4333333373069763 0.30000001192092896
vt 0.46666666865348816 0.30000001192092896
vt 0.5 0.30000001192092896
vt 0.5333333611488342 0.30000001192092896
vt 0.5666666626930237 0.30000001192092896
vt 0.6000000238418579 0.30000001192092896
vt 0.6333333253860474 0.30000001192092896
vt 0.6666666865348816 0.30000001192092896
vt 0.699999988079071 0.30000001192092896
vt 0.7333333492279053 0.30000001192092896
vt 0.7666666507720947 0.30000001192092896
vt 0.800000011920929 0.30000001192092896
vt 0.8333333134651184 0.30000001192092896
vt 0.8666666746139526 0.30000001192092896
vt 0.8999999761581421 0.30000001192092896
vt 0.9333333373069763 0.30000001192092896
vt 0.9666666388511658 0.30000001192092896
vt 1 0.30000001192092896
vt 0 0.4000000059604645
vt 0.03333333507180214 0.4000000059604645
vt 0.06666667014360428 0.4000000059604645
vt 0.10000000149011612 0.4000000059604645
vt 0.13333334028720856 0.4000000059604645
vt 0.1666666716337204 0.4000000059604645
vt 0.20000000298023224 0.4000000059604645
vt 0.23333333432674408 0.4000000059604645
vt 0.2666666805744171 0.4000000059604645
vt 0.30000001192092896 0.4000000059604645
vt 0.3333333432674408 0.4000000059604645
vt 0.36666667461395264 0.4000000059604645
vt 0.4000000059604645 0.4000000059604645
vt 0.4333333373069763 0.4000000059604645
vt 0.46666666865348816 0.4000000059604645
vt 0.5 0.4000000059604645
vt 0.5333333611488342 0.4000000059604645
vt 0.5666666626930237 0.4000000059604645
vt 0.6000000238418579 0.4000000059604645
vt 0.6333333253860474 0.4000000059604645
vt 0.6666666865348816 0.4000000059604645
vt 0.699999988079071 0.4000000059604645
vt 0.7333333492279053 0.4000000059604645
vt 0.7666666507720947 0.4000000059604645
vt 0.800000011920929 0.4000000059604645
vt 0.8333333134651184 0.4000000059604645
vt 0.8666666746139526 0.4000000059604645
vt 0.8999999761581421 0.4000000059604645
vt 0.9333333373069763 0.4000000059604645
vt 0.9666666388511658 0.4000000059604645
vt 1 0.4000000059604645
vt 0 0.5
vt 0.03333333507180214 0.5
vt 0.06666667014360428 0.5
vt 0.10000000149011612 0.5
vt 0.13333334028720856 0.5
vt 0.1666666716337204 0.5
vt 0.20000000298023224 0.5
vt 0.23333333432674408 0.5
vt 0.2666666805744171 0.5
vt 0.30000001192092896 0.5
vt 0.3333333432674408 0.5
vt 0.36666667461395264 0.5
vt 0.4000000059604645 0.5
vt 0.4333333373069763 0.5
vt 0.46666666865348816 0.5
vt 0.5 0.5
vt 0.5333333611488342 0.5
vt 0.5666666626930237 0.5
vt 0.6000000238418579 0.5
vt 0.6333333253860474 0.5
vt 0.6666666865348816 0.5
vt 0.699999988079071 0.5
vt 0.7333333492279053 0.5
vt 0.7666666507720947 0.5
vt 0.800000011920929 0.5
vt 0.8333333134651184 0.5
vt 0.8666666746139526 0.5
vt 0.8999999761581421 0.5
vt 0.9333333373069763 0.5
vt 0.9666666388511658 0.5
vt 1 0.5
vt 0 0.6000000238418579
vt 0.03333333507180214 0.6000000238418579
vt 0.06666667014360428 0.6000000238418579
vt 0.10000000149011612 0.6000000238418579
vt 0.13333334028720856 0.6000000238418579
vt 0.1666666716337204 0.6000000238418579
vt 0.20000000298023224 0.6000000238418579
vt 0.23333333432674408 0.6000000238418579
vt 0.2666666805744171 0.6000000238418579
vt 0.30000001192092896 0.6000000238418579
vt 0.3333333432674408 0.6000000238418579
vt 0.36666667461395264 0.6000000238418579
vt 0.4000000059604645 0.6000000238418579
vt 0.4333333373069763 0.6000000238418579
vt 0.46666666865348816 0.6000000238418579
vt 0.5 0.6000000238418579
vt 0.5333333611488342 0.6000000238418579
vt 0.5666666626930237 0.6000000238418579
vt 0.6000000238418579 0.6000000238418579
vt 0.6333333253860474 0.6000000238418579
vt 0.6666666865348816 0.6000000238418579
vt 0.699999988079071 0.6000000238418579
vt 0.7333333492279053 0.6000000238418579
vt 0.7666666507720947 0.6000000238418579
vt 0.800000011920929 0.6000000238418579
vt 0.8333333134651184 0.6000000238418579
vt 0.8666666746139526 0.6000000238418579
vt 0.8999999761581421 0.6000000238418579
vt 0.9333333373069763 0.6000000238418579
vt 0.9666666388511658 0.6000000238418579
vt 1 0.6000000238418579
vt 0 0.699999988079071
vt 0.03333333507180214 0.699999988079071
vt 0.06666667014360428 0.699999988079071
vt 0.10000000149011612 0.699999988079071
vt 0.13333334028720856 0.699999988079071
vt 0.1666666716337204 0.699999988079071
vt 0.20000000298023224 0.699999988079071
vt 0.23333333432674408 0.699999988079071
vt 0.2666666805744171 0.699999988079071
vt 0.30000001192092896 0.699999988079071
vt 0.3333333432674408 0.699999988079071
vt 0.36666667461395264 0.699999988079071
vt 0.4000000059604645 0.699999988079071
vt 0.4333333373069763 0.699999988079071
vt 0.46666666865348816 0.699999988079071
vt 0.5 0.699999988079071
vt 0.5333333611488342 0.699999988079071
vt 0.5666666626930237 0.699999988079071
vt 0.6000000238418579 0.699999988079071
vt 0.6333333253860474 0.699999988079071
vt 0.6666666865348816 0.699999988079071
vt 0.699999988079071 0.699999988079071
vt 0.7333333492279053 0.699999988079071
vt 0.7666666507720947 0.699999988079071
vt 0.800000011920929 0.699999988079071
vt 0.8333333134651184 0.699999988079071
vt 0.8666666746139526 0.699999988079071
vt 0.8999999761581421 0.699999988079071
vt 0.9333333373069763 0.699999988079071
vt 0.9666666388511658 0.699999988079071
vt 1 0.699999988079071
vt 0 0.800000011920929
vt 0.03333333507180214 0.800000011920929
vt 0.06666667014360428 0.800000011920929
vt 0.10000000149011612 0.800000011920929
vt 0.13333334028720856 0.800000011920929
vt 0.1666666716337204 0.800000011920929
vt 0.20000000298023224 0.800000011920929
vt 0.23333333432674408 0.800000011920929
vt 0.2666666805744171 0.800000011920929
vt 0.30000001192092896 0.800000011920929
vt 0.3333333432674408 0.800000011920929
vt 0.36666667461395264 0.800000011920929
vt 0.4000000059604645 0.800000011920929
vt 0.4333333373069763 0.800000011920929
vt 0.46666666865348816 0.800000011920929
vt 0.5 0.800000011920929
vt 0.5333333611488342 0.800000011920929
vt 0.5666666626930237 0.800000011920929
vt 0.6000000238418579 0.800000011920929
vt 0.6333333253860474 0.800000011920929
vt 0.6666666865348816 0.800000011920929
vt 0.699999988079071 0.800000011920929
vt 0.7333333492279053 0.800000011920929
vt 0.7666666507720947 0.800000011920929
vt 0.800000011920929 0.800000011920929
vt 0.8333333134651184 0.800000011920929
vt 0.8666666746139526 0.800000011920929
vt 0.8999999761581421 0.800000011920929
vt 0.9333333373069763 0.800000011920929
vt 0.9666666388511658 0.800000011920929
vt 1 0.800000011920929
vt 0 0.8999999761581421
vt 0.03333333507180214 0.8999999761581421
vt 0.06666667014360428 0.8999999761581421
vt 0.10000000149011612 0.8999999761581421
vt 0.13333334028720856 0.8999999761581421
vt 0.1666666716337204 0.8999999761581421
vt 0.20000000298023224 0.8999999761581421
vt 0.23333333432674408 0.8999999761581421
vt 0.2666666805744171 0.8999999761581421
vt 0.30000001192092896 0.8999999761581421
vt 0.3333333432674408 0.8999999761581421
vt 0.36666667461395264 0.8999999761581421
vt 0.4000000059604645 0.8999999761581421
vt 0.4333333373069763 0.8999999761581421
vt 0.46666666865348816 0.8999999761581421
vt 0.5 0.8999999761581421
vt 0.5333333611488342 0.8999999761581421
vt 0.5666666626930237 0.8999999761581421
vt 0.6000000238418579 0.8999999761581421
vt 0.6333333253860474 0.8999999761581421
vt 0.6666666865348816 0.8999999761581421
vt 0.699999988079071 0.8999999761581421
vt 0.7333333492279053 0.8999999761581421
vt 0.7666666507720947 0.8999999761581421
vt 0.800000011920929 0.8999999761581421
vt 0.8333333134651184 0.8999999761581421
vt 0.8666666746139526 0.8999999761581421
vt 0.8999999761581421 0.8999999761581421
vt 0.9333333373069763 0.8999999761581421
vt 0.9666666388511658 0.8999999761581421
vt 1 0.8999999761581421
vt 0 1
vt 0.03333333507180214 1
vt 0.06666667014360428 1
vt 0.10000000149011612 1
vt 0.13333334028720856 1
vt 0.1666666716337204 1
vt 0.20000000298023224 1
vt 0.23333333432674408 1
vt 0.2666666805744171 1
vt 0.30000001192092896 1
vt 0.3333333432674408 1
vt 0.36666667461395264 1
vt 0.4000000059604645 1
vt 0.4333333373069763 1
vt 0.46666666865348816 1
vt 0.5 1
vt 0.5333333611488342 1
vt 0.5666666626930237 1
vt 0.6000000238418579 1
vt 0.6333333253860474 1
vt 0.6666666865348816 1
vt 0.699999988079071 1
vt 0.7333333492279053 1
vt 0.7666666507720947 1
vt 0.800000011920929 1
vt 0.8333333134651184 1
vt 0.8666666746139526 1
vt 0.8999999761581421 1
vt 0.9333333373069763 1
vt 0.9666666388511658 1
vt 1 1
vn 1 0 0
vn 0.9781476029836251 0.2079116802331908 0
vn 0.9135454533753186 0.40673665266027326 0
vn 0.8090170011595983 0.5877852429542022 0
vn 0.6691306233342523 0.7431448101926803 0
vn 0.5000000067305869 0.8660253998985324 0
vn 0.3090169948284817 0.9510565161477913 0
vn 0.10452846222910053 0.9945218954774298 0
vn -0.10452846222910053 0.9945218954774298 0
vn -0.3090169948284817 0.9510565161477913 0
vn -0.5000000067305869 0.8660253998985324 0
vn -0.6691306233342523 0.7431448101926803 0
vn -0.8090170011595983 0.5877852429542022 0
vn -0.9135454533753186 0.40673665266027326 0
vn -0.9781476029836251 0.2079116802331908 0
vn -1 1.2246468525851679e-16 0
vn -0.9781476029836251 -0.2079116802331908 0
vn -0.9135454533753186 -0.40673665266027326 0
vn -0.8090170011595983 -0.5877852429542022 0
vn -0.6691306233342523 -0.7431448101926803 0
vn -0.5000000067305869 -0.8660253998985324 0
vn -0.3090169948284817 -0.9510565161477913 0
vn -0.10452846222910053 -0.9945218954774298 0
vn 0.10452846222910053 -0.9945218954774298 0
vn 0.3090169948284817 -0.9510565161477913 0
vn 0.5000000067305869 -0.8660253998985324 0
vn 0.6691306233342523 -0.7431448101926803 0
vn 0.8090170011595983 -0.5877852429542022 0
vn 0.9135454533753186 -0.40673665266027326 0
vn 0.9781476029836251 -0.2079116802331908 0
vn 1 -2.4492937051703357e-16 0
vn 0.8090170011595983 0 0.5877852429542022
vn 0.7913380347694764 0.1682040857914516 0.5877852501128663
vn 0.7390738090735351 0.3290568572853501 0.5877852408958771
vn 0.6545084820016838 0.4755282776441266 0.5877852534290582
vn 0.5413380307816883 0.6012167977894 0.5877852486114834
vn 0.40450849559501084 0.7006292840523903 0.5877852357108809
vn 0.25000000547057527 0.7694208790345749 0.5877852568501308
vn 0.08456530567360536 0.8045851130530445 0.5877852540934906
vn -0.08456530567360536 0.8045851130530445 0.5877852540934906
vn -0.25000000547057527 0.7694208790345749 0.5877852568501308
vn -0.40450849559501084 0.7006292840523903 0.5877852357108809
vn -0.5413380307816883 0.6012167977894 0.5877852486114834
vn -0.6545084820016838 0.4755282776441266 0.5877852534290582
vn -0.7390738090735351 0.3290568572853501 0.5877852408958771
vn -0.7913380347694764 0.1682040857914516 0.5877852501128663
vn -0.8090170011595983 9.907600768053078e-17 0.5877852429542022
vn -0.7913380347694764 -0.1682040857914516 0.5877852501128663
vn -0.7390738090735351 -0.3290568572853501 0.5877852408958771
vn -0.6545084820016838 -0.4755282776441266 0.5877852534290582
vn -0.5413380307816883 -0.6012167977894 0.5877852486114834
vn -0.40450849559501084 -0.7006292840523903 0.5877852357108809
vn -0.25000000547057527 -0.7694208790345749 0.5877852568501308
vn -0.08456530567360536 -0.8045851130530445 0.5877852540934906
vn 0.08456530567360536 -0.8045851130530445 0.5877852540934906
vn 0.25000000547057527 -0.7694208790345749 0.5877852568501308
vn 0.40450849559501084 -0.7006292840523903 0.5877852357108809
vn 0.5413380307816883 -0.6012167977894 0.5877852486114834
vn 0.6545084820016838 -0.4755282776441266 0.5877852534290582
vn 0.7390738090735351 -0.3290568572853501 0.5877852408958771
vn 0.7913380347694764 -0.1682040857914516 0.5877852501128663
vn 0.8090170011595983 -1.9815201536106157e-16 0.5877852429542022
vn 0.3090169948284817 0 0.9510565161477913
vn 0.30226423541356434 0.06424824724475749 0.9510565149957335
vn 0.2823010620896563 0.12568853518760317 0.9510565190699483
vn 0.24999999431051087 0.18163562897734423 0.9510565183682562
vn 0.20677272539690164 0.2296443682197275 0.9510565199697123
vn 0.15450849759791035 0.267616563598785 0.9510565172783444
vn 0.09549150409137153 0.2938926156295723 0.9510565194165781
vn 0.03230107126126292 0.30732416374025573 0.951056517340966
vn -0.03230107126126292 0.30732416374025573 0.951056517340966
vn -0.09549150409137153 0.2938926156295723 0.9510565194165781
vn -0.15450849759791035 0.267616563598785 0.9510565172783444
vn -0.20677272539690164 0.2296443682197275 0.9510565199697123
vn -0.24999999431051087 0.18163562897734423 0.9510565183682562
vn -0.2823010620896563 0.12568853518760317 0.9510565190699483
vn -0.30226423541356434 0.06424824724475749 0.9510565149957335
vn -0.3090169948284817 3.784366758465668e-17 0.9510565161477913
vn -0.30226423541356434 -0.06424824724475749 0.9510565149957335
vn -0.2823010620896563 -0.12568853518760317 0.9510565190699483
vn -0.24999999431051087 -0.18163562897734423 0.9510565183682562
vn -0.20677272539690164 -0.2296443682197275 0.9510565199697123
vn -0.15450849759791035 -0.267616563598785 0.9510565172783444
vn -0.09549150409137153 -0.2938926156295723 0.9510565194165781
vn -0.03230107126126292 -0.30732416374025573 0.951056517340966
vn 0.03230107126126292 -0.30732416374025573 0.951056517340966
vn 0.09549150409137153 -0.2938926156295723 0.9510565194165781
vn 0.15450849759791035 -0.267616563598785 0.9510565172783444
vn 0.20677272539690164 -0.2296443682197275 0.9510565199697123
vn 0.24999999431051087 -0.18163562897734423 0.9510565183682562
vn 0.2823010620896563 -0.12568853518760317 0.9510565190699483
vn 0.30226423541356434 -0.06424824724475749 0.9510565149957335
vn 0.3090169948284817 -7.568733516931335e-17 0.9510565161477913
vn -0.3090169948284817 0 0.9510565161477913
vn -0.30226423541356434 -0.06424824724475749 0.9510565149957335
vn -0.2823010620896563 -0.12568853518760317 0.9510565190699483
vn -0.24999999431051087 -0.18163562897734423 0.9510565183682562
vn -0.20677272539690164 -0.2296443682197275 0.9510565199697123
vn -0.15450849759791035 -0.267616563598785 0.9510565172783444
vn -0.09549150409137153 -0.2938926156295723 0.9510565194165781
vn -0.03230107126126292 -0.30732416374025573 0.951056517340966
vn 0.03230107126126292 -0.30732416374025573 0.951056517340966
vn 0.09549150409137153 -0.2938926156295723 0.9510565194165781
vn 0.15450849759791035 -0.267616563598785 0.9510565172783444
vn 0.20677272539690164 -0.2296443682197275 0.9510565199697123
vn 0.24999999431051087 -0.18163562897734423 0.9510565183682562
vn 0.2823010620896563 -0.12568853518760317 0.9510565190699483
vn 0.30226423541356434 -0.06424824724475749 0.9510565149957335
vn 0.3090169948284817 -3.784366758465668e-17 0.9510565161477913
vn 0.30226423541356434 0.06424824724475749 0.9510565149957335
vn 0.2823010620896563 0.12568853518760317 0.9510565190699483
vn 0.24999999431051087 0.18163562897734423 0.9510565183682562
vn 0.20677272539690164 0.2296443682197275 0.9510565199697123
vn 0.15450849759791035 0.267616563598785 0.9510565172783444
vn 0.09549150409137153 0.2938926156295723 0.9510565194165781
vn 0.03230107126126292 0.30732416374025573 0.951056517340966
vn -0.03230107126126292 0.30732416374025573 0.951056517340966
vn -0.09549150409137153 0.2938926156295723 0.9510565194165781
vn -0.15450849759791035 0.267616563598785 0.9510565172783444
vn -0.20677272539690164 0.2296443682197275 0.9510565199697123
vn -0.24999999431051087 0.18163562897734423 0.9510565183682562
vn -0.2823010620896563 0.12568853518760317 0.9510565190699483
vn -0.30226423541356434 0.06424824724475749 0.9510565149957335
vn -0.3090169948284817 7.568733516931335e-17 0.9510565161477913
vn -0.8090170011595983 0 0.5877852429542022
vn -0.7913380347694764 -0.1682040857914516 0.5877852501128663
vn -0.7390738090735351 -0.3290568572853501 0.5877852408958771
vn -0.6545084820016838 -0.4755282776441266 0.5877852534290582
vn -0.5413380307816883 -0.6012167977894 0.5877852486114834
vn -0.40450849559501084 -0.7006292840523903 0.5877852357108809
vn -0.25000000547057527 -0.7694208790345749 0.5877852568501308
vn -0.08456530567360536 -0.8045851130530445 0.5877852540934906
vn 0.08456530567360536 -0.8045851130530445 0.5877852540934906
vn 0.25000000547057527 -0.7694208790345749 0.5877852568501308
vn 0.40450849559501084 -0.7006292840523903 0.5877852357108809
vn 0.5413380307816883 -0.6012167977894 0.5877852486114834
vn 0.6545084820016838 -0.4755282776441266 0.5877852534290582
vn 0.7390738090735351 -0.3290568572853501 0.5877852408958771
vn 0.7913380347694764 -0.1682040857914516 0.5877852501128663
vn 0.8090170011595983 -9.907600768053078e-17 0.5877852429542022
vn 0.7913380347694764 0.1682040857914516 0.5877852501128663
vn 0.7390738090735351 0.3290568572853501 0.5877852408958771
vn 0.6545084820016838 0.4755282776441266 0.5877852534290582
vn 0.5413380307816883 0.6012167977894 0.5877852486114834
vn 0.40450849559501084 0.7006292840523903 0.5877852357108809
vn 0.25000000547057527 0.7694208790345749 0.5877852568501308
vn 0.08456530567360536 0.8045851130530445 0.5877852540934906
vn -0.08456530567360536 0.8045851130530445 0.5877852540934906
vn -0.25000000547057527 0.7694208790345749 0.5877852568501308
vn -0.40450849559501084 0.7006292840523903 0.5877852357108809
vn -0.5413380307816883 0.6012167977894 0.5877852486114834
vn -0.6545084820016838 0.4755282776441266 0.5877852534290582
vn -0.7390738090735351 0.3290568572853501 0.5877852408958771
vn -0.7913380347694764 0.1682040857914516 0.5877852501128663
vn -0.8090170011595983 1.9815201536106157e-16 0.5877852429542022
vn -1 0 1.2246468525851679e-16
vn -0.9781476029836251 -0.2079116802331908 1.224646823864733e-16
vn -0.9135454533753186 -0.40673665266027326 1.2246468843141363e-16
vn -0.8090170011595983 -0.5877852429542022 1.2246468504311792e-16
vn -0.6691306233342523 -0.7431448101926803 1.224646852573538e-16
vn -0.5000000067305869 -0.8660253998985324 1.224646869070352e-16
vn -0.3090169948284817 -0.9510565161477913 1.2246468218554823e-16
vn -0.10452846222910053 -0.9945218954774298 1.2246468274214173e-16
vn 0.10452846222910053 -0.9945218954774298 1.2246468274214173e-16
vn 0.3090169948284817 -0.9510565161477913 1.2246468218554823e-16
vn 0.5000000067305869 -0.8660253998985324 1.224646869070352e-16
vn 0.6691306233342523 -0.7431448101926803 1.224646852573538e-16
vn 0.8090170011595983 -0.5877852429542022 1.2246468504311792e-16
vn 0.9135454533753186 -0.40673665266027326 1.2246468843141363e-16
vn 0.9781476029836251 -0.2079116802331908 1.224646823864733e-16
vn 1 -1.2246468525851679e-16 1.2246468525851679e-16
vn 0.9781476029836251 0.2079116802331908 1.224646823864733e-16
vn 0.9135454533753186 0.40673665266027326 1.2246468843141363e-16
vn 0.8090170011595983 0.5877852429542022 1.2246468504311792e-16
vn 0.6691306233342523 0.7431448101926803 1.224646852573538e-16
vn 0.5000000067305869 0.8660253998985324 1.224646869070352e-16
vn 0.3090169948284817 0.9510565161477913 1.2246468218554823e-16
vn 0.10452846222910053 0.9945218954774298 1.2246468274214173e-16
vn -0.10452846222910053 0.9945218954774298 1.2246468274214173e-16
vn -0.3090169948284817 0.9510565161477913 1.2246468218554823e-16
vn -0.5000000067305869 0.8660253998985324 1.224646869070352e-16
vn -0.6691306233342523 0.7431448101926803 1.224646852573538e-16
vn -0.8090170011595983 0.5877852429542022 1.2246468504311792e-16
vn -0.9135454533753186 0.40673665266027326 1.2246468843141363e-16
vn -0.9781476029836251 0.2079116802331908 1.224646823864733e-16
vn -1 2.4492937051703357e-16 1.2246468525851679e-16
vn -0.8090170011595983 0 -0.5877852429542022
vn -0.7913380347694764 -0.1682040857914516 -0.5877852501128663
vn -0.7390738090735351 -0.3290568572853501 -0.5877852408958771
vn -0.6545084820016838 -0.4755282776441266 -0.5877852534290582
vn -0.5413380307816883 -0.6012167977894 -0.5877852486114834
vn -0.40450849559501084 -0.7006292840523903 -0.5877852357108809
vn -0.25000000547057527 -0.7694208790345749 -0.5877852568501308
vn -0.08456530567360536 -0.8045851130530445 -0.5877852540934906
vn 0.08456530567360536 -0.8045851130530445 -0.5877852540934906
vn 0.25000000547057527 -0.7694208790345749 -0.5877852568501308
vn 0.40450849559501084 -0.7006292840523903 -0.5877852357108809
vn 0.5413380307816883 -0.6012167977894 -0.5877852486114834
vn 0.6545084820016838 -0.4755282776441266 -0.5877852534290582
vn 0.7390738090735351 -0.3290568572853501 -0.5877852408958771
vn 0.7913380347694764 -0.1682040857914516 -0.5877852501128663
vn 0.8090170011595983 -9.907600768053078e-17 -0.5877852429542022
vn 0.7913380347694764 0.1682040857914516 -0.5877852501128663
vn 0.7390738090735351 0.3290568572853501 -0.5877852408958771
vn 0.6545084820016838 0.4755282776441266 -0.5877852534290582
vn 0.5413380307816883 0.6012167977894 -0.5877852486114834
vn 0.40450849559501084 0.7006292840523903 -0.5877852357108809
vn 0.25000000547057527 0.7694208790345749 -0.5877852568501308
vn 0.08456530567360536 0.8045851130530445 -0.5877852540934906
vn -0.08456530567360536 0.8045851130530445 -0.5877852540934906
vn -0.25000000547057527 0.7694208790345749 -0.5877852568501308
vn -0.40450849559501084 0.7006292840523903 -0.5877852357108809
vn -0.5413380307816883 0.6012167977894 -0.5877852486114834
vn -0.6545084820016838 0.4755282776441266 -0.5877852534290582
vn -0.7390738090735351 0.3290568572853501 -0.5877852408958771
vn -0.7913380347694764 0.1682040857914516 -0.5877852501128663
vn -0.8090170011595983 1.9815201536106157e-16 -0.5877852429542022
vn -0.3090169948284817 0 -0.9510565161477913
vn -0.30226423541356434 -0.06424824724475749 -0.9510565149957335
vn -0.2823010620896563 -0.12568853518760317 -0.9510565190699483
vn -0.24999999431051087 -0.18163562897734423 -0.9510565183682562
vn -0.20677272539690164 -0.2296443682197275 -0.9510565199697123
vn -0.15450849759791035 -0.267616563598785 -0.9510565172783444
vn -0.09549150409137153 -0.2938926156295723 -0.9510565194165781
vn -0.03230107126126292 -0.30732416374025573 -0.951056517340966
vn 0.03230107126126292 -0.30732416374025573 -0.951056517340966
vn 0.09549150409137153 -0.2938926156295723 -0.9510565194165781
vn 0.15450849759791035 -0.267616563598785 -0.9510565172783444
vn 0.20677272539690164 -0.2296443682197275 -0.9510565199697123
vn 0.24999999431051087 -0.18163562897734423 -0.9510565183682562
vn 0.2823010620896563 -0.12568853518760317 -0.9510565190699483
vn 0.30226423541356434 -0.06424824724475749 -0.9510565149957335
vn 0.3090169948284817 -3.784366758465668e-17 -0.9510565161477913
vn 0.30226423541356434 0.06424824724475749 -0.9510565149957335
vn 0.2823010620896563 0.12568853518760317 -0.9510565190699483
vn 0.24999999431051087 0.18163562897734423 -0.9510565183682562
vn 0.20677272539690164 0.2296443682197275 -0.9510565199697123
vn 0.15450849759791035 0.267616563598785 -0.9510565172783444
vn 0.09549150409137153 0.2938926156295723 -0.9510565194165781
vn 0.03230107126126292 0.30732416374025573 -0.951056517340966
vn -0.03230107126126292 0.30732416374025573 -0.951056517340966
vn -0.09549150409137153 0.2938926156295723 -0.9510565194165781
vn -0.15450849759791035 0.267616563598785 -0.9510565172783444
vn -0.20677272539690164 0.2296443682197275 -0.9510565199697123
vn -0.24999999431051087 0.18163562897734423 -0.9510565183682562
vn -0.2823010620896563 0.12568853518760317 -0.9510565190699483
vn -0.30226423541356434 0.06424824724475749 -0.9510565149957335
vn -0.3090169948284817 7.568733516931335e-17 -0.9510565161477913
vn 0.3090169948284817 0 -0.9510565161477913
vn 0.30226423541356434 0.06424824724475749 -0.9510565149957335
vn 0.2823010620896563 0.12568853518760317 -0.9510565190699483
vn 0.24999999431051087 0.18163562897734423 -0.9510565183682562
vn 0.20677272539690164 0.2296443682197275 -0.9510565199697123
vn 0.15450849759791035 0.267616563598785 -0.9510565172783444
vn 0.09549150409137153 0.2938926156295723 -0.9510565194165781
vn 0.03230107126126292 0.30732416374025573 -0.951056517340966
vn -0.03230107126126292 0.30732416374025573 -0.951056517340966
vn -0.09549150409137153 0.2938926156295723 -0.9510565194165781
vn -0.15450849759791035 0.267616563598785 -0.9510565172783444
vn -0.20677272539690164 0.2296443682197275 -0.9510565199697123
vn -0.24999999431051087 0.18163562897734423 -0.9510565183682562
vn -0.2823010620896563 0.12568853518760317 -0.9510565190699483
vn -0.30226423541356434 0.06424824724475749 -0.9510565149957335
vn -0.3090169948284817 3.784366758465668e-17 -0.9510565161477913
vn -0.30226423541356434 -0.06424824724475749 -0.9510565149957335
vn -0.2823010620896563 -0.12568853518760317 -0.9510565190699483
vn -0.24999999431051087 -0.18163562897734423 -0.9510565183682562
vn -0.20677272539690164 -0.2296443682197275 -0.9510565199697123
vn -0.15450849759791035 -0.267616563598785 -0.9510565172783444
vn -0.09549150409137153 -0.2938926156295723 -0.9510565194165781
vn -0.03230107126126292 -0.30732416374025573 -0.951056517340966
vn 0.03230107126126292 -0.30732416374025573 -0.951056517340966
vn 0.09549150409137153 -0.2938926156295723 -0.9510565194165781
vn 0.15450849759791035 -0.267616563598785 -0.9510565172783444
vn 0.20677272539690164 -0.2296443682197275 -0.9510565199697123
vn 0.24999999431051087 -0.18163562897734423 -0.9510565183682562
vn 0.2823010620896563 -0.12568853518760317 -0.9510565190699483
vn 0.30226423541356434 -0.06424824724475749 -0.9510565149957335
vn 0.3090169948284817 -7.568733516931335e-17 -0.9510565161477913
vn 0.8090170011595983 0 -0.5877852429542022
vn 0.7913380347694764 0.1682040857914516 -0.5877852501128663
vn 0.7390738090735351 0.3290568572853501 -0.5877852408958771
vn 0.6545084820016838 0.4755282776441266 -0.5877852534290582
vn 0.5413380307816883 0.6012167977894 -0.5877852486114834
vn 0.40450849559501084 0.7006292840523903 -0.5877852357108809
vn 0.25000000547057527 0.7694208790345749 -0.5877852568501308
vn 0.08456530567360536 0.8045851130530445 -0.5877852540934906
vn -0.08456530567360536 0.8045851130530445 -0.5877852540934906
vn -0.25000000547057527 0.7694208790345749 -0.5877852568501308
vn -0.40450849559501084 0.7006292840523903 -0.5877852357108809
vn -0.5413380307816883 0.6012167977894 -0.5877852486114834
vn -0.6545084820016838 0.4755282776441266 -0.5877852534290582
vn -0.7390738090735351 0.3290568572853501 -0.5877852408958771
vn -0.7913380347694764 0.1682040857914516 -0.5877852501128663
vn -0.8090170011595983 9.907600768053078e-17 -0.5877852429542022
vn -0.7913380347694764 -0.1682040857914516 -0.5877852501128663
vn -0.7390738090735351 -0.3290568572853501 -0.5877852408958771
vn -0.6545084820016838 -0.4755282776441266 -0.5877852534290582
vn -0.5413380307816883 -0.6012167977894 -0.5877852486114834
vn -0.40450849559501084 -0.7006292840523903 -0.5877852357108809
vn -0.25000000547057527 -0.7694208790345749 -0.5877852568501308
vn -0.08456530567360536 -0.8045851130530445 -0.5877852540934906
vn 0.08456530567360536 -0.8045851130530445 -0.5877852540934906
vn 0.25000000547057527 -0.7694208790345749 -0.5877852568501308
vn 0.40450849559501084 -0.7006292840523903 -0.5877852357108809
vn 0.5413380307816883 -0.6012167977894 -0.5877852486114834
vn 0.6545084820016838 -0.4755282776441266 -0.5877852534290582
vn 0.7390738090735351 -0.3290568572853501 -0.5877852408958771
vn 0.7913380347694764 -0.1682040857914516 -0.5877852501128663
vn 0.8090170011595983 -1.9815201536106157e-16 -0.5877852429542022
vn 1 0 -2.4492937051703357e-16
vn 0.9781476029836251 0.2079116802331908 -2.449293647729466e-16
vn 0.9135454533753186 0.40673665266027326 -2.4492937686282727e-16
vn 0.8090170011595983 0.5877852429542022 -2.4492937008623584e-16
vn 0.6691306233342523 0.7431448101926803 -2.449293705147076e-16
vn 0.5000000067305869 0.8660253998985324 -2.449293738140704e-16
vn 0.3090169948284817 0.9510565161477913 -2.4492936437109645e-16
vn 0.10452846222910053 0.9945218954774298 -2.4492936548428347e-16
vn -0.10452846222910053 0.9945218954774298 -2.4492936548428347e-16
vn -0.3090169948284817 0.9510565161477913 -2.4492936437109645e-16
vn -0.5000000067305869 0.8660253998985324 -2.449293738140704e-16
vn -0.6691306233342523 0.7431448101926803 -2.449293705147076e-16
vn -0.8090170011595983 0.5877852429542022 -2.4492937008623584e-16
vn -0.9135454533753186 0.40673665266027326 -2.4492937686282727e-16
vn -0.9781476029836251 0.2079116802331908 -2.449293647729466e-16
vn -1 1.2246468525851679e-16 -2.4492937051703357e-16
vn -0.9781476029836251 -0.2079116802331908 -2.449293647729466e-16
vn -0.9135454533753186 -0.40673665266027326 -2.4492937686282727e-16
vn -0.8090170011595983 -0.5877852429542022 -2.4492937008623584e-16
vn -0.6691306233342523 -0.7431448101926803 -2.449293705147076e-16
vn -0.5000000067305869 -0.8660253998985324 -2.449293738140704e-16
vn -0.3090169948284817 -0.9510565161477913 -2.4492936437109645e-16
vn -0.10452846222910053 -0.9945218954774298 -2.4492936548428347e-16
vn 0.10452846222910053 -0.9945218954774298 -2.4492936548428347e-16
vn 0.3090169948284817 -0.9510565161477913 -2.4492936437109645e-16
vn 0.5000000067305869 -0.8660253998985324 -2.449293738140704e-16
vn 0.6691306233342523 -0.7431448101926803 -2.449293705147076e-16
vn 0.8090170011595983 -0.5877852429542022 -2.4492937008623584e-16
vn 0.9135454533753186 -0.40673665266027326 -2.4492937686282727e-16
vn 0.9781476029836251 -0.2079116802331908 -2.449293647729466e-16
vn 1 -2.4492937051703357e-16 -2.4492937051703357e-16
f 2183/2183/2183 2152/2152/2152 2184/2184/2184
f 2152/2152/2152 2153/2153/2153 2184/2184/2184
f 2184/2184/2184 2153/2153/2153 2185/2185/2185
f 2153/2153/2153 2154/2154/2154 2185/2185/2185
f 2185/2185/2185 2154/2154/2154 2186/2186/2186
f 2154/2154/2154 2155/2155/2155 2186/2186/2186
f 2186/2186/2186 2155/2155/2155 2187/2187/2187
f 2155/2155/2155 2156/2156/2156 2187/2187/2187
f 2187/2187/2187 2156/2156/2156 2188/2188/2188
f 2156/2156/2156 2157/2157/2157 2188/2188/2188
f 2188/2188/2188 2157/2157/2157 2189/2189/2189
f 2157/2157/2157 2158/2158/2158 2189/2189/2189
f 2189/2189/2189 2158/2158/2158 2190/2190/2190
f 2158/2158/2158 2159/2159/2159 2190/2190/2190
f 2190/2190/2190 2159/2159/2159 2191/2191/2191
f 2159/2159/2159 2160/2160/2160 2191/2191/2191
f 2191/2191/2191 2160/2160/2160 2192/2192/2192
f 2160/2160/2160 2161/2161/2161 2192/2192/2192
f 2192/2192/2192 2161/2161/2161 2193/2193/2193
f 2161/2161/2161 2162/2162/2162 2193/2193/2193
f 2193/2193/2193 2162/2162/2162 2194/2194/2194
f 2162/2162/2162 2163/2163/2163 2194/2194/2194
f 2194/2194/2194 2163/2163/2163 2195/2195/2195
f 2163/2163/2163 2164/2164/2164 2195/2195/2195
f 2195/2195/2195 2164/2164/2164 2196/2196/2196
f 2164/2164/2164 2165/2165/2165 2196/2196/2196
f 2196/2196/2196 2165/2165/2165 2197/2197/2197
f 2165/2165/2165 2166/2166/2166 2197/2197/2197
f 2197/2197/2197 2166/2166/2166 2198/2198/2198
f 2166/2166/2166 2167/2167/2167 2198/2198/2198
f 2198/2198/2198 2167/2167/2167 2199/2199/2199
f 2167/2167/2167 2168/2168/2168 2199/2199/2199
f 2199/2199/2199 2168/2168/2168 2200/2200/2200
f 2168/2168/2168 2169/2169/2169 2200/2200/2200
f 2200/2200/2200 2169/2169/2169 2201/2201/2201
f 2169/2169/2169 2170/2170/2170 2201/2201/2201
f 2201/2201/2201 2170/2170/2170 2202/2202/2202
f 2170/2170/2170 2171/2171/2171 2202/2202/2202
f 2202/2202/2202 2171/2171/2171 2203/2203/2203
f 2171/2171/2171 2172/2172/2172 2203/2203/2203
f 2203/2203/2203 2172/2172/2172 2204/2204/2204
f 2172/2172/2172 2173/2173/2173 2204/2204/2204
f 2204/2204/2204 2173/2173/2173 2205/2205/2205
f 2173/2173/2173 2174/2174/2174 2205/2205/2205
f 2205/2205/2205 2174/2174/2174 2206/2206/2206
f 2174/2174/2174 2175/2175/2175 2206/2206/2206
f 2206/2206/2206 2175/2175/2175 2207/2207/2207
f 2175/2175/2175 2176/2176/2176 2207/2207/2207
f 2207/2207/2207 2176/2176/2176 2208/2208/2208
f 2176/2176/2176 2177/2177/2177 2208/2208/2208
f 2208/2208/2208 2177/2177/2177 2209/2209/2209
f 2177/2177/2177 2178/2178/2178 2209/2209/2209
f 2209/2209/2209 2178/2178/2178 2210/2210/2210
f 2178/2178/2178 2179/2179/2179 2210/2210/2210
f 2210/2210/2210 2179/2179/2179 2211/2211/2211
f 2179/2179/2179 2180/2180/2180 2211/2211/2211
f 2211/2211/2211 2180/2180/2180 2212/2212/2212
f 2180/2180/2180 2181/2181/2181 2212/2212/2212
f 2212/2212/2212 2181/2181/2181 2213/2213/2213
f 2181/2181/2181 2182/2182/2182 2213/2213/2213
f 2214/2214/2214 2183/2183/2183 2215/2215/2215
f 2183/2183/2183 2184/2184/2184 2215/2215/2215
f 2215/2215/2215 2184/2184/2184 2216/2216/2216
f 2184/2184/2184 2185/2185/2185 2216/2216/2216
f 2216/2216/2216 2185/2185/2185 2217/2217/2217
f 2185/2185/2185 2186/2186/2186 2217/2217/2217
f 2217/2217/2217 2186/2186/2186 2218/2218/2218
f 2186/2186/2186 2187/2187/2187 2218/2218/2218
f 2218/2218/2218 2187/2187/2187 2219/2219/2219
f 2187/2187/2187 2188/2188/2188 2219/2219/2219
f 2219/2219/2219 2188/2188/2188 2220/2220/2220
f 2188/2188/2188 2189/2189/2189 2220/2220/2220
f 2220/2220/2220 2189/2189/2189 2221/2221/2221
f 2189/2189/2189 2190/2190/2190 2221/2221/2221
f 2221/2221/2221 2190/2190/2190 2222/2222/2222
f 2190/2190/2190 2191/2191/2191 2222/2222/2222
f 2222/2222/2222 2191/2191/2191 2223/2223/2223
f 2191/2191/2191 2192/2192/2192 2223/2223/2223
f 2223/2223/2223 2192/2192/2192 2224/2224/2224
f 2192/2192/2192 2193/2193/2193 2224/2224/2224
f 2224/2224/2224 2193/2193/2193 2225/2225/2225
f 2193/2193/2193 2194/2194/2194 2225/2225/2225
f 2225/2225/2225 2194/2194/2194 2226/2226/2226
f 2194/2194/2194 2195/2195/2195 2226/2226/2226
f 2226/2226/2226 2195/2195/2195 2227/2227/2227
f 2195/2195/2195 2196/2196/2196 2227/2227/2227
f 2227/2227/2227 2196/2196/2196 2228/2228/2228
f 2196/2196/2196 2197/2197/2197 2228/2228/2228
f 2228/2228/2228 2197/2197/2197 2229/2229/2229
f 2197/2197/2197 2198/2198/2198 2229/2229/2229
f 2229/2229/2229 2198/2198/2198 2230/2230/2230
f 2198/2198/2198 2199/2199/2199 2230/2230/2230
f 2230/2230/2230 2199/2199/2199 2231/2231/2231
f 2199/2199/2199 2200/2200/2200 2231/2231/2231
f 2231/2231/2231 2200/2200/2200 2232/2232/2232
f 2200/2200/2200 2201/2201/2201 2232/2232/2232
f 2232/2232/2232 2201/2201/2201 2233/2233/2233
f 2201/2201/2201 2202/2202/2202 2233/2233/2233
f 2233/2233/2233 2202/2202/2202 2234/2234/2234
f 2202/2202/2202 2203/2203/2203 2234/2234/2234
f 2234/2234/2234 2203/2203/2203 2235/2235/2235
f 2203/2203/2203 2204/2204/2204 2235/2235/2235
f 2235/2235/2235 2204/2204/2204 2236/2236/2236
f 2204/2204/2204 2205/2205/2205 2236/2236/2236
f 2236/2236/2236 2205/2205/2205 2237/2237/2237
f 2205/2205/2205 2206/2206/2206 2237/2237/2237
f 2237/2237/2237 2206/2206/2206 2238/2238/2238
f 2206/2206/2206 2207/2207/2207 2238/2238/2238
f 2238/2238/2238 2207/2207/2207 2239/2239/2239
f 2207/2207/2207 2208/2208/2208 2239/2239/2239
f 2239/2239/2239 2208/2208/2208 2240/2240/2240
f 2208/2208/2208 2209/2209/2209 2240/2240/2240
f 2240/2240/2240 2209/2209/2209 2241/2241/2241
f 2209/2209/2209 2210/2210/2210 2241/2241/2241
f 2241/2241/2241 2210/2210/2210 2242/2242/2242
f 2210/2210/2210 2211/2211/2211 2242/2242/2242
f 2242/2242/2242 2211/2211/2211 2243/2243/2243
f 2211/2211/2211 2212/2212/2212 2243/2243/2243
f 2243/2243/2243 2212/2212/2212 2244/2244/2244
f 2212/2212/2212 2213/2213/2213 2244/2244/2244
f 2245/2245/2245 2214/2214/2214 2246/2246/2246
f 2214/2214/2214 2215/2215/2215 2246/2246/2246
f 2246/2246/2246 2215/2215/2215 2247/2247/2247
f 2215/2215/2215 2216/2216/2216 2247/2247/2247
f 2247/2247/2247 2216/2216/2216 2248/2248/2248
f 2216/2216/2216 2217/2217/2217 2248/2248/2248
f 2248/2248/2248 2217/2217/2217 2249/2249/2249
f 2217/2217/2217 2218/2218/2218 2249/2249/2249
f 2249/2249/2249 2218/2218/2218 2250/2250/2250
f 2218/2218/2218 2219/2219/2219 2250/2250/2250
f 2250/2250/2250 2219/2219/2219 2251/2251/2251
f 2219/2219/2219 2220/2220/2220 2251/2251/2251
f 2251/2251/2251 2220/2220/2220 2252/2252/2252
f 2220/2220/2220 2221/2221/2221 2252/2252/2252
f 2252/2252/2252 2221/2221/2221 2253/2253/2253
f 2221/2221/2221 2222/2222/2222 2253/2253/2253
f 2253/2253/2253 2222/2222/2222 2254/2254/2254
f 2222/2222/2222 2223/2223/2223 2254/2254/2254
f 2254/2254/2254 2223/2223/2223 2255/2255/2255
f 2223/2223/2223 2224/2224/2224 2255/2255/2255
f 2255/2255/2255 2224/2224/2224 2256/2256/2256
f 2224/2224/2224 2225/2225/2225 2256/2256/2256
f 2256/2256/2256 2225/2225/2225 2257/2257/2257
f 2225/2225/2225 2226/2226/2226 2257/2257/2257
f 2257/2257/2257 2226/2226/2226 2258/2258/2258
f 2226/2226/2226 2227/2227/2227 2258/2258/2258
f 2258/2258/2258 2227/2227/2227 2259/2259/2259
f 2227/2227/2227 2228/2228/2228 2259/2259/2259
f 2259/2259/2259 2228/2228/2228 2260/2260/2260
f 2228/2228/2228 2229/2229/2229 2260/2260/2260
f 2260/2260/2260 2229/2229/2229 2261/2261/2261
f 2229/2229/2229 2230/2230/2230 2261/2261/2261
f 2261/2261/2261 2230/2230/2230 2262/2262/2262
f 2230/2230/2230 2231/2231/2231 2262/2262/2262
f 2262/2262/2262 2231/2231/2231 2263/2263/2263
f 2231/2231/2231 2232/2232/2232 2263/2263/2263
f 2263/2263/2263 2232/2232/2232 2264/2264/2264
f 2232/2232/2232 2233/2233/2233 2264/2264/2264
f 2264/2264/2264 2233/2233/2233 2265/2265/2265
f 2233/2233/2233 2234/2234/2234 2265/2265/2265
f 2265/2265/2265 2234/2234/2234 2266/2266/2266
f 2234/2234/2234 2235/2235/2235 2266/2266/2266
f 2266/2266/2266 2235/2235/2235 2267/2267/2267
f 2235/2235/2235 2236/2236/2236 2267/2267/2267
f 2267/2267/2267 2236/2236/2236 2268/2268/2268
f 2236/2236/2236 2237/2237/2237 2268/2268/2268
f 2268/2268/2268 2237/2237/2237 2269/2269/2269
f 2237/2237/2237 2238/2238/2238 2269/2269/2269
f 2269/2269/2269 2238/2238/2238 2270/2270/2270
f 2238/2238/2238 2239/2239/2239 2270/2270/2270
f 2270/2270/2270 2239/2239/2239 2271/2271/2271
f 2239/2239/2239 2240/2240/2240 2271/2271/2271
f 2271/2271/2271 2240/2240/2240 2272/2272/2272
f 2240/2240/2240 2241/2241/2241 2272/2272/2272
f 2272/2272/2272 2241/2241/2241 2273/2273/2273
f 2241/2241/2241 2242/2242/2242 2273/2273/2273
f 2273/2273/2273 2242/2242/2242 2274/2274/2274
f 2242/2242/2242 2243/2243/2243 2274/2274/2274
f 2274/2274/2274 2243/2243/2243 2275/2275/2275
f 2243/2243/2243 2244/2244/2244 2275/2275/2275
f 2276/2276/2276 2245/2245/2245 2277/2277/2277
f 2245/2245/2245 2246/2246/2246 2277/2277/2277
f 2277/2277/2277 2246/2246/2246 2278/2278/2278
f 2246/2246/2246 2247/2247/2247 2278/2278/2278
f 2278/2278/2278 2247/2247/2247 2279/2279/2279
f 2247/2247/2247 2248/2248/2248 2279/2279/2279
f 2279/2279/2279 2248/2248/2248 2280/2280/2280
f 2248/2248/2248 2249/2249/2249 2280/2280/2280
f 2280/2280/2280 2249/2249/2249 2281/2281/2281
f 2249/2249/2249 2250/2250/2250 2281/2281/2281
f 2281/2281/2281 2250/2250/2250 2282/2282/2282
f 2250/2250/2250 2251/2251/2251 2282/2282/2282
f 2282/2282/2282 2251/2251/2251 2283/2283/2283
f 2251/2251/2251 2252/2252/2252 2283/2283/2283
f 2283/2283/2283 2252/2252/2252 2284/2284/2284
f 2252/2252/2252 2253/2253/2253 2284/2284/2284
f 2284/2284/2284 2253/2253/2253 2285/2285/2285
f 2253/2253/2253 2254/2254/2254 2285/2285/2285
f 2285/2285/2285 2254/2254/2254 2286/2286/2286
f 2254/2254/2254 2255/2255/2255 2286/2286/2286
f 2286/2286/2286 2255/2255/2255 2287/2287/2287
f 2255/2255/2255 2256/2256/2256 2287/2287/2287
f 2287/2287/2287 2256/2256/2256 2288/2288/2288
f 2256/2256/2256 2257/2257/2257 2288/2288/2288
f 2288/2288/2288 2257/2257/2257 2289/2289/2289
f 2257/2257/2257 2258/2258/2258 2289/2289/2289
f 2289/2289/2289 2258/2258/2258 2290/2290/2290
f 2258/2258/2258 2259/2259/2259 2290/2290/2290
f 2290/2290/2290 2259/2259/2259 2291/2291/2291
f 2259/2259/2259 2260/2260/2260 2291/2291/2291
f 2291/2291/2291 2260/2260/2260 2292/2292/2292
f 2260/2260/2260 2261/2261/2261 2292/2292/2292
f 2292/2292/2292 2261/2261/2261 2293/2293/2293
f 2261/2261/2261 2262/2262/2262 2293/2293/2293
f 2293/2293/2293 2262/2262/2262 2294/2294/2294
f 2262/2262/2262 2263/2263/2263 2294/2294/2294
f 2294/2294/2294 2263/2263/2263 2295/2295/2295
f 2263/2263/2263 2264/2264/2264 2295/2295/2295
f 2295/2295/2295 2264/2264/2264 2296/2296/2296
f 2264/2264/2264 2265/2265/2265 2296/2296/2296
f 2296/2296/2296 2265/2265/2265 2297/2297/2297
f 2265/2265/2265 2266/2266/2266 2297/2297/2297
f 2297/2297/2297 2266/2266/2266 2298/2298/2298
f 2266/2266/2266 2267/2267/2267 2298/2298/2298
f 2298/2298/2298 2267/2267/2267 2299/2299/2299
f 2267/2267/2267 2268/2268/2268 2299/2299/2299
f 2299/2299/2299 2268/2268/2268 2300/2300/2300
f 2268/2268/2268 2269/2269/2269 2300/2300/2300
f 2300/2300/2300 2269/2269/2269 2301/2301/2301
f 2269/2269/2269 2270/2270/2270 2301/2301/2301
f 2301/2301/2301 2270/2270/2270 2302/2302/2302
f 2270/2270/2270 2271/2271/2271 2302/2302/2302
f 2302/2302/2302 2271/2271/2271 2303/2303/2303
f 2271/2271/2271 2272/2272/2272 2303/2303/2303
f 2303/2303/2303 2272/2272/2272 2304/2304/2304
f 2272/2272/2272 2273/2273/2273 2304/2304/2304
f 2304/2304/2304 2273/2273/2273 2305/2305/2305
f 2273/2273/2273 2274/2274/2274 2305/2305/2305
f 2305/2305/2305 2274/2274/2274 2306/2306/2306
f 2274/2274/2274 2275/2275/2275 2306/2306/2306
f 2307/2307/2307 2276/2276/2276 2308/2308/2308
f 2276/2276/2276 2277/2277/2277 2308/2308/2308
f 2308/2308/2308 2277/2277/2277 2309/2309/2309
f 2277/2277/2277 2278/2278/2278 2309/2309/2309
f 2309/2309/2309 2278/2278/2278 2310/2310/2310
f 2278/2278/2278 2279/2279/2279 2310/2310/2310
f 2310/2310/2310 2279/2279/2279 2311/2311/2311
f 2279/2279/2279 2280/2280/2280 2311/2311/2311
f 2311/2311/2311 2280/2280/2280 2312/2312/2312
f 2280/2280/2280 2281/2281/2281 2312/2312/2312
f 2312/2312/2312 2281/2281/2281 2313/2313/2313
f 2281/2281/2281 2282/2282/2282 2313/2313/2313
f 2313/2313/2313 2282/2282/2282 2314/2314/2314
f 2282/2282/2282 2283/2283/2283 2314/2314/2314
f 2314/2314/2314 2283/2283/2283 2315/2315/2315
f 2283/2283/2283 2284/2284/2284 2315/2315/2315
f 2315/2315/2315 2284/2284/2284 2316/2316/2316
f 2284/2284/2284 2285/2285/2285 2316/2316/2316
f 2316/2316/2316 2285/2285/2285 2317/2317/2317
f 2285/2285/2285 2286/2286/2286 2317/2317/2317
f 2317/2317/2317 2286/2286/2286 2318/2318/2318
f 2286/2286/2286 2287/2287/2287 2318/2318/2318
f 2318/2318/2318 2287/2287/2287 2319/2319/2319
f 2287/2287/2287 2288/2288/2288 2319/2319/2319
f 2319/2319/2319 2288/2288/2288 2320/2320/2320
f 2288/2288/2288 2289/2289/2289 2320/2320/2320
f 2320/2320/2320 2289/2289/2289 2321/2321/2321
f 2289/2289/2289 2290/2290/2290 2321/2321/2321
f 2321/2321/2321 2290/2290/2290 2322/2322/2322
f 2290/2290/2290 2291/2291/2291 2322/2322/2322
f 2322/2322/2322 2291/2291/2291 2323/2323/2323
f 2291/2291/2291 2292/2292/2292 2323/2323/2323
f 2323/2323/2323 2292/2292/2292 2324/2324/2324
f 2292/2292/2292 2293/2293/2293 2324/2324/2324
f 2324/2324/2324 2293/2293/2293 2325/2325/2325
f 2293/2293/2293 2294/2294/2294 2325/2325/2325
f 2325/2325/2325 2294/2294/2294 2326/2326/2326
f 2294/2294/2294 2295/2295/2295 2326/2326/2326
f 2326/2326/2326 2295/2295/2295 2327/2327/2327
f 2295/2295/2295 2296/2296/2296 2327/2327/2327
f 2327/2327/2327 2296/2296/2296 2328/2328/2328
f 2296/2296/2296 2297/2297/2297 2328/2328/2328
f 2328/2328/2328 2297/2297/2297 2329/2329/2329
f 2297/2297/2297 2298/2298/2298 2329/2329/2329
f 2329/2329/2329 2298/2298/2298 2330/2330/2330
f 2298/2298/2298 2299/2299/2299 2330/2330/2330
f 2330/2330/2330 2299/2299/2299 2331/2331/2331
f 2299/2299/2299 2300/2300/2300 2331/2331/2331
f 2331/2331/2331 2300/2300/2300 2332/2332/2332
f 2300/2300/2300 2301/2301/2301 2332/2332/2332
f 2332/2332/2332 2301/2301/2301 2333/2333/2333
f 2301/2301/2301 2302/2302/2302 2333/2333/2333
f 2333/2333/2333 2302/2302/2302 2334/2334/2334
f 2302/2302/2302 2303/2303/2303 2334/2334/2334
f 2334/2334/2334 2303/2303/2303 2335/2335/2335
f 2303/2303/2303 2304/2304/2304 2335/2335/2335
f 2335/2335/2335 2304/2304/2304 2336/2336/2336
f 2304/2304/2304 2305/2305/2305 2336/2336/2336
f 2336/2336/2336 2305/2305/2305 2337/2337/2337
f 2305/2305/2305 2306/2306/2306 2337/2337/2337
f 2338/2338/2338 2307/2307/2307 2339/2339/2339
f 2307/2307/2307 2308/2308/2308 2339/2339/2339
f 2339/2339/2339 2308/2308/2308 2340/2340/2340
f 2308/2308/2308 2309/2309/2309 2340/2340/2340
f 2340/2340/2340 2309/2309/2309 2341/2341/2341
f 2309/2309/2309 2310/2310/2310 2341/2341/2341
f 2341/2341/2341 2310/2310/2310 2342/2342/2342
f 2310/2310/2310 2311/2311/2311 2342/2342/2342
f 2342/2342/2342 2311/2311/2311 2343/2343/2343
f 2311/2311/2311 2312/2312/2312 2343/2343/2343
f 2343/2343/2343 2312/2312/2312 2344/2344/2344
f 2312/2312/2312 2313/2313/2313 2344/2344/2344
f 2344/2344/2344 2313/2313/2313 2345/2345/2345
f 2313/2313/2313 2314/2314/2314 2345/2345/2345
f 2345/2345/2345 2314/2314/2314 2346/2346/2346
f 2314/2314/2314 2315/2315/2315 2346/2346/2346
f 2346/2346/2346 2315/2315/2315 2347/2347/2347
f 2315/2315/2315 2316/2316/2316 2347/2347/2347
f 2347/2347/2347 2316/2316/2316 2348/2348/2348
f 2316/2316/2316 2317/2317/2317 2348/2348/2348
f 2348/2348/2348 2317/2317/2317 2349/2349/2349
f 2317/2317/2317 2318/2318/2318 2349/2349/2349
f 2349/2349/2349 2318/2318/2318 2350/2350/2350
f 2318/2318/2318 2319/2319/2319 2350/2350/2350
f 2350/2350/2350 2319/2319/2319 2351/2351/2351
f 2319/2319/2319 2320/2320/2320 2351/2351/2351
f 2351/2351/2351 2320/2320/2320 2352/2352/2352
f 2320/2320/2320 2321/2321/2321 2352/2352/2352
f 2352/2352/2352 2321/2321/2321 2353/2353/2353
f 2321/2321/2321 2322/2322/2322 2353/2353/2353
f 2353/2353/2353 2322/2322/2322 2354/2354/2354
f 2322/2322/2322 2323/2323/2323 2354/2354/2354
f 2354/2354/2354 2323/2323/2323 2355/2355/2355
f 2323/2323/2323 2324/2324/2324 2355/2355/2355
f 2355/2355/2355 2324/2324/2324 2356/2356/2356
f 2324/2324/2324 2325/2325/2325 2356/2356/2356
f 2356/2356/2356 2325/2325/2325 2357/2357/2357
f 2325/2325/2325 2326/2326/2326 2357/2357/2357
f 2357/2357/2357 2326/2326/2326 2358/2358/2358
f 2326/2326/2326 2327/2327/2327 2358/2358/2358
f 2358/2358/2358 2327/2327/2327 2359/2359/2359
f 2327/2327/2327 2328/2328/2328 2359/2359/2359
f 2359/2359/2359 2328/2328/2328 2360/2360/2360
f 2328/2328/2328 2329/2329/2329 2360/2360/2360
f 2360/2360/2360 2329/2329/2329 2361/2361/2361
f 2329/2329/2329 2330/2330/2330 2361/2361/2361
f 2361/2361/2361 2330/2330/2330 2362/2362/2362
f 2330/2330/2330 2331/2331/2331 2362/2362/2362
f 2362/2362/2362 2331/2331/2331 2363/2363/2363
f 2331/2331/2331 2332/2332/2332 2363/2363/2363
f 2363/2363/2363 2332/2332/2332 2364/2364/2364
f 2332/2332/2332 2333/2333/2333 2364/2364/2364
f 2364/2364/2364 2333/2333/2333 2365/2365/2365
f 2333/2333/2333 2334/2334/2334 2365/2365/2365
f 2365/2365/2365 2334/2334/2334 2366/2366/2366
f 2334/2334/2334 2335/2335/2335 2366/2366/2366
f 2366/2366/2366 2335/2335/2335 2367/2367/2367
f 2335/2335/2335 2336/2336/2336 2367/2367/2367
f 2367/2367/2367 2336/2336/2336 2368/2368/2368
f 2336/2336/2336 2337/2337/2337 2368/2368/2368
f 2369/2369/2369 2338/2338/2338 2370/2370/2370
f 2338/2338/2338 2339/2339/2339 2370/2370/2370
f 2370/2370/2370 2339/2339/2339 2371/2371/2371
f 2339/2339/2339 2340/2340/2340 2371/2371/2371
f 2371/2371/2371 2340/2340/2340 2372/2372/2372
f 2340/2340/2340 2341/2341/2341 2372/2372/2372
f 2372/2372/2372 2341/2341/2341 2373/2373/2373
f 2341/2341/2341 2342/2342/2342 2373/2373/2373
f 2373/2373/2373 2342/2342/2342 2374/2374/2374
f 2342/2342/2342 2343/2343/2343 2374/2374/2374
f 2374/2374/2374 2343/2343/2343 2375/2375/2375
f 2343/2343/2343 2344/2344/2344 2375/2375/2375
f 2375/2375/2375 2344/2344/2344 2376/2376/2376
f 2344/2344/2344 2345/2345/2345 2376/2376/2376
f 2376/2376/2376 2345/2345/2345 2377/2377/2377
f 2345/2345/2345 2346/2346/2346 2377/2377/2377
f 2377/2377/2377 2346/2346/2346 2378/2378/2378
f 2346/2346/2346 2347/2347/2347 2378/2378/2378
f 2378/2378/2378 2347/2347/2347 2379/2379/2379
f 2347/2347/2347 2348/2348/2348 2379/2379/2379
f 2379/2379/2379 2348/2348/2348 2380/2380/2380
f 2348/2348/2348 2349/2349/2349 2380/2380/2380
f 2380/2380/2380 2349/2349/2349 2381/2381/2381
f 2349/2349/2349 2350/2350/2350 2381/2381/2381
f 2381/2381/2381 2350/2350/2350 2382/2382/2382
f 2350/2350/2350 2351/2351/2351 2382/2382/2382
f 2382/2382/2382 2351/2351/2351 2383/2383/2383
f 2351/2351/2351 2352/2352/2352 2383/2383/2383
f 2383/2383/2383 2352/2352/2352 2384/2384/2384
f 2352/2352/2352 2353/2353/2353 2384/2384/2384
f 2384/2384/2384 2353/2353/2353 2385/2385/2385
f 2353/2353/2353 2354/2354/2354 2385/2385/2385
f 2385/2385/2385 2354/2354/2354 2386/2386/2386
f 2354/2354/2354 2355/2355/2355 2386/2386/2386
f 2386/2386/2386 2355/2355/2355 2387/2387/2387
f 2355/2355/2355 2356/2356/2356 2387/2387/2387
f 2387/2387/2387 2356/2356/2356 2388/2388/2388
f 2356/2356/2356 2357/2357/2357 2388/2388/2388
f 2388/2388/2388 2357/2357/2357 2389/2389/2389
f 2357/2357/2357 2358/2358/2358 2389/2389/2389
f 2389/2389/2389 2358/2358/2358 2390/2390/2390
f 2358/2358/2358 2359/2359/2359 2390/2390/2390
f 2390/2390/2390 2359/2359/2359 2391/2391/2391
f 2359/2359/2359 2360/2360/2360 2391/2391/2391
f 2391/2391/2391 2360/2360/2360 2392/2392/2392
f 2360/2360/2360 2361/2361/2361 2392/2392/2392
f 2392/2392/2392 2361/2361/2361 2393/2393/2393
f 2361/2361/2361 2362/2362/2362 2393/2393/2393
f 2393/2393/2393 2362/2362/2362 2394/2394/2394
f 2362/2362/2362 2363/2363/2363 2394/2394/2394
f 2394/2394/2394 2363/2363/2363 2395/2395/2395
f 2363/2363/2363 2364/2364/2364 2395/2395/2395
f 2395/2395/2395 2364/2364/2364 2396/2396/2396
f 2364/2364/2364 2365/2365/2365 2396/2396/2396
f 2396/2396/2396 2365/2365/2365 2397/2397/2397
f 2365/2365/2365 2366/2366/2366 2397/2397/2397
f 2397/2397/2397 2366/2366/2366 2398/2398/2398
f 2366/2366/2366 2367/2367/2367 2398/2398/2398
f 2398/2398/2398 2367/2367/2367 2399/2399/2399
f 2367/2367/2367 2368/2368/2368 2399/2399/2399
f 2400/2400/2400 2369/2369/2369 2401/2401/2401
f 2369/2369/2369 2370/2370/2370 2401/2401/2401
f 2401/2401/2401 2370/2370/2370 2402/2402/2402
f 2370/2370/2370 2371/2371/2371 2402/2402/2402
f 2402/2402/2402 2371/2371/2371 2403/2403/2403
f 2371/2371/2371 2372/2372/2372 2403/2403/2403
f 2403/2403/2403 2372/2372/2372 2404/2404/2404
f 2372/2372/2372 2373/2373/2373 2404/2404/2404
f 2404/2404/2404 2373/2373/2373 2405/2405/2405
f 2373/2373/2373 2374/2374/2374 2405/2405/2405
f 2405/2405/2405 2374/2374/2374 2406/2406/2406
f 2374/2374/2374 2375/2375/2375 2406/2406/2406
f 2406/2406/2406 2375/2375/2375 2407/2407/2407
f 2375/2375/2375 2376/2376/2376 2407/2407/2407
f 2407/2407/2407 2376/2376/2376 2408/2408/2408
f 2376/2376/2376 2377/2377/2377 2408/2408/2408
f 2408/2408/2408 2377/2377/2377 2409/2409/2409
f 2377/2377/2377 2378/2378/2378 2409/2409/2409
f 2409/2409/2409 2378/2378/2378 2410/2410/2410
f 2378/2378/2378 2379/2379/2379 2410/2410/2410
f 2410/2410/2410 2379/2379/2379 2411/2411/2411
f 2379/2379/2379 2380/2380/2380 2411/2411/2411
f 2411/2411/2411 2380/2380/2380 2412/2412/2412
f 2380/2380/2380 2381/2381/2381 2412/2412/2412
f 2412/2412/2412 2381/2381/2381 2413/2413/2413
f 2381/2381/2381 2382/2382/2382 2413/2413/2413
f 2413/2413/2413 2382/2382/2382 2414/2414/2414
f 2382/2382/2382 2383/2383/2383 2414/2414/2414
f 2414/2414/2414 2383/2383/2383 2415/2415/2415
f 2383/2383/2383 2384/2384/2384 2415/2415/2415
f 2415/2415/2415 2384/2384/2384 2416/2416/2416
f 2384/2384/2384 2385/2385/2385 2416/2416/2416
f 2416/2416/2416 2385/2385/2385 2417/2417/2417
f 2385/2385/2385 2386/2386/2386 2417/2417/2417
f 2417/2417/2417 2386/2386/2386 2418/2418/2418
f 2386/2386/2386 2387/2387/2387 2418/2418/2418
f 2418/2418/2418 2387/2387/2387 2419/2419/2419
f 2387/2387/2387 2388/2388/2388 2419/2419/2419
f 2419/2419/2419 2388/2388/2388 2420/2420/2420
f 2388/2388/2388 2389/2389/2389 2420/2420/2420
f 2420/2420/2420 2389/2389/2389 2421/2421/2421
f 2389/2389/2389 2390/2390/2390 2421/2421/2421
f 2421/2421/2421 2390/2390/2390 2422/2422/2422
f 2390/2390/2390 2391/2391/2391 2422/2422/2422
f 2422/2422/2422 2391/2391/2391 2423/2423/2423
f 2391/2391/2391 2392/2392/2392 2423/2423/2423
f 2423/2423/2423 2392/2392/2392 2424/2424/2424
f 2392/2392/2392 2393/2393/2393 2424/2424/2424
f 2424/2424/2424 2393/2393/2393 2425/2425/2425
f 2393/2393/2393 2394/2394/2394 2425/2425/2425
f 2425/2425/2425 2394/2394/2394 2426/2426/2426
f 2394/2394/2394 2395/2395/2395 2426/2426/2426
f 2426/2426/2426 2395/2395/2395 2427/2427/2427
f 2395/2395/2395 2396/2396/2396 2427/2427/2427
f 2427/2427/2427 2396/2396/2396 2428/2428/2428
f 2396/2396/2396 2397/2397/2397 2428/2428/2428
f 2428/2428/2428 2397/2397/2397 2429/2429/2429
f 2397/2397/2397 2398/2398/2398 2429/2429/2429
f 2429/2429/2429 2398/2398/2398 2430/2430/2430
f 2398/2398/2398 2399/2399/2399 2430/2430/2430
f 2431/2431/2431 2400/2400/2400 2432/2432/2432
f 2400/2400/2400 2401/2401/2401 2432/2432/2432
f 2432/2432/2432 2401/2401/2401 2433/2433/2433
f 2401/2401/2401 2402/2402/2402 2433/2433/2433
f 2433/2433/2433 2402/2402/2402 2434/2434/2434
f 2402/2402/2402 2403/2403/2403 2434/2434/2434
f 2434/2434/2434 2403/2403/2403 2435/2435/2435
f 2403/2403/2403 2404/2404/2404 2435/2435/2435
f 2435/2435/2435 2404/2404/2404 2436/2436/2436
f 2404/2404/2404 2405/2405/2405 2436/2436/2436
f 2436/2436/2436 2405/2405/2405 2437/2437/2437
f 2405/2405/2405 2406/2406/2406 2437/2437/2437
f 2437/2437/2437 2406/2406/2406 2438/2438/2438
f 2406/2406/2406 2407/2407/2407 2438/2438/2438
f 2438/2438/2438 2407/2407/2407 2439/2439/2439
f 2407/2407/2407 2408/2408/2408 2439/2439/2439
f 2439/2439/2439 2408/2408/2408 2440/2440/2440
f 2408/2408/2408 2409/2409/2409 2440/2440/2440
f 2440/2440/2440 2409/2409/2409 2441/2441/2441
f 2409/2409/2409 2410/2410/2410 2441/2441/2441
f 2441/2441/2441 2410/2410/2410 2442/2442/2442
f 2410/2410/2410 2411/2411/2411 2442/2442/2442
f 2442/2442/2442 2411/2411/2411 2443/2443/2443
f 2411/2411/2411 2412/2412/2412 2443/2443/2443
f 2443/2443/2443 2412/2412/2412 2444/2444/2444
f 2412/2412/2412 2413/2413/2413 2444/2444/2444
f 2444/2444/2444 2413/2413/2413 2445/2445/2445
f 2413/2413/2413 2414/2414/2414 2445/2445/2445
f 2445/2445/2445 2414/2414/2414 2446/2446/2446
f 2414/2414/2414 2415/2415/2415 2446/2446/2446
f 2446/2446/2446 2415/2415/2415 2447/2447/2447
f 2415/2415/2415 2416/2416/2416 2447/2447/2447
f 2447/2447/2447 2416/2416/2416 2448/2448/2448
f 2416/2416/2416 2417/2417/2417 2448/2448/2448
f 2448/2448/2448 2417/2417/2417 2449/2449/2449
f 2417/2417/2417 2418/2418/2418 2449/2449/2449
f 2449/2449/2449 2418/2418/2418 2450/2450/2450
f 2418/2418/2418 2419/2419/2419 2450/2450/2450
f 2450/2450/2450 2419/2419/2419 2451/2451/2451
f 2419/2419/2419 2420/2420/2420 2451/2451/2451
f 2451/2451/2451 2420/2420/2420 2452/2452/2452
f 2420/2420/2420 2421/2421/2421 2452/2452/2452
f 2452/2452/2452 2421/2421/2421 2453/2453/2453
f 2421/2421/2421 2422/2422/2422 2453/2453/2453
f 2453/2453/2453 2422/2422/2422 2454/2454/2454
f 2422/2422/2422 2423/2423/2423 2454/2454/2454
f 2454/2454/2454 2423/2423/2423 2455/2455/2455
f 2423/2423/2423 2424/2424/2424 2455/2455/2455
f 2455/2455/2455 2424/2424/2424 2456/2456/2456
f 2424/2424/2424 2425/2425/2425 2456/2456/2456
f 2456/2456/2456 2425/2425/2425 2457/2457/2457
f 2425/2425/2425 2426/2426/2426 2457/2457/2457
f 2457/2457/2457 2426/2426/2426 2458/2458/2458
f 2426/2426/2426 2427/2427/2427 2458/2458/2458
f 2458/2458/2458 2427/2427/2427 2459/2459/2459
f 2427/2427/2427 2428/2428/2428 2459/2459/2459
f 2459/2459/2459 2428/2428/2428 2460/2460/2460
f 2428/2428/2428 2429/2429/2429 2460/2460/2460
f 2460/2460/2460 2429/2429/2429 2461/2461/2461
f 2429/2429/2429 2430/2430/2430 2461/2461/2461
f 2462/2462/2462 2431/2431/2431 2463/2463/2463
f 2431/2431/2431 2432/2432/2432 2463/2463/2463
f 2463/2463/2463 2432/2432/2432 2464/2464/2464
f 2432/2432/2432 2433/2433/2433 2464/2464/2464
f 2464/2464/2464 2433/2433/2433 2465/2465/2465
f 2433/2433/2433 2434/2434/2434 2465/2465/2465
f 2465/2465/2465 2434/2434/2434 2466/2466/2466
f 2434/2434/2434 2435/2435/2435 2466/2466/2466
f 2466/2466/2466 2435/2435/2435 2467/2467/2467
f 2435/2435/2435 2436/2436/2436 2467/2467/2467
f 2467/2467/2467 2436/2436/2436 2468/2468/2468
f 2436/2436/2436 2437/2437/2437 2468/2468/2468
f 2468/2468/2468 2437/2437/2437 2469/2469/2469
f 2437/2437/2437 2438/2438/2438 2469/2469/2469
f 2469/2469/2469 2438/2438/2438 2470/2470/2470
f 2438/2438/2438 2439/2439/2439 2470/2470/2470
f 2470/2470/2470 2439/2439/2439 2471/2471/2471
f 2439/2439/2439 2440/2440/2440 2471/2471/2471
f 2471/2471/2471 2440/2440/2440 2472/2472/2472
f 2440/2440/2440 2441/2441/2441 2472/2472/2472
f 2472/2472/2472 2441/2441/2441 2473/2473/2473
f 2441/2441/2441 2442/2442/2442 2473/2473/2473
f 2473/2473/2473 2442/2442/2442 2474/2474/2474
f 2442/2442/2442 2443/2443/2443 2474/2474/2474
f 2474/2474/2474 2443/2443/2443 2475/2475/2475
f 2443/2443/2443 2444/2444/2444 2475/2475/2475
f 2475/2475/2475 2444/2444/2444 2476/2476/2476
f 2444/2444/2444 2445/2445/2445 2476/2476/2476
f 2476/2476/2476 2445/2445/2445 2477/2477/2477
f 2445/2445/2445 2446/2446/2446 2477/2477/2477
f 2477/2477/2477 2446/2446/2446 2478/2478/2478
f 2446/2446/2446 2447/2447/2447 2478/2478/2478
f 2478/2478/2478 2447/2447/2447 2479/2479/2479
f 2447/2447/2447 2448/2448/2448 2479/2479/2479
f 2479/2479/2479 2448/2448/2448 2480/2480/2480
f 2448/2448/2448 2449/2449/2449 2480/2480/2480
f 2480/2480/2480 2449/2449/2449 2481/2481/2481
f 2449/2449/2449 2450/2450/2450 2481/2481/2481
f 2481/2481/2481 2450/2450/2450 2482/2482/2482
f 2450/2450/2450 2451/2451/2451 2482/2482/2482
f 2482/2482/2482 2451/2451/2451 2483/2483/2483
f 2451/2451/2451 2452/2452/2452 2483/2483/2483
f 2483/2483/2483 2452/2452/2452 2484/2484/2484
f 2452/2452/2452 2453/2453/2453 2484/2484/2484
f 2484/2484/2484 2453/2453/2453 2485/2485/2485
f 2453/2453/2453 2454/2454/2454 2485/2485/2485
f 2485/2485/2485 2454/2454/2454 2486/2486/2486
f 2454/2454/2454 2455/2455/2455 2486/2486/2486
f 2486/2486/2486 2455/2455/2455 2487/2487/2487
f 2455/2455/2455 2456/2456/2456 2487/2487/2487
f 2487/2487/2487 2456/2456/2456 2488/2488/2488
f 2456/2456/2456 2457/2457/2457 2488/2488/2488
f 2488/2488/2488 2457/2457/2457 2489/2489/2489
f 2457/2457/2457 2458/2458/2458 2489/2489/2489
f 2489/2489/2489 2458/2458/2458 2490/2490/2490
f 2458/2458/2458 2459/2459/2459 2490/2490/2490
f 2490/2490/2490 2459/2459/2459 2491/2491/2491
f 2459/2459/2459 2460/2460/2460 2491/2491/2491
f 2491/2491/2491 2460/2460/2460 2492/2492/2492
f 2460/2460/2460 2461/2461/2461 2492/2492/2492
o wrap_fore_c
usemtl sinew_wrap
v 0.009399999864399433 0.03323401757780284 0.2779999995082617
v 0.009194587357342243 0.035188387523254455 0.2779999995082617
v 0.008587326854467392 0.037057341917267145 0.2779999995082617
v 0.007604759652167559 0.038759199113434256 0.2779999995082617
v 0.006289827637374401 0.040219579034334124 0.2779999995082617
v 0.004699999932199717 0.04137465604845256 0.2779999995082617
v 0.002904759719967842 0.0421739487469551 0.2779999995082617
v 0.0009825675515457988 0.04258252368572921 0.2779999995082617
v -0.0009825675515457988 0.04258252368572921 0.2779999995082617
v -0.002904759719967842 0.0421739487469551 0.2779999995082617
v -0.004699999932199717 0.04137465604845256 0.2779999995082617
v -0.006289827637374401 0.040219579034334124 0.2779999995082617
v -0.007604759652167559 0.038759199113434256 0.2779999995082617
v -0.008587326854467392 0.037057341917267145 0.2779999995082617
v -0.009194587357342243 0.035188387523254455 0.2779999995082617
v -0.009399999864399433 0.03323401757780284 0.2779999995082617
v -0.009194587357342243 0.03127964763235122 0.2779999995082617
v -0.008587326854467392 0.02941069323833853 0.2779999995082617
v -0.007604759652167559 0.02770883604217142 0.2779999995082617
v -0.006289827637374401 0.02624845612127155 0.2779999995082617
v -0.004699999932199717 0.02509337910715312 0.2779999995082617
v -0.002904759719967842 0.024294086408650578 0.2779999995082617
v -0.0009825675515457988 0.02388551146987647 0.2779999995082617
v 0.0009825675515457988 0.02388551146987647 0.2779999995082617
v 0.002904759719967842 0.024294086408650578 0.2779999995082617
v 0.004699999932199717 0.02509337910715312 0.2779999995082617
v 0.006289827637374401 0.02624845612127155 0.2779999995082617
v 0.007604759652167559 0.02770883604217142 0.2779999995082617
v 0.008587326854467392 0.02941069323833853 0.2779999995082617
v 0.009194587357342243 0.03127964763235122 0.2779999995082617
v 0.009399999864399433 0.03323401757780284 0.2779999995082617
v 0.009037132374942303 0.03323401757780284 0.2791167914811522
v 0.008839649148285389 0.035112943060545326 0.2791167914811522
v 0.008255830965936184 0.03690975033942431 0.2791167914811522
v 0.007311193738132715 0.03854591087702483 0.2791167914811522
v 0.006047021597623825 0.03994991551417679 0.2791167914811522
v 0.004518566187471151 0.041060403597390355 0.2791167914811522
v 0.002792627550661564 0.041828841578995885 0.2791167914811522
v 0.0009446375770494342 0.042221643638646306 0.2791167914811522
v -0.0009446375770494342 0.042221643638646306 0.2791167914811522
v -0.002792627550661564 0.041828841578995885 0.2791167914811522
v -0.004518566187471151 0.041060403597390355 0.2791167914811522
v -0.006047021597623825 0.03994991551417679 0.2791167914811522
v -0.007311193738132715 0.03854591087702483 0.2791167914811522
v -0.008255830965936184 0.03690975033942431 0.2791167914811522
v -0.008839649148285389 0.035112943060545326 0.2791167914811522
v -0.009037132374942303 0.03323401757780284 0.2791167914811522
v -0.008839649148285389 0.03135509209506035 0.2791167914811522
v -0.008255830965936184 0.029558284816181363 0.2791167914811522
v -0.007311193738132715 0.027922124278580845 0.2791167914811522
v -0.006047021597623825 0.02651811964142889 0.2791167914811522
v -0.004518566187471151 0.02540763155821532 0.2791167914811522
v -0.002792627550661564 0.02463919357660979 0.2791167914811522
v -0.0009446375770494342 0.02424639151695937 0.2791167914811522
v 0.0009446375770494342 0.02424639151695937 0.2791167914811522
v 0.002792627550661564 0.02463919357660979 0.2791167914811522
v 0.004518566187471151 0.02540763155821532 0.2791167914811522
v 0.006047021597623825 0.02651811964142889 0.2791167914811522
v 0.007311193738132715 0.027922124278580845 0.2791167914811522
v 0.008255830965936184 0.029558284816181363 0.2791167914811522
v 0.008839649148285389 0.03135509209506035 0.2791167914811522
v 0.009037132374942303 0.03323401757780284 0.2791167914811522
v 0.00808713212609291 0.03323401757780284 0.2798070068648085
v 0.00791040901094675 0.034915426888352336 0.2798070068648085
v 0.007387963123619556 0.036523350656813086 0.2798070068648085
v 0.0065426272340118885 0.03798751454133362 0.2798070068648085
v 0.0054113478399813175 0.03924392829913467 0.2798070068648085
v 0.004043566063046455 0.04023767975423306 0.2798070068648085
v 0.0024990614037960768 0.04092533760968417 0.2798070068648085
v 0.0008453354821540415 0.041276847620343865 0.2798070068648085
v -0.0008453354821540415 0.041276847620343865 0.2798070068648085
v -0.0024990614037960768 0.04092533760968417 0.2798070068648085
v -0.004043566063046455 0.04023767975423306 0.2798070068648085
v -0.0054113478399813175 0.03924392829913467 0.2798070068648085
v -0.0065426272340118885 0.03798751454133362 0.2798070068648085
v -0.007387963123619556 0.036523350656813086 0.2798070068648085
v -0.00791040901094675 0.034915426888352336 0.2798070068648085
v -0.00808713212609291 0.03323401757780284 0.2798070068648085
v -0.00791040901094675 0.03155260826725334 0.2798070068648085
v -0.007387963123619556 0.02994468449879259 0.2798070068648085
v -0.0065426272340118885 0.02848052061427206 0.2798070068648085
v -0.0054113478399813175 0.027224106856471003 0.2798070068648085
v -0.004043566063046455 0.026230355401372613 0.2798070068648085
v -0.0024990614037960768 0.025542697545921506 0.2798070068648085
v -0.0008453354821540415 0.02519118753526181 0.2798070068648085
v 0.0008453354821540415 0.02519118753526181 0.2798070068648085
v 0.0024990614037960768 0.025542697545921506 0.2798070068648085
v 0.004043566063046455 0.026230355401372613 0.2798070068648085
v 0.0054113478399813175 0.027224106856471003 0.2798070068648085
v 0.0065426272340118885 0.02848052061427206 0.2798070068648085
v 0.007387963123619556 0.02994468449879259 0.2798070068648085
v 0.00791040901094675 0.03155260826725334 0.2798070068648085
v 0.00808713212609291 0.03323401757780284 0.2798070068648085
v 0.006912867538630962 0.03323401757780284 0.2798070068648085
v 0.0067618051543831825 0.034671283585799934 0.2798070068648085
v 0.00631521875038743 0.03604573421444565 0.2798070068648085
v 0.005592627450823784 0.037297299274092616 0.2798070068648085
v 0.00462561147287488 0.03837127951238126 0.2798070068648085
v 0.003456433769315481 0.0392207365043816 0.2798070068648085
v 0.0021361936815083027 0.03980854540396303 0.2798070068648085
v 0.0007225914159789681 0.040109015677904786 0.2798070068648085
v -0.0007225914159789681 0.040109015677904786 0.2798070068648085
v -0.0021361936815083027 0.03980854540396303 0.2798070068648085
v -0.003456433769315481 0.0392207365043816 0.2798070068648085
v -0.00462561147287488 0.03837127951238126 0.2798070068648085
v -0.005592627450823784 0.037297299274092616 0.2798070068648085
v -0.00631521875038743 0.03604573421444565 0.2798070068648085
v -0.0067618051543831825 0.034671283585799934 0.2798070068648085
v -0.006912867538630962 0.03323401757780284 0.2798070068648085
v -0.0067618051543831825 0.03179675156980574 0.2798070068648085
v -0.00631521875038743 0.030422300941160024 0.2798070068648085
v -0.005592627450823784 0.02917073588151306 0.2798070068648085
v -0.00462561147287488 0.02809675564322442 0.2798070068648085
v -0.003456433769315481 0.027247298651224078 0.2798070068648085
v -0.0021361936815083027 0.026659489751642645 0.2798070068648085
v -0.0007225914159789681 0.02635901947770089 0.2798070068648085
v 0.0007225914159789681 0.02635901947770089 0.2798070068648085
v 0.0021361936815083027 0.026659489751642645 0.2798070068648085
v 0.003456433769315481 0.027247298651224078 0.2798070068648085
v 0.00462561147287488 0.02809675564322442 0.2798070068648085
v 0.005592627450823784 0.02917073588151306 0.2798070068648085
v 0.00631521875038743 0.030422300941160024 0.2798070068648085
v 0.0067618051543831825 0.03179675156980574 0.2798070068648085
v 0.006912867538630962 0.03323401757780284 0.2798070068648085
v 0.005962867755442858 0.03323401757780284 0.2791167914811522
v 0.005832564551383257 0.034473767530022265 0.2791167914811522
v 0.005447350908070803 0.03565933429900378 0.2791167914811522
v 0.0048240614123642445 0.036738903171232046 0.2791167914811522
v 0.003989937249571085 0.037665291831677855 0.2791167914811522
v 0.002981433877721429 0.03839801266122431 0.2791167914811522
v 0.0018426274182274938 0.038905041900312604 0.2791167914811522
v 0.0006232893792912364 0.03916422012526363 0.2791167914811522
v -0.0006232893792912364 0.03916422012526363 0.2791167914811522
v -0.0018426274182274938 0.038905041900312604 0.2791167914811522
v -0.002981433877721429 0.03839801266122431 0.2791167914811522
v -0.003989937249571085 0.037665291831677855 0.2791167914811522
v -0.0048240614123642445 0.036738903171232046 0.2791167914811522
v -0.005447350908070803 0.03565933429900378 0.2791167914811522
v -0.005832564551383257 0.034473767530022265 0.2791167914811522
v -0.005962867755442858 0.03323401757780284 0.2791167914811522
v -0.005832564551383257 0.03199426762558341 0.2791167914811522
v -0.005447350908070803 0.030808700856601895 0.2791167914811522
v -0.0048240614123642445 0.02972913198437363 0.2791167914811522
v -0.003989937249571085 0.02880274332392782 0.2791167914811522
v -0.002981433877721429 0.02807002249438137 0.2791167914811522
v -0.0018426274182274938 0.027562993255293072 0.2791167914811522
v -0.0006232893792912364 0.027303815030342043 0.2791167914811522
v 0.0006232893792912364 0.027303815030342043 0.2791167914811522
v 0.0018426274182274938 0.027562993255293072 0.2791167914811522
v 0.002981433877721429 0.02807002249438137 0.2791167914811522
v 0.003989937249571085 0.02880274332392782 0.2791167914811522
v 0.0048240614123642445 0.02972913198437363 0.2791167914811522
v 0.005447350908070803 0.030808700856601895 0.2791167914811522
v 0.005832564551383257 0.03199426762558341 0.2791167914811522
v 0.005962867755442858 0.03323401757780284 0.2791167914811522
v 0.00559999980032444 0.03323401757780284 0.2779999995082617
v 0.005477626342326403 0.034398323067313136 0.2779999995082617
v 0.005115854553878307 0.03551174272116095 0.2779999995082617
v 0.004530495032668114 0.03652561493482262 0.2779999995082617
v 0.0037471314426511526 0.037395628777181805 0.2779999995082617
v 0.00279999990016222 0.03808375974450082 0.2779999995082617
v 0.0017304951325058937 0.0385599342666921 0.2779999995082617
v 0.0005853594047948718 0.03880334007818073 0.2779999995082617
v -0.0005853594047948718 0.03880334007818073 0.2779999995082617
v -0.0017304951325058937 0.0385599342666921 0.2779999995082617
v -0.00279999990016222 0.03808375974450082 0.2779999995082617
v -0.0037471314426511526 0.037395628777181805 0.2779999995082617
v -0.004530495032668114 0.03652561493482262 0.2779999995082617
v -0.005115854553878307 0.03551174272116095 0.2779999995082617
v -0.005477626342326403 0.034398323067313136 0.2779999995082617
v -0.00559999980032444 0.03323401757780284 0.2779999995082617
v -0.005477626342326403 0.03206971208829254 0.2779999995082617
v -0.005115854553878307 0.030956292434444727 0.2779999995082617
v -0.004530495032668114 0.029942420220783056 0.2779999995082617
v -0.0037471314426511526 0.02907240637842387 0.2779999995082617
v -0.00279999990016222 0.02838427541110486 0.2779999995082617
v -0.0017304951325058937 0.027908100888913573 0.2779999995082617
v -0.0005853594047948718 0.027664695077424944 0.2779999995082617
v 0.0005853594047948718 0.027664695077424944 0.2779999995082617
v 0.0017304951325058937 0.027908100888913573 0.2779999995082617
v 0.00279999990016222 0.02838427541110486 0.2779999995082617
v 0.0037471314426511526 0.02907240637842387 0.2779999995082617
v 0.004530495032668114 0.029942420220783056 0.2779999995082617
v 0.005115854553878307 0.030956292434444727 0.2779999995082617
v 0.005477626342326403 0.03206971208829254 0.2779999995082617
v 0.00559999980032444 0.03323401757780284 0.2779999995082617
v 0.005962867755442858 0.03323401757780284 0.2768832075353712
v 0.005832564551383257 0.034473767530022265 0.2768832075353712
v 0.005447350908070803 0.03565933429900378 0.2768832075353712
v 0.0048240614123642445 0.036738903171232046 0.2768832075353712
v 0.003989937249571085 0.037665291831677855 0.2768832075353712
v 0.002981433877721429 0.03839801266122431 0.2768832075353712
v 0.0018426274182274938 0.038905041900312604 0.2768832075353712
v 0.0006232893792912364 0.03916422012526363 0.2768832075353712
v -0.0006232893792912364 0.03916422012526363 0.2768832075353712
v -0.0018426274182274938 0.038905041900312604 0.2768832075353712
v -0.002981433877721429 0.03839801266122431 0.2768832075353712
v -0.003989937249571085 0.037665291831677855 0.2768832075353712
v -0.0048240614123642445 0.036738903171232046 0.2768832075353712
v -0.005447350908070803 0.03565933429900378 0.2768832075353712
v -0.005832564551383257 0.034473767530022265 0.2768832075353712
v -0.005962867755442858 0.03323401757780284 0.2768832075353712
v -0.005832564551383257 0.03199426762558341 0.2768832075353712
v -0.005447350908070803 0.030808700856601895 0.2768832075353712
v -0.0048240614123642445 0.02972913198437363 0.2768832075353712
v -0.003989937249571085 0.02880274332392782 0.2768832075353712
v -0.002981433877721429 0.02807002249438137 0.2768832075353712
v -0.0018426274182274938 0.027562993255293072 0.2768832075353712
v -0.0006232893792912364 0.027303815030342043 0.2768832075353712
v 0.0006232893792912364 0.027303815030342043 0.2768832075353712
v 0.0018426274182274938 0.027562993255293072 0.2768832075353712
v 0.002981433877721429 0.02807002249438137 0.2768832075353712
v 0.003989937249571085 0.02880274332392782 0.2768832075353712
v 0.0048240614123642445 0.02972913198437363 0.2768832075353712
v 0.005447350908070803 0.030808700856601895 0.2768832075353712
v 0.005832564551383257 0.03199426762558341 0.2768832075353712
v 0.005962867755442858 0.03323401757780284 0.2768832075353712
v 0.006912867538630962 0.03323401757780284 0.2761929921517149
v 0.0067618051543831825 0.034671283585799934 0.2761929921517149
v 0.00631521875038743 0.03604573421444565 0.2761929921517149
v 0.005592627450823784 0.037297299274092616 0.2761929921517149
v 0.00462561147287488 0.03837127951238126 0.2761929921517149
v 0.003456433769315481 0.0392207365043816 0.2761929921517149
v 0.0021361936815083027 0.03980854540396303 0.2761929921517149
v 0.0007225914159789681 0.040109015677904786 0.2761929921517149
v -0.0007225914159789681 0.040109015677904786 0.2761929921517149
v -0.0021361936815083027 0.03980854540396303 0.2761929921517149
v -0.003456433769315481 0.0392207365043816 0.2761929921517149
v -0.00462561147287488 0.03837127951238126 0.2761929921517149
v -0.005592627450823784 0.037297299274092616 0.2761929921517149
v -0.00631521875038743 0.03604573421444565 0.2761929921517149
v -0.0067618051543831825 0.034671283585799934 0.2761929921517149
v -0.006912867538630962 0.03323401757780284 0.2761929921517149
v -0.0067618051543831825 0.03179675156980574 0.2761929921517149
v -0.00631521875038743 0.030422300941160024 0.2761929921517149
v -0.005592627450823784 0.02917073588151306 0.2761929921517149
v -0.00462561147287488 0.02809675564322442 0.2761929921517149
v -0.003456433769315481 0.027247298651224078 0.2761929921517149
v -0.0021361936815083027 0.026659489751642645 0.2761929921517149
v -0.0007225914159789681 0.02635901947770089 0.2761929921517149
v 0.0007225914159789681 0.02635901947770089 0.2761929921517149
v 0.0021361936815083027 0.026659489751642645 0.2761929921517149
v 0.003456433769315481 0.027247298651224078 0.2761929921517149
v 0.00462561147287488 0.02809675564322442 0.2761929921517149
v 0.005592627450823784 0.02917073588151306 0.2761929921517149
v 0.00631521875038743 0.030422300941160024 0.2761929921517149
v 0.0067618051543831825 0.03179675156980574 0.2761929921517149
v 0.006912867538630962 0.03323401757780284 0.2761929921517149
v 0.00808713212609291 0.03323401757780284 0.2761929921517149
v 0.00791040901094675 0.034915426888352336 0.2761929921517149
v 0.007387963123619556 0.036523350656813086 0.2761929921517149
v 0.0065426272340118885 0.03798751454133362 0.2761929921517149
v 0.0054113478399813175 0.03924392829913467 0.2761929921517149
v 0.004043566063046455 0.04023767975423306 0.2761929921517149
v 0.0024990614037960768 0.04092533760968417 0.2761929921517149
v 0.0008453354821540415 0.041276847620343865 0.2761929921517149
v -0.0008453354821540415 0.041276847620343865 0.2761929921517149
v -0.0024990614037960768 0.04092533760968417 0.2761929921517149
v -0.004043566063046455 0.04023767975423306 0.2761929921517149
v -0.0054113478399813175 0.03924392829913467 0.2761929921517149
v -0.0065426272340118885 0.03798751454133362 0.2761929921517149
v -0.007387963123619556 0.036523350656813086 0.2761929921517149
v -0.00791040901094675 0.034915426888352336 0.2761929921517149
v -0.00808713212609291 0.03323401757780284 0.2761929921517149
v -0.00791040901094675 0.03155260826725334 0.2761929921517149
v -0.007387963123619556 0.02994468449879259 0.2761929921517149
v -0.0065426272340118885 0.02848052061427206 0.2761929921517149
v -0.0054113478399813175 0.027224106856471003 0.2761929921517149
v -0.004043566063046455 0.026230355401372613 0.2761929921517149
v -0.0024990614037960768 0.025542697545921506 0.2761929921517149
v -0.0008453354821540415 0.02519118753526181 0.2761929921517149
v 0.0008453354821540415 0.02519118753526181 0.2761929921517149
v 0.0024990614037960768 0.025542697545921506 0.2761929921517149
v 0.004043566063046455 0.026230355401372613 0.2761929921517149
v 0.0054113478399813175 0.027224106856471003 0.2761929921517149
v 0.0065426272340118885 0.02848052061427206 0.2761929921517149
v 0.007387963123619556 0.02994468449879259 0.2761929921517149
v 0.00791040901094675 0.03155260826725334 0.2761929921517149
v 0.00808713212609291 0.03323401757780284 0.2761929921517149
v 0.009037132374942303 0.03323401757780284 0.2768832075353712
v 0.008839649148285389 0.035112943060545326 0.2768832075353712
v 0.008255830965936184 0.03690975033942431 0.2768832075353712
v 0.007311193738132715 0.03854591087702483 0.2768832075353712
v 0.006047021597623825 0.03994991551417679 0.2768832075353712
v 0.004518566187471151 0.041060403597390355 0.2768832075353712
v 0.002792627550661564 0.041828841578995885 0.2768832075353712
v 0.0009446375770494342 0.042221643638646306 0.2768832075353712
v -0.0009446375770494342 0.042221643638646306 0.2768832075353712
v -0.002792627550661564 0.041828841578995885 0.2768832075353712
v -0.004518566187471151 0.041060403597390355 0.2768832075353712
v -0.006047021597623825 0.03994991551417679 0.2768832075353712
v -0.007311193738132715 0.03854591087702483 0.2768832075353712
v -0.008255830965936184 0.03690975033942431 0.2768832075353712
v -0.008839649148285389 0.035112943060545326 0.2768832075353712
v -0.009037132374942303 0.03323401757780284 0.2768832075353712
v -0.008839649148285389 0.03135509209506035 0.2768832075353712
v -0.008255830965936184 0.029558284816181363 0.2768832075353712
v -0.007311193738132715 0.027922124278580845 0.2768832075353712
v -0.006047021597623825 0.02651811964142889 0.2768832075353712
v -0.004518566187471151 0.02540763155821532 0.2768832075353712
v -0.002792627550661564 0.02463919357660979 0.2768832075353712
v -0.0009446375770494342 0.02424639151695937 0.2768832075353712
v 0.0009446375770494342 0.02424639151695937 0.2768832075353712
v 0.002792627550661564 0.02463919357660979 0.2768832075353712
v 0.004518566187471151 0.02540763155821532 0.2768832075353712
v 0.006047021597623825 0.02651811964142889 0.2768832075353712
v 0.007311193738132715 0.027922124278580845 0.2768832075353712
v 0.008255830965936184 0.029558284816181363 0.2768832075353712
v 0.008839649148285389 0.03135509209506035 0.2768832075353712
v 0.009037132374942303 0.03323401757780284 0.2768832075353712
v 0.009399999864399433 0.03323401757780284 0.2779999995082617
v 0.009194587357342243 0.035188387523254455 0.2779999995082617
v 0.008587326854467392 0.037057341917267145 0.2779999995082617
v 0.007604759652167559 0.038759199113434256 0.2779999995082617
v 0.006289827637374401 0.040219579034334124 0.2779999995082617
v 0.004699999932199717 0.04137465604845256 0.2779999995082617
v 0.002904759719967842 0.0421739487469551 0.2779999995082617
v 0.0009825675515457988 0.04258252368572921 0.2779999995082617
v -0.0009825675515457988 0.04258252368572921 0.2779999995082617
v -0.002904759719967842 0.0421739487469551 0.2779999995082617
v -0.004699999932199717 0.04137465604845256 0.2779999995082617
v -0.006289827637374401 0.040219579034334124 0.2779999995082617
v -0.007604759652167559 0.038759199113434256 0.2779999995082617
v -0.008587326854467392 0.037057341917267145 0.2779999995082617
v -0.009194587357342243 0.035188387523254455 0.2779999995082617
v -0.009399999864399433 0.03323401757780284 0.2779999995082617
v -0.009194587357342243 0.03127964763235122 0.2779999995082617
v -0.008587326854467392 0.02941069323833853 0.2779999995082617
v -0.007604759652167559 0.02770883604217142 0.2779999995082617
v -0.006289827637374401 0.02624845612127155 0.2779999995082617
v -0.004699999932199717 0.02509337910715312 0.2779999995082617
v -0.002904759719967842 0.024294086408650578 0.2779999995082617
v -0.0009825675515457988 0.02388551146987647 0.2779999995082617
v 0.0009825675515457988 0.02388551146987647 0.2779999995082617
v 0.002904759719967842 0.024294086408650578 0.2779999995082617
v 0.004699999932199717 0.02509337910715312 0.2779999995082617
v 0.006289827637374401 0.02624845612127155 0.2779999995082617
v 0.007604759652167559 0.02770883604217142 0.2779999995082617
v 0.008587326854467392 0.02941069323833853 0.2779999995082617
v 0.009194587357342243 0.03127964763235122 0.2779999995082617
v 0.009399999864399433 0.03323401757780284 0.2779999995082617
vt 0 0
vt 0.03333333507180214 0
vt 0.06666667014360428 0
vt 0.10000000149011612 0
vt 0.13333334028720856 0
vt 0.1666666716337204 0
vt 0.20000000298023224 0
vt 0.23333333432674408 0
vt 0.2666666805744171 0
vt 0.30000001192092896 0
vt 0.3333333432674408 0
vt 0.36666667461395264 0
vt 0.4000000059604645 0
vt 0.4333333373069763 0
vt 0.46666666865348816 0
vt 0.5 0
vt 0.5333333611488342 0
vt 0.5666666626930237 0
vt 0.6000000238418579 0
vt 0.6333333253860474 0
vt 0.6666666865348816 0
vt 0.699999988079071 0
vt 0.7333333492279053 0
vt 0.7666666507720947 0
vt 0.800000011920929 0
vt 0.8333333134651184 0
vt 0.8666666746139526 0
vt 0.8999999761581421 0
vt 0.9333333373069763 0
vt 0.9666666388511658 0
vt 1 0
vt 0 0.10000000149011612
vt 0.03333333507180214 0.10000000149011612
vt 0.06666667014360428 0.10000000149011612
vt 0.10000000149011612 0.10000000149011612
vt 0.13333334028720856 0.10000000149011612
vt 0.1666666716337204 0.10000000149011612
vt 0.20000000298023224 0.10000000149011612
vt 0.23333333432674408 0.10000000149011612
vt 0.2666666805744171 0.10000000149011612
vt 0.30000001192092896 0.10000000149011612
vt 0.3333333432674408 0.10000000149011612
vt 0.36666667461395264 0.10000000149011612
vt 0.4000000059604645 0.10000000149011612
vt 0.4333333373069763 0.10000000149011612
vt 0.46666666865348816 0.10000000149011612
vt 0.5 0.10000000149011612
vt 0.5333333611488342 0.10000000149011612
vt 0.5666666626930237 0.10000000149011612
vt 0.6000000238418579 0.10000000149011612
vt 0.6333333253860474 0.10000000149011612
vt 0.6666666865348816 0.10000000149011612
vt 0.699999988079071 0.10000000149011612
vt 0.7333333492279053 0.10000000149011612
vt 0.7666666507720947 0.10000000149011612
vt 0.800000011920929 0.10000000149011612
vt 0.8333333134651184 0.10000000149011612
vt 0.8666666746139526 0.10000000149011612
vt 0.8999999761581421 0.10000000149011612
vt 0.9333333373069763 0.10000000149011612
vt 0.9666666388511658 0.10000000149011612
vt 1 0.10000000149011612
vt 0 0.20000000298023224
vt 0.03333333507180214 0.20000000298023224
vt 0.06666667014360428 0.20000000298023224
vt 0.10000000149011612 0.20000000298023224
vt 0.13333334028720856 0.20000000298023224
vt 0.1666666716337204 0.20000000298023224
vt 0.20000000298023224 0.20000000298023224
vt 0.23333333432674408 0.20000000298023224
vt 0.2666666805744171 0.20000000298023224
vt 0.30000001192092896 0.20000000298023224
vt 0.3333333432674408 0.20000000298023224
vt 0.36666667461395264 0.20000000298023224
vt 0.4000000059604645 0.20000000298023224
vt 0.4333333373069763 0.20000000298023224
vt 0.46666666865348816 0.20000000298023224
vt 0.5 0.20000000298023224
vt 0.5333333611488342 0.20000000298023224
vt 0.5666666626930237 0.20000000298023224
vt 0.6000000238418579 0.20000000298023224
vt 0.6333333253860474 0.20000000298023224
vt 0.6666666865348816 0.20000000298023224
vt 0.699999988079071 0.20000000298023224
vt 0.7333333492279053 0.20000000298023224
vt 0.7666666507720947 0.20000000298023224
vt 0.800000011920929 0.20000000298023224
vt 0.8333333134651184 0.20000000298023224
vt 0.8666666746139526 0.20000000298023224
vt 0.8999999761581421 0.20000000298023224
vt 0.9333333373069763 0.20000000298023224
vt 0.9666666388511658 0.20000000298023224
vt 1 0.20000000298023224
vt 0 0.30000001192092896
vt 0.03333333507180214 0.30000001192092896
vt 0.06666667014360428 0.30000001192092896
vt 0.10000000149011612 0.30000001192092896
vt 0.13333334028720856 0.30000001192092896
vt 0.1666666716337204 0.30000001192092896
vt 0.20000000298023224 0.30000001192092896
vt 0.23333333432674408 0.30000001192092896
vt 0.2666666805744171 0.30000001192092896
vt 0.30000001192092896 0.30000001192092896
vt 0.3333333432674408 0.30000001192092896
vt 0.36666667461395264 0.30000001192092896
vt 0.4000000059604645 0.30000001192092896
vt 0.4333333373069763 0.30000001192092896
vt 0.46666666865348816 0.30000001192092896
vt 0.5 0.30000001192092896
vt 0.5333333611488342 0.30000001192092896
vt 0.5666666626930237 0.30000001192092896
vt 0.6000000238418579 0.30000001192092896
vt 0.6333333253860474 0.30000001192092896
vt 0.6666666865348816 0.30000001192092896
vt 0.699999988079071 0.30000001192092896
vt 0.7333333492279053 0.30000001192092896
vt 0.7666666507720947 0.30000001192092896
vt 0.800000011920929 0.30000001192092896
vt 0.8333333134651184 0.30000001192092896
vt 0.8666666746139526 0.30000001192092896
vt 0.8999999761581421 0.30000001192092896
vt 0.9333333373069763 0.30000001192092896
vt 0.9666666388511658 0.30000001192092896
vt 1 0.30000001192092896
vt 0 0.4000000059604645
vt 0.03333333507180214 0.4000000059604645
vt 0.06666667014360428 0.4000000059604645
vt 0.10000000149011612 0.4000000059604645
vt 0.13333334028720856 0.4000000059604645
vt 0.1666666716337204 0.4000000059604645
vt 0.20000000298023224 0.4000000059604645
vt 0.23333333432674408 0.4000000059604645
vt 0.2666666805744171 0.4000000059604645
vt 0.30000001192092896 0.4000000059604645
vt 0.3333333432674408 0.4000000059604645
vt 0.36666667461395264 0.4000000059604645
vt 0.4000000059604645 0.4000000059604645
vt 0.4333333373069763 0.4000000059604645
vt 0.46666666865348816 0.4000000059604645
vt 0.5 0.4000000059604645
vt 0.5333333611488342 0.4000000059604645
vt 0.5666666626930237 0.4000000059604645
vt 0.6000000238418579 0.4000000059604645
vt 0.6333333253860474 0.4000000059604645
vt 0.6666666865348816 0.4000000059604645
vt 0.699999988079071 0.4000000059604645
vt 0.7333333492279053 0.4000000059604645
vt 0.7666666507720947 0.4000000059604645
vt 0.800000011920929 0.4000000059604645
vt 0.8333333134651184 0.4000000059604645
vt 0.8666666746139526 0.4000000059604645
vt 0.8999999761581421 0.4000000059604645
vt 0.9333333373069763 0.4000000059604645
vt 0.9666666388511658 0.4000000059604645
vt 1 0.4000000059604645
vt 0 0.5
vt 0.03333333507180214 0.5
vt 0.06666667014360428 0.5
vt 0.10000000149011612 0.5
vt 0.13333334028720856 0.5
vt 0.1666666716337204 0.5
vt 0.20000000298023224 0.5
vt 0.23333333432674408 0.5
vt 0.2666666805744171 0.5
vt 0.30000001192092896 0.5
vt 0.3333333432674408 0.5
vt 0.36666667461395264 0.5
vt 0.4000000059604645 0.5
vt 0.4333333373069763 0.5
vt 0.46666666865348816 0.5
vt 0.5 0.5
vt 0.5333333611488342 0.5
vt 0.5666666626930237 0.5
vt 0.6000000238418579 0.5
vt 0.6333333253860474 0.5
vt 0.6666666865348816 0.5
vt 0.699999988079071 0.5
vt 0.7333333492279053 0.5
vt 0.7666666507720947 0.5
vt 0.800000011920929 0.5
vt 0.8333333134651184 0.5
vt 0.8666666746139526 0.5
vt 0.8999999761581421 0.5
vt 0.9333333373069763 0.5
vt 0.9666666388511658 0.5
vt 1 0.5
vt 0 0.6000000238418579
vt 0.03333333507180214 0.6000000238418579
vt 0.06666667014360428 0.6000000238418579
vt 0.10000000149011612 0.6000000238418579
vt 0.13333334028720856 0.6000000238418579
vt 0.1666666716337204 0.6000000238418579
vt 0.20000000298023224 0.6000000238418579
vt 0.23333333432674408 0.6000000238418579
vt 0.2666666805744171 0.6000000238418579
vt 0.30000001192092896 0.6000000238418579
vt 0.3333333432674408 0.6000000238418579
vt 0.36666667461395264 0.6000000238418579
vt 0.4000000059604645 0.6000000238418579
vt 0.4333333373069763 0.6000000238418579
vt 0.46666666865348816 0.6000000238418579
vt 0.5 0.6000000238418579
vt 0.5333333611488342 0.6000000238418579
vt 0.5666666626930237 0.6000000238418579
vt 0.6000000238418579 0.6000000238418579
vt 0.6333333253860474 0.6000000238418579
vt 0.6666666865348816 0.6000000238418579
vt 0.699999988079071 0.6000000238418579
vt 0.7333333492279053 0.6000000238418579
vt 0.7666666507720947 0.6000000238418579
vt 0.800000011920929 0.6000000238418579
vt 0.8333333134651184 0.6000000238418579
vt 0.8666666746139526 0.6000000238418579
vt 0.8999999761581421 0.6000000238418579
vt 0.9333333373069763 0.6000000238418579
vt 0.9666666388511658 0.6000000238418579
vt 1 0.6000000238418579
vt 0 0.699999988079071
vt 0.03333333507180214 0.699999988079071
vt 0.06666667014360428 0.699999988079071
vt 0.10000000149011612 0.699999988079071
vt 0.13333334028720856 0.699999988079071
vt 0.1666666716337204 0.699999988079071
vt 0.20000000298023224 0.699999988079071
vt 0.23333333432674408 0.699999988079071
vt 0.2666666805744171 0.699999988079071
vt 0.30000001192092896 0.699999988079071
vt 0.3333333432674408 0.699999988079071
vt 0.36666667461395264 0.699999988079071
vt 0.4000000059604645 0.699999988079071
vt 0.4333333373069763 0.699999988079071
vt 0.46666666865348816 0.699999988079071
vt 0.5 0.699999988079071
vt 0.5333333611488342 0.699999988079071
vt 0.5666666626930237 0.699999988079071
vt 0.6000000238418579 0.699999988079071
vt 0.6333333253860474 0.699999988079071
vt 0.6666666865348816 0.699999988079071
vt 0.699999988079071 0.699999988079071
vt 0.7333333492279053 0.699999988079071
vt 0.7666666507720947 0.699999988079071
vt 0.800000011920929 0.699999988079071
vt 0.8333333134651184 0.699999988079071
vt 0.8666666746139526 0.699999988079071
vt 0.8999999761581421 0.699999988079071
vt 0.9333333373069763 0.699999988079071
vt 0.9666666388511658 0.699999988079071
vt 1 0.699999988079071
vt 0 0.800000011920929
vt 0.03333333507180214 0.800000011920929
vt 0.06666667014360428 0.800000011920929
vt 0.10000000149011612 0.800000011920929
vt 0.13333334028720856 0.800000011920929
vt 0.1666666716337204 0.800000011920929
vt 0.20000000298023224 0.800000011920929
vt 0.23333333432674408 0.800000011920929
vt 0.2666666805744171 0.800000011920929
vt 0.30000001192092896 0.800000011920929
vt 0.3333333432674408 0.800000011920929
vt 0.36666667461395264 0.800000011920929
vt 0.4000000059604645 0.800000011920929
vt 0.4333333373069763 0.800000011920929
vt 0.46666666865348816 0.800000011920929
vt 0.5 0.800000011920929
vt 0.5333333611488342 0.800000011920929
vt 0.5666666626930237 0.800000011920929
vt 0.6000000238418579 0.800000011920929
vt 0.6333333253860474 0.800000011920929
vt 0.6666666865348816 0.800000011920929
vt 0.699999988079071 0.800000011920929
vt 0.7333333492279053 0.800000011920929
vt 0.7666666507720947 0.800000011920929
vt 0.800000011920929 0.800000011920929
vt 0.8333333134651184 0.800000011920929
vt 0.8666666746139526 0.800000011920929
vt 0.8999999761581421 0.800000011920929
vt 0.9333333373069763 0.800000011920929
vt 0.9666666388511658 0.800000011920929
vt 1 0.800000011920929
vt 0 0.8999999761581421
vt 0.03333333507180214 0.8999999761581421
vt 0.06666667014360428 0.8999999761581421
vt 0.10000000149011612 0.8999999761581421
vt 0.13333334028720856 0.8999999761581421
vt 0.1666666716337204 0.8999999761581421
vt 0.20000000298023224 0.8999999761581421
vt 0.23333333432674408 0.8999999761581421
vt 0.2666666805744171 0.8999999761581421
vt 0.30000001192092896 0.8999999761581421
vt 0.3333333432674408 0.8999999761581421
vt 0.36666667461395264 0.8999999761581421
vt 0.4000000059604645 0.8999999761581421
vt 0.4333333373069763 0.8999999761581421
vt 0.46666666865348816 0.8999999761581421
vt 0.5 0.8999999761581421
vt 0.5333333611488342 0.8999999761581421
vt 0.5666666626930237 0.8999999761581421
vt 0.6000000238418579 0.8999999761581421
vt 0.6333333253860474 0.8999999761581421
vt 0.6666666865348816 0.8999999761581421
vt 0.699999988079071 0.8999999761581421
vt 0.7333333492279053 0.8999999761581421
vt 0.7666666507720947 0.8999999761581421
vt 0.800000011920929 0.8999999761581421
vt 0.8333333134651184 0.8999999761581421
vt 0.8666666746139526 0.8999999761581421
vt 0.8999999761581421 0.8999999761581421
vt 0.9333333373069763 0.8999999761581421
vt 0.9666666388511658 0.8999999761581421
vt 1 0.8999999761581421
vt 0 1
vt 0.03333333507180214 1
vt 0.06666667014360428 1
vt 0.10000000149011612 1
vt 0.13333334028720856 1
vt 0.1666666716337204 1
vt 0.20000000298023224 1
vt 0.23333333432674408 1
vt 0.2666666805744171 1
vt 0.30000001192092896 1
vt 0.3333333432674408 1
vt 0.36666667461395264 1
vt 0.4000000059604645 1
vt 0.4333333373069763 1
vt 0.46666666865348816 1
vt 0.5 1
vt 0.5333333611488342 1
vt 0.5666666626930237 1
vt 0.6000000238418579 1
vt 0.6333333253860474 1
vt 0.6666666865348816 1
vt 0.699999988079071 1
vt 0.7333333492279053 1
vt 0.7666666507720947 1
vt 0.800000011920929 1
vt 0.8333333134651184 1
vt 0.8666666746139526 1
vt 0.8999999761581421 1
vt 0.9333333373069763 1
vt 0.9666666388511658 1
vt 1 1
vn 1 0 0
vn 0.9781476029836251 0.2079116802331908 0
vn 0.9135454533753186 0.40673665266027326 0
vn 0.8090170011595983 0.5877852429542022 0
vn 0.6691306233342523 0.7431448101926803 0
vn 0.5000000067305869 0.8660253998985324 0
vn 0.3090169948284817 0.9510565161477913 0
vn 0.10452846222910053 0.9945218954774298 0
vn -0.10452846222910053 0.9945218954774298 0
vn -0.3090169948284817 0.9510565161477913 0
vn -0.5000000067305869 0.8660253998985324 0
vn -0.6691306233342523 0.7431448101926803 0
vn -0.8090170011595983 0.5877852429542022 0
vn -0.9135454533753186 0.40673665266027326 0
vn -0.9781476029836251 0.2079116802331908 0
vn -1 1.2246468525851679e-16 0
vn -0.9781476029836251 -0.2079116802331908 0
vn -0.9135454533753186 -0.40673665266027326 0
vn -0.8090170011595983 -0.5877852429542022 0
vn -0.6691306233342523 -0.7431448101926803 0
vn -0.5000000067305869 -0.8660253998985324 0
vn -0.3090169948284817 -0.9510565161477913 0
vn -0.10452846222910053 -0.9945218954774298 0
vn 0.10452846222910053 -0.9945218954774298 0
vn 0.3090169948284817 -0.9510565161477913 0
vn 0.5000000067305869 -0.8660253998985324 0
vn 0.6691306233342523 -0.7431448101926803 0
vn 0.8090170011595983 -0.5877852429542022 0
vn 0.9135454533753186 -0.40673665266027326 0
vn 0.9781476029836251 -0.2079116802331908 0
vn 1 -2.4492937051703357e-16 0
vn 0.8090170011595983 0 0.5877852429542022
vn 0.7913380347694764 0.1682040857914516 0.5877852501128663
vn 0.7390738090735351 0.3290568572853501 0.5877852408958771
vn 0.6545084820016838 0.4755282776441266 0.5877852534290582
vn 0.5413380307816883 0.6012167977894 0.5877852486114834
vn 0.40450849559501084 0.7006292840523903 0.5877852357108809
vn 0.25000000547057527 0.7694208790345749 0.5877852568501308
vn 0.08456530567360536 0.8045851130530445 0.5877852540934906
vn -0.08456530567360536 0.8045851130530445 0.5877852540934906
vn -0.25000000547057527 0.7694208790345749 0.5877852568501308
vn -0.40450849559501084 0.7006292840523903 0.5877852357108809
vn -0.5413380307816883 0.6012167977894 0.5877852486114834
vn -0.6545084820016838 0.4755282776441266 0.5877852534290582
vn -0.7390738090735351 0.3290568572853501 0.5877852408958771
vn -0.7913380347694764 0.1682040857914516 0.5877852501128663
vn -0.8090170011595983 9.907600768053078e-17 0.5877852429542022
vn -0.7913380347694764 -0.1682040857914516 0.5877852501128663
vn -0.7390738090735351 -0.3290568572853501 0.5877852408958771
vn -0.6545084820016838 -0.4755282776441266 0.5877852534290582
vn -0.5413380307816883 -0.6012167977894 0.5877852486114834
vn -0.40450849559501084 -0.7006292840523903 0.5877852357108809
vn -0.25000000547057527 -0.7694208790345749 0.5877852568501308
vn -0.08456530567360536 -0.8045851130530445 0.5877852540934906
vn 0.08456530567360536 -0.8045851130530445 0.5877852540934906
vn 0.25000000547057527 -0.7694208790345749 0.5877852568501308
vn 0.40450849559501084 -0.7006292840523903 0.5877852357108809
vn 0.5413380307816883 -0.6012167977894 0.5877852486114834
vn 0.6545084820016838 -0.4755282776441266 0.5877852534290582
vn 0.7390738090735351 -0.3290568572853501 0.5877852408958771
vn 0.7913380347694764 -0.1682040857914516 0.5877852501128663
vn 0.8090170011595983 -1.9815201536106157e-16 0.5877852429542022
vn 0.3090169948284817 0 0.9510565161477913
vn 0.30226423541356434 0.06424824724475749 0.9510565149957335
vn 0.2823010620896563 0.12568853518760317 0.9510565190699483
vn 0.24999999431051087 0.18163562897734423 0.9510565183682562
vn 0.20677272539690164 0.2296443682197275 0.9510565199697123
vn 0.15450849759791035 0.267616563598785 0.9510565172783444
vn 0.09549150409137153 0.2938926156295723 0.9510565194165781
vn 0.03230107126126292 0.30732416374025573 0.951056517340966
vn -0.03230107126126292 0.30732416374025573 0.951056517340966
vn -0.09549150409137153 0.2938926156295723 0.9510565194165781
vn -0.15450849759791035 0.267616563598785 0.9510565172783444
vn -0.20677272539690164 0.2296443682197275 0.9510565199697123
vn -0.24999999431051087 0.18163562897734423 0.9510565183682562
vn -0.2823010620896563 0.12568853518760317 0.9510565190699483
vn -0.30226423541356434 0.06424824724475749 0.9510565149957335
vn -0.3090169948284817 3.784366758465668e-17 0.9510565161477913
vn -0.30226423541356434 -0.06424824724475749 0.9510565149957335
vn -0.2823010620896563 -0.12568853518760317 0.9510565190699483
vn -0.24999999431051087 -0.18163562897734423 0.9510565183682562
vn -0.20677272539690164 -0.2296443682197275 0.9510565199697123
vn -0.15450849759791035 -0.267616563598785 0.9510565172783444
vn -0.09549150409137153 -0.2938926156295723 0.9510565194165781
vn -0.03230107126126292 -0.30732416374025573 0.951056517340966
vn 0.03230107126126292 -0.30732416374025573 0.951056517340966
vn 0.09549150409137153 -0.2938926156295723 0.9510565194165781
vn 0.15450849759791035 -0.267616563598785 0.9510565172783444
vn 0.20677272539690164 -0.2296443682197275 0.9510565199697123
vn 0.24999999431051087 -0.18163562897734423 0.9510565183682562
vn 0.2823010620896563 -0.12568853518760317 0.9510565190699483
vn 0.30226423541356434 -0.06424824724475749 0.9510565149957335
vn 0.3090169948284817 -7.568733516931335e-17 0.9510565161477913
vn -0.3090169948284817 0 0.9510565161477913
vn -0.30226423541356434 -0.06424824724475749 0.9510565149957335
vn -0.2823010620896563 -0.12568853518760317 0.9510565190699483
vn -0.24999999431051087 -0.18163562897734423 0.9510565183682562
vn -0.20677272539690164 -0.2296443682197275 0.9510565199697123
vn -0.15450849759791035 -0.267616563598785 0.9510565172783444
vn -0.09549150409137153 -0.2938926156295723 0.9510565194165781
vn -0.03230107126126292 -0.30732416374025573 0.951056517340966
vn 0.03230107126126292 -0.30732416374025573 0.951056517340966
vn 0.09549150409137153 -0.2938926156295723 0.9510565194165781
vn 0.15450849759791035 -0.267616563598785 0.9510565172783444
vn 0.20677272539690164 -0.2296443682197275 0.9510565199697123
vn 0.24999999431051087 -0.18163562897734423 0.9510565183682562
vn 0.2823010620896563 -0.12568853518760317 0.9510565190699483
vn 0.30226423541356434 -0.06424824724475749 0.9510565149957335
vn 0.3090169948284817 -3.784366758465668e-17 0.9510565161477913
vn 0.30226423541356434 0.06424824724475749 0.9510565149957335
vn 0.2823010620896563 0.12568853518760317 0.9510565190699483
vn 0.24999999431051087 0.18163562897734423 0.9510565183682562
vn 0.20677272539690164 0.2296443682197275 0.9510565199697123
vn 0.15450849759791035 0.267616563598785 0.9510565172783444
vn 0.09549150409137153 0.2938926156295723 0.9510565194165781
vn 0.03230107126126292 0.30732416374025573 0.951056517340966
vn -0.03230107126126292 0.30732416374025573 0.951056517340966
vn -0.09549150409137153 0.2938926156295723 0.9510565194165781
vn -0.15450849759791035 0.267616563598785 0.9510565172783444
vn -0.20677272539690164 0.2296443682197275 0.9510565199697123
vn -0.24999999431051087 0.18163562897734423 0.9510565183682562
vn -0.2823010620896563 0.12568853518760317 0.9510565190699483
vn -0.30226423541356434 0.06424824724475749 0.9510565149957335
vn -0.3090169948284817 7.568733516931335e-17 0.9510565161477913
vn -0.8090170011595983 0 0.5877852429542022
vn -0.7913380347694764 -0.1682040857914516 0.5877852501128663
vn -0.7390738090735351 -0.3290568572853501 0.5877852408958771
vn -0.6545084820016838 -0.4755282776441266 0.5877852534290582
vn -0.5413380307816883 -0.6012167977894 0.5877852486114834
vn -0.40450849559501084 -0.7006292840523903 0.5877852357108809
vn -0.25000000547057527 -0.7694208790345749 0.5877852568501308
vn -0.08456530567360536 -0.8045851130530445 0.5877852540934906
vn 0.08456530567360536 -0.8045851130530445 0.5877852540934906
vn 0.25000000547057527 -0.7694208790345749 0.5877852568501308
vn 0.40450849559501084 -0.7006292840523903 0.5877852357108809
vn 0.5413380307816883 -0.6012167977894 0.5877852486114834
vn 0.6545084820016838 -0.4755282776441266 0.5877852534290582
vn 0.7390738090735351 -0.3290568572853501 0.5877852408958771
vn 0.7913380347694764 -0.1682040857914516 0.5877852501128663
vn 0.8090170011595983 -9.907600768053078e-17 0.5877852429542022
vn 0.7913380347694764 0.1682040857914516 0.5877852501128663
vn 0.7390738090735351 0.3290568572853501 0.5877852408958771
vn 0.6545084820016838 0.4755282776441266 0.5877852534290582
vn 0.5413380307816883 0.6012167977894 0.5877852486114834
vn 0.40450849559501084 0.7006292840523903 0.5877852357108809
vn 0.25000000547057527 0.7694208790345749 0.5877852568501308
vn 0.08456530567360536 0.8045851130530445 0.5877852540934906
vn -0.08456530567360536 0.8045851130530445 0.5877852540934906
vn -0.25000000547057527 0.7694208790345749 0.5877852568501308
vn -0.40450849559501084 0.7006292840523903 0.5877852357108809
vn -0.5413380307816883 0.6012167977894 0.5877852486114834
vn -0.6545084820016838 0.4755282776441266 0.5877852534290582
vn -0.7390738090735351 0.3290568572853501 0.5877852408958771
vn -0.7913380347694764 0.1682040857914516 0.5877852501128663
vn -0.8090170011595983 1.9815201536106157e-16 0.5877852429542022
vn -1 0 1.2246468525851679e-16
vn -0.9781476029836251 -0.2079116802331908 1.224646823864733e-16
vn -0.9135454533753186 -0.40673665266027326 1.2246468843141363e-16
vn -0.8090170011595983 -0.5877852429542022 1.2246468504311792e-16
vn -0.6691306233342523 -0.7431448101926803 1.224646852573538e-16
vn -0.5000000067305869 -0.8660253998985324 1.224646869070352e-16
vn -0.3090169948284817 -0.9510565161477913 1.2246468218554823e-16
vn -0.10452846222910053 -0.9945218954774298 1.2246468274214173e-16
vn 0.10452846222910053 -0.9945218954774298 1.2246468274214173e-16
vn 0.3090169948284817 -0.9510565161477913 1.2246468218554823e-16
vn 0.5000000067305869 -0.8660253998985324 1.224646869070352e-16
vn 0.6691306233342523 -0.7431448101926803 1.224646852573538e-16
vn 0.8090170011595983 -0.5877852429542022 1.2246468504311792e-16
vn 0.9135454533753186 -0.40673665266027326 1.2246468843141363e-16
vn 0.9781476029836251 -0.2079116802331908 1.224646823864733e-16
vn 1 -1.2246468525851679e-16 1.2246468525851679e-16
vn 0.9781476029836251 0.2079116802331908 1.224646823864733e-16
vn 0.9135454533753186 0.40673665266027326 1.2246468843141363e-16
vn 0.8090170011595983 0.5877852429542022 1.2246468504311792e-16
vn 0.6691306233342523 0.7431448101926803 1.224646852573538e-16
vn 0.5000000067305869 0.8660253998985324 1.224646869070352e-16
vn 0.3090169948284817 0.9510565161477913 1.2246468218554823e-16
vn 0.10452846222910053 0.9945218954774298 1.2246468274214173e-16
vn -0.10452846222910053 0.9945218954774298 1.2246468274214173e-16
vn -0.3090169948284817 0.9510565161477913 1.2246468218554823e-16
vn -0.5000000067305869 0.8660253998985324 1.224646869070352e-16
vn -0.6691306233342523 0.7431448101926803 1.224646852573538e-16
vn -0.8090170011595983 0.5877852429542022 1.2246468504311792e-16
vn -0.9135454533753186 0.40673665266027326 1.2246468843141363e-16
vn -0.9781476029836251 0.2079116802331908 1.224646823864733e-16
vn -1 2.4492937051703357e-16 1.2246468525851679e-16
vn -0.8090170011595983 0 -0.5877852429542022
vn -0.7913380347694764 -0.1682040857914516 -0.5877852501128663
vn -0.7390738090735351 -0.3290568572853501 -0.5877852408958771
vn -0.6545084820016838 -0.4755282776441266 -0.5877852534290582
vn -0.5413380307816883 -0.6012167977894 -0.5877852486114834
vn -0.40450849559501084 -0.7006292840523903 -0.5877852357108809
vn -0.25000000547057527 -0.7694208790345749 -0.5877852568501308
vn -0.08456530567360536 -0.8045851130530445 -0.5877852540934906
vn 0.08456530567360536 -0.8045851130530445 -0.5877852540934906
vn 0.25000000547057527 -0.7694208790345749 -0.5877852568501308
vn 0.40450849559501084 -0.7006292840523903 -0.5877852357108809
vn 0.5413380307816883 -0.6012167977894 -0.5877852486114834
vn 0.6545084820016838 -0.4755282776441266 -0.5877852534290582
vn 0.7390738090735351 -0.3290568572853501 -0.5877852408958771
vn 0.7913380347694764 -0.1682040857914516 -0.5877852501128663
vn 0.8090170011595983 -9.907600768053078e-17 -0.5877852429542022
vn 0.7913380347694764 0.1682040857914516 -0.5877852501128663
vn 0.7390738090735351 0.3290568572853501 -0.5877852408958771
vn 0.6545084820016838 0.4755282776441266 -0.5877852534290582
vn 0.5413380307816883 0.6012167977894 -0.5877852486114834
vn 0.40450849559501084 0.7006292840523903 -0.5877852357108809
vn 0.25000000547057527 0.7694208790345749 -0.5877852568501308
vn 0.08456530567360536 0.8045851130530445 -0.5877852540934906
vn -0.08456530567360536 0.8045851130530445 -0.5877852540934906
vn -0.25000000547057527 0.7694208790345749 -0.5877852568501308
vn -0.40450849559501084 0.7006292840523903 -0.5877852357108809
vn -0.5413380307816883 0.6012167977894 -0.5877852486114834
vn -0.6545084820016838 0.4755282776441266 -0.5877852534290582
vn -0.7390738090735351 0.3290568572853501 -0.5877852408958771
vn -0.7913380347694764 0.1682040857914516 -0.5877852501128663
vn -0.8090170011595983 1.9815201536106157e-16 -0.5877852429542022
vn -0.3090169948284817 0 -0.9510565161477913
vn -0.30226423541356434 -0.06424824724475749 -0.9510565149957335
vn -0.2823010620896563 -0.12568853518760317 -0.9510565190699483
vn -0.24999999431051087 -0.18163562897734423 -0.9510565183682562
vn -0.20677272539690164 -0.2296443682197275 -0.9510565199697123
vn -0.15450849759791035 -0.267616563598785 -0.9510565172783444
vn -0.09549150409137153 -0.2938926156295723 -0.9510565194165781
vn -0.03230107126126292 -0.30732416374025573 -0.951056517340966
vn 0.03230107126126292 -0.30732416374025573 -0.951056517340966
vn 0.09549150409137153 -0.2938926156295723 -0.9510565194165781
vn 0.15450849759791035 -0.267616563598785 -0.9510565172783444
vn 0.20677272539690164 -0.2296443682197275 -0.9510565199697123
vn 0.24999999431051087 -0.18163562897734423 -0.9510565183682562
vn 0.2823010620896563 -0.12568853518760317 -0.9510565190699483
vn 0.30226423541356434 -0.06424824724475749 -0.9510565149957335
vn 0.3090169948284817 -3.784366758465668e-17 -0.9510565161477913
vn 0.30226423541356434 0.06424824724475749 -0.9510565149957335
vn 0.2823010620896563 0.12568853518760317 -0.9510565190699483
vn 0.24999999431051087 0.18163562897734423 -0.9510565183682562
vn 0.20677272539690164 0.2296443682197275 -0.9510565199697123
vn 0.15450849759791035 0.267616563598785 -0.9510565172783444
vn 0.09549150409137153 0.2938926156295723 -0.9510565194165781
vn 0.03230107126126292 0.30732416374025573 -0.951056517340966
vn -0.03230107126126292 0.30732416374025573 -0.951056517340966
vn -0.09549150409137153 0.2938926156295723 -0.9510565194165781
vn -0.15450849759791035 0.267616563598785 -0.9510565172783444
vn -0.20677272539690164 0.2296443682197275 -0.9510565199697123
vn -0.24999999431051087 0.18163562897734423 -0.9510565183682562
vn -0.2823010620896563 0.12568853518760317 -0.9510565190699483
vn -0.30226423541356434 0.06424824724475749 -0.9510565149957335
vn -0.3090169948284817 7.568733516931335e-17 -0.9510565161477913
vn 0.3090169948284817 0 -0.9510565161477913
vn 0.30226423541356434 0.06424824724475749 -0.9510565149957335
vn 0.2823010620896563 0.12568853518760317 -0.9510565190699483
vn 0.24999999431051087 0.18163562897734423 -0.9510565183682562
vn 0.20677272539690164 0.2296443682197275 -0.9510565199697123
vn 0.15450849759791035 0.267616563598785 -0.9510565172783444
vn 0.09549150409137153 0.2938926156295723 -0.9510565194165781
vn 0.03230107126126292 0.30732416374025573 -0.951056517340966
vn -0.03230107126126292 0.30732416374025573 -0.951056517340966
vn -0.09549150409137153 0.2938926156295723 -0.9510565194165781
vn -0.15450849759791035 0.267616563598785 -0.9510565172783444
vn -0.20677272539690164 0.2296443682197275 -0.9510565199697123
vn -0.24999999431051087 0.18163562897734423 -0.9510565183682562
vn -0.2823010620896563 0.12568853518760317 -0.9510565190699483
vn -0.30226423541356434 0.06424824724475749 -0.9510565149957335
vn -0.3090169948284817 3.784366758465668e-17 -0.9510565161477913
vn -0.30226423541356434 -0.06424824724475749 -0.9510565149957335
vn -0.2823010620896563 -0.12568853518760317 -0.9510565190699483
vn -0.24999999431051087 -0.18163562897734423 -0.9510565183682562
vn -0.20677272539690164 -0.2296443682197275 -0.9510565199697123
vn -0.15450849759791035 -0.267616563598785 -0.9510565172783444
vn -0.09549150409137153 -0.2938926156295723 -0.9510565194165781
vn -0.03230107126126292 -0.30732416374025573 -0.951056517340966
vn 0.03230107126126292 -0.30732416374025573 -0.951056517340966
vn 0.09549150409137153 -0.2938926156295723 -0.9510565194165781
vn 0.15450849759791035 -0.267616563598785 -0.9510565172783444
vn 0.20677272539690164 -0.2296443682197275 -0.9510565199697123
vn 0.24999999431051087 -0.18163562897734423 -0.9510565183682562
vn 0.2823010620896563 -0.12568853518760317 -0.9510565190699483
vn 0.30226423541356434 -0.06424824724475749 -0.9510565149957335
vn 0.3090169948284817 -7.568733516931335e-17 -0.9510565161477913
vn 0.8090170011595983 0 -0.5877852429542022
vn 0.7913380347694764 0.1682040857914516 -0.5877852501128663
vn 0.7390738090735351 0.3290568572853501 -0.5877852408958771
vn 0.6545084820016838 0.4755282776441266 -0.5877852534290582
vn 0.5413380307816883 0.6012167977894 -0.5877852486114834
vn 0.40450849559501084 0.7006292840523903 -0.5877852357108809
vn 0.25000000547057527 0.7694208790345749 -0.5877852568501308
vn 0.08456530567360536 0.8045851130530445 -0.5877852540934906
vn -0.08456530567360536 0.8045851130530445 -0.5877852540934906
vn -0.25000000547057527 0.7694208790345749 -0.5877852568501308
vn -0.40450849559501084 0.7006292840523903 -0.5877852357108809
vn -0.5413380307816883 0.6012167977894 -0.5877852486114834
vn -0.6545084820016838 0.4755282776441266 -0.5877852534290582
vn -0.7390738090735351 0.3290568572853501 -0.5877852408958771
vn -0.7913380347694764 0.1682040857914516 -0.5877852501128663
vn -0.8090170011595983 9.907600768053078e-17 -0.5877852429542022
vn -0.7913380347694764 -0.1682040857914516 -0.5877852501128663
vn -0.7390738090735351 -0.3290568572853501 -0.5877852408958771
vn -0.6545084820016838 -0.4755282776441266 -0.5877852534290582
vn -0.5413380307816883 -0.6012167977894 -0.5877852486114834
vn -0.40450849559501084 -0.7006292840523903 -0.5877852357108809
vn -0.25000000547057527 -0.7694208790345749 -0.5877852568501308
vn -0.08456530567360536 -0.8045851130530445 -0.5877852540934906
vn 0.08456530567360536 -0.8045851130530445 -0.5877852540934906
vn 0.25000000547057527 -0.7694208790345749 -0.5877852568501308
vn 0.40450849559501084 -0.7006292840523903 -0.5877852357108809
vn 0.5413380307816883 -0.6012167977894 -0.5877852486114834
vn 0.6545084820016838 -0.4755282776441266 -0.5877852534290582
vn 0.7390738090735351 -0.3290568572853501 -0.5877852408958771
vn 0.7913380347694764 -0.1682040857914516 -0.5877852501128663
vn 0.8090170011595983 -1.9815201536106157e-16 -0.5877852429542022
vn 1 0 -2.4492937051703357e-16
vn 0.9781476029836251 0.2079116802331908 -2.449293647729466e-16
vn 0.9135454533753186 0.40673665266027326 -2.4492937686282727e-16
vn 0.8090170011595983 0.5877852429542022 -2.4492937008623584e-16
vn 0.6691306233342523 0.7431448101926803 -2.449293705147076e-16
vn 0.5000000067305869 0.8660253998985324 -2.449293738140704e-16
vn 0.3090169948284817 0.9510565161477913 -2.4492936437109645e-16
vn 0.10452846222910053 0.9945218954774298 -2.4492936548428347e-16
vn -0.10452846222910053 0.9945218954774298 -2.4492936548428347e-16
vn -0.3090169948284817 0.9510565161477913 -2.4492936437109645e-16
vn -0.5000000067305869 0.8660253998985324 -2.449293738140704e-16
vn -0.6691306233342523 0.7431448101926803 -2.449293705147076e-16
vn -0.8090170011595983 0.5877852429542022 -2.4492937008623584e-16
vn -0.9135454533753186 0.40673665266027326 -2.4492937686282727e-16
vn -0.9781476029836251 0.2079116802331908 -2.449293647729466e-16
vn -1 1.2246468525851679e-16 -2.4492937051703357e-16
vn -0.9781476029836251 -0.2079116802331908 -2.449293647729466e-16
vn -0.9135454533753186 -0.40673665266027326 -2.4492937686282727e-16
vn -0.8090170011595983 -0.5877852429542022 -2.4492937008623584e-16
vn -0.6691306233342523 -0.7431448101926803 -2.449293705147076e-16
vn -0.5000000067305869 -0.8660253998985324 -2.449293738140704e-16
vn -0.3090169948284817 -0.9510565161477913 -2.4492936437109645e-16
vn -0.10452846222910053 -0.9945218954774298 -2.4492936548428347e-16
vn 0.10452846222910053 -0.9945218954774298 -2.4492936548428347e-16
vn 0.3090169948284817 -0.9510565161477913 -2.4492936437109645e-16
vn 0.5000000067305869 -0.8660253998985324 -2.449293738140704e-16
vn 0.6691306233342523 -0.7431448101926803 -2.449293705147076e-16
vn 0.8090170011595983 -0.5877852429542022 -2.4492937008623584e-16
vn 0.9135454533753186 -0.40673665266027326 -2.4492937686282727e-16
vn 0.9781476029836251 -0.2079116802331908 -2.449293647729466e-16
vn 1 -2.4492937051703357e-16 -2.4492937051703357e-16
f 2524/2524/2524 2493/2493/2493 2525/2525/2525
f 2493/2493/2493 2494/2494/2494 2525/2525/2525
f 2525/2525/2525 2494/2494/2494 2526/2526/2526
f 2494/2494/2494 2495/2495/2495 2526/2526/2526
f 2526/2526/2526 2495/2495/2495 2527/2527/2527
f 2495/2495/2495 2496/2496/2496 2527/2527/2527
f 2527/2527/2527 2496/2496/2496 2528/2528/2528
f 2496/2496/2496 2497/2497/2497 2528/2528/2528
f 2528/2528/2528 2497/2497/2497 2529/2529/2529
f 2497/2497/2497 2498/2498/2498 2529/2529/2529
f 2529/2529/2529 2498/2498/2498 2530/2530/2530
f 2498/2498/2498 2499/2499/2499 2530/2530/2530
f 2530/2530/2530 2499/2499/2499 2531/2531/2531
f 2499/2499/2499 2500/2500/2500 2531/2531/2531
f 2531/2531/2531 2500/2500/2500 2532/2532/2532
f 2500/2500/2500 2501/2501/2501 2532/2532/2532
f 2532/2532/2532 2501/2501/2501 2533/2533/2533
f 2501/2501/2501 2502/2502/2502 2533/2533/2533
f 2533/2533/2533 2502/2502/2502 2534/2534/2534
f 2502/2502/2502 2503/2503/2503 2534/2534/2534
f 2534/2534/2534 2503/2503/2503 2535/2535/2535
f 2503/2503/2503 2504/2504/2504 2535/2535/2535
f 2535/2535/2535 2504/2504/2504 2536/2536/2536
f 2504/2504/2504 2505/2505/2505 2536/2536/2536
f 2536/2536/2536 2505/2505/2505 2537/2537/2537
f 2505/2505/2505 2506/2506/2506 2537/2537/2537
f 2537/2537/2537 2506/2506/2506 2538/2538/2538
f 2506/2506/2506 2507/2507/2507 2538/2538/2538
f 2538/2538/2538 2507/2507/2507 2539/2539/2539
f 2507/2507/2507 2508/2508/2508 2539/2539/2539
f 2539/2539/2539 2508/2508/2508 2540/2540/2540
f 2508/2508/2508 2509/2509/2509 2540/2540/2540
f 2540/2540/2540 2509/2509/2509 2541/2541/2541
f 2509/2509/2509 2510/2510/2510 2541/2541/2541
f 2541/2541/2541 2510/2510/2510 2542/2542/2542
f 2510/2510/2510 2511/2511/2511 2542/2542/2542
f 2542/2542/2542 2511/2511/2511 2543/2543/2543
f 2511/2511/2511 2512/2512/2512 2543/2543/2543
f 2543/2543/2543 2512/2512/2512 2544/2544/2544
f 2512/2512/2512 2513/2513/2513 2544/2544/2544
f 2544/2544/2544 2513/2513/2513 2545/2545/2545
f 2513/2513/2513 2514/2514/2514 2545/2545/2545
f 2545/2545/2545 2514/2514/2514 2546/2546/2546
f 2514/2514/2514 2515/2515/2515 2546/2546/2546
f 2546/2546/2546 2515/2515/2515 2547/2547/2547
f 2515/2515/2515 2516/2516/2516 2547/2547/2547
f 2547/2547/2547 2516/2516/2516 2548/2548/2548
f 2516/2516/2516 2517/2517/2517 2548/2548/2548
f 2548/2548/2548 2517/2517/2517 2549/2549/2549
f 2517/2517/2517 2518/2518/2518 2549/2549/2549
f 2549/2549/2549 2518/2518/2518 2550/2550/2550
f 2518/2518/2518 2519/2519/2519 2550/2550/2550
f 2550/2550/2550 2519/2519/2519 2551/2551/2551
f 2519/2519/2519 2520/2520/2520 2551/2551/2551
f 2551/2551/2551 2520/2520/2520 2552/2552/2552
f 2520/2520/2520 2521/2521/2521 2552/2552/2552
f 2552/2552/2552 2521/2521/2521 2553/2553/2553
f 2521/2521/2521 2522/2522/2522 2553/2553/2553
f 2553/2553/2553 2522/2522/2522 2554/2554/2554
f 2522/2522/2522 2523/2523/2523 2554/2554/2554
f 2555/2555/2555 2524/2524/2524 2556/2556/2556
f 2524/2524/2524 2525/2525/2525 2556/2556/2556
f 2556/2556/2556 2525/2525/2525 2557/2557/2557
f 2525/2525/2525 2526/2526/2526 2557/2557/2557
f 2557/2557/2557 2526/2526/2526 2558/2558/2558
f 2526/2526/2526 2527/2527/2527 2558/2558/2558
f 2558/2558/2558 2527/2527/2527 2559/2559/2559
f 2527/2527/2527 2528/2528/2528 2559/2559/2559
f 2559/2559/2559 2528/2528/2528 2560/2560/2560
f 2528/2528/2528 2529/2529/2529 2560/2560/2560
f 2560/2560/2560 2529/2529/2529 2561/2561/2561
f 2529/2529/2529 2530/2530/2530 2561/2561/2561
f 2561/2561/2561 2530/2530/2530 2562/2562/2562
f 2530/2530/2530 2531/2531/2531 2562/2562/2562
f 2562/2562/2562 2531/2531/2531 2563/2563/2563
f 2531/2531/2531 2532/2532/2532 2563/2563/2563
f 2563/2563/2563 2532/2532/2532 2564/2564/2564
f 2532/2532/2532 2533/2533/2533 2564/2564/2564
f 2564/2564/2564 2533/2533/2533 2565/2565/2565
f 2533/2533/2533 2534/2534/2534 2565/2565/2565
f 2565/2565/2565 2534/2534/2534 2566/2566/2566
f 2534/2534/2534 2535/2535/2535 2566/2566/2566
f 2566/2566/2566 2535/2535/2535 2567/2567/2567
f 2535/2535/2535 2536/2536/2536 2567/2567/2567
f 2567/2567/2567 2536/2536/2536 2568/2568/2568
f 2536/2536/2536 2537/2537/2537 2568/2568/2568
f 2568/2568/2568 2537/2537/2537 2569/2569/2569
f 2537/2537/2537 2538/2538/2538 2569/2569/2569
f 2569/2569/2569 2538/2538/2538 2570/2570/2570
f 2538/2538/2538 2539/2539/2539 2570/2570/2570
f 2570/2570/2570 2539/2539/2539 2571/2571/2571
f 2539/2539/2539 2540/2540/2540 2571/2571/2571
f 2571/2571/2571 2540/2540/2540 2572/2572/2572
f 2540/2540/2540 2541/2541/2541 2572/2572/2572
f 2572/2572/2572 2541/2541/2541 2573/2573/2573
f 2541/2541/2541 2542/2542/2542 2573/2573/2573
f 2573/2573/2573 2542/2542/2542 2574/2574/2574
f 2542/2542/2542 2543/2543/2543 2574/2574/2574
f 2574/2574/2574 2543/2543/2543 2575/2575/2575
f 2543/2543/2543 2544/2544/2544 2575/2575/2575
f 2575/2575/2575 2544/2544/2544 2576/2576/2576
f 2544/2544/2544 2545/2545/2545 2576/2576/2576
f 2576/2576/2576 2545/2545/2545 2577/2577/2577
f 2545/2545/2545 2546/2546/2546 2577/2577/2577
f 2577/2577/2577 2546/2546/2546 2578/2578/2578
f 2546/2546/2546 2547/2547/2547 2578/2578/2578
f 2578/2578/2578 2547/2547/2547 2579/2579/2579
f 2547/2547/2547 2548/2548/2548 2579/2579/2579
f 2579/2579/2579 2548/2548/2548 2580/2580/2580
f 2548/2548/2548 2549/2549/2549 2580/2580/2580
f 2580/2580/2580 2549/2549/2549 2581/2581/2581
f 2549/2549/2549 2550/2550/2550 2581/2581/2581
f 2581/2581/2581 2550/2550/2550 2582/2582/2582
f 2550/2550/2550 2551/2551/2551 2582/2582/2582
f 2582/2582/2582 2551/2551/2551 2583/2583/2583
f 2551/2551/2551 2552/2552/2552 2583/2583/2583
f 2583/2583/2583 2552/2552/2552 2584/2584/2584
f 2552/2552/2552 2553/2553/2553 2584/2584/2584
f 2584/2584/2584 2553/2553/2553 2585/2585/2585
f 2553/2553/2553 2554/2554/2554 2585/2585/2585
f 2586/2586/2586 2555/2555/2555 2587/2587/2587
f 2555/2555/2555 2556/2556/2556 2587/2587/2587
f 2587/2587/2587 2556/2556/2556 2588/2588/2588
f 2556/2556/2556 2557/2557/2557 2588/2588/2588
f 2588/2588/2588 2557/2557/2557 2589/2589/2589
f 2557/2557/2557 2558/2558/2558 2589/2589/2589
f 2589/2589/2589 2558/2558/2558 2590/2590/2590
f 2558/2558/2558 2559/2559/2559 2590/2590/2590
f 2590/2590/2590 2559/2559/2559 2591/2591/2591
f 2559/2559/2559 2560/2560/2560 2591/2591/2591
f 2591/2591/2591 2560/2560/2560 2592/2592/2592
f 2560/2560/2560 2561/2561/2561 2592/2592/2592
f 2592/2592/2592 2561/2561/2561 2593/2593/2593
f 2561/2561/2561 2562/2562/2562 2593/2593/2593
f 2593/2593/2593 2562/2562/2562 2594/2594/2594
f 2562/2562/2562 2563/2563/2563 2594/2594/2594
f 2594/2594/2594 2563/2563/2563 2595/2595/2595
f 2563/2563/2563 2564/2564/2564 2595/2595/2595
f 2595/2595/2595 2564/2564/2564 2596/2596/2596
f 2564/2564/2564 2565/2565/2565 2596/2596/2596
f 2596/2596/2596 2565/2565/2565 2597/2597/2597
f 2565/2565/2565 2566/2566/2566 2597/2597/2597
f 2597/2597/2597 2566/2566/2566 2598/2598/2598
f 2566/2566/2566 2567/2567/2567 2598/2598/2598
f 2598/2598/2598 2567/2567/2567 2599/2599/2599
f 2567/2567/2567 2568/2568/2568 2599/2599/2599
f 2599/2599/2599 2568/2568/2568 2600/2600/2600
f 2568/2568/2568 2569/2569/2569 2600/2600/2600
f 2600/2600/2600 2569/2569/2569 2601/2601/2601
f 2569/2569/2569 2570/2570/2570 2601/2601/2601
f 2601/2601/2601 2570/2570/2570 2602/2602/2602
f 2570/2570/2570 2571/2571/2571 2602/2602/2602
f 2602/2602/2602 2571/2571/2571 2603/2603/2603
f 2571/2571/2571 2572/2572/2572 2603/2603/2603
f 2603/2603/2603 2572/2572/2572 2604/2604/2604
f 2572/2572/2572 2573/2573/2573 2604/2604/2604
f 2604/2604/2604 2573/2573/2573 2605/2605/2605
f 2573/2573/2573 2574/2574/2574 2605/2605/2605
f 2605/2605/2605 2574/2574/2574 2606/2606/2606
f 2574/2574/2574 2575/2575/2575 2606/2606/2606
f 2606/2606/2606 2575/2575/2575 2607/2607/2607
f 2575/2575/2575 2576/2576/2576 2607/2607/2607
f 2607/2607/2607 2576/2576/2576 2608/2608/2608
f 2576/2576/2576 2577/2577/2577 2608/2608/2608
f 2608/2608/2608 2577/2577/2577 2609/2609/2609
f 2577/2577/2577 2578/2578/2578 2609/2609/2609
f 2609/2609/2609 2578/2578/2578 2610/2610/2610
f 2578/2578/2578 2579/2579/2579 2610/2610/2610
f 2610/2610/2610 2579/2579/2579 2611/2611/2611
f 2579/2579/2579 2580/2580/2580 2611/2611/2611
f 2611/2611/2611 2580/2580/2580 2612/2612/2612
f 2580/2580/2580 2581/2581/2581 2612/2612/2612
f 2612/2612/2612 2581/2581/2581 2613/2613/2613
f 2581/2581/2581 2582/2582/2582 2613/2613/2613
f 2613/2613/2613 2582/2582/2582 2614/2614/2614
f 2582/2582/2582 2583/2583/2583 2614/2614/2614
f 2614/2614/2614 2583/2583/2583 2615/2615/2615
f 2583/2583/2583 2584/2584/2584 2615/2615/2615
f 2615/2615/2615 2584/2584/2584 2616/2616/2616
f 2584/2584/2584 2585/2585/2585 2616/2616/2616
f 2617/2617/2617 2586/2586/2586 2618/2618/2618
f 2586/2586/2586 2587/2587/2587 2618/2618/2618
f 2618/2618/2618 2587/2587/2587 2619/2619/2619
f 2587/2587/2587 2588/2588/2588 2619/2619/2619
f 2619/2619/2619 2588/2588/2588 2620/2620/2620
f 2588/2588/2588 2589/2589/2589 2620/2620/2620
f 2620/2620/2620 2589/2589/2589 2621/2621/2621
f 2589/2589/2589 2590/2590/2590 2621/2621/2621
f 2621/2621/2621 2590/2590/2590 2622/2622/2622
f 2590/2590/2590 2591/2591/2591 2622/2622/2622
f 2622/2622/2622 2591/2591/2591 2623/2623/2623
f 2591/2591/2591 2592/2592/2592 2623/2623/2623
f 2623/2623/2623 2592/2592/2592 2624/2624/2624
f 2592/2592/2592 2593/2593/2593 2624/2624/2624
f 2624/2624/2624 2593/2593/2593 2625/2625/2625
f 2593/2593/2593 2594/2594/2594 2625/2625/2625
f 2625/2625/2625 2594/2594/2594 2626/2626/2626
f 2594/2594/2594 2595/2595/2595 2626/2626/2626
f 2626/2626/2626 2595/2595/2595 2627/2627/2627
f 2595/2595/2595 2596/2596/2596 2627/2627/2627
f 2627/2627/2627 2596/2596/2596 2628/2628/2628
f 2596/2596/2596 2597/2597/2597 2628/2628/2628
f 2628/2628/2628 2597/2597/2597 2629/2629/2629
f 2597/2597/2597 2598/2598/2598 2629/2629/2629
f 2629/2629/2629 2598/2598/2598 2630/2630/2630
f 2598/2598/2598 2599/2599/2599 2630/2630/2630
f 2630/2630/2630 2599/2599/2599 2631/2631/2631
f 2599/2599/2599 2600/2600/2600 2631/2631/2631
f 2631/2631/2631 2600/2600/2600 2632/2632/2632
f 2600/2600/2600 2601/2601/2601 2632/2632/2632
f 2632/2632/2632 2601/2601/2601 2633/2633/2633
f 2601/2601/2601 2602/2602/2602 2633/2633/2633
f 2633/2633/2633 2602/2602/2602 2634/2634/2634
f 2602/2602/2602 2603/2603/2603 2634/2634/2634
f 2634/2634/2634 2603/2603/2603 2635/2635/2635
f 2603/2603/2603 2604/2604/2604 2635/2635/2635
f 2635/2635/2635 2604/2604/2604 2636/2636/2636
f 2604/2604/2604 2605/2605/2605 2636/2636/2636
f 2636/2636/2636 2605/2605/2605 2637/2637/2637
f 2605/2605/2605 2606/2606/2606 2637/2637/2637
f 2637/2637/2637 2606/2606/2606 2638/2638/2638
f 2606/2606/2606 2607/2607/2607 2638/2638/2638
f 2638/2638/2638 2607/2607/2607 2639/2639/2639
f 2607/2607/2607 2608/2608/2608 2639/2639/2639
f 2639/2639/2639 2608/2608/2608 2640/2640/2640
f 2608/2608/2608 2609/2609/2609 2640/2640/2640
f 2640/2640/2640 2609/2609/2609 2641/2641/2641
f 2609/2609/2609 2610/2610/2610 2641/2641/2641
f 2641/2641/2641 2610/2610/2610 2642/2642/2642
f 2610/2610/2610 2611/2611/2611 2642/2642/2642
f 2642/2642/2642 2611/2611/2611 2643/2643/2643
f 2611/2611/2611 2612/2612/2612 2643/2643/2643
f 2643/2643/2643 2612/2612/2612 2644/2644/2644
f 2612/2612/2612 2613/2613/2613 2644/2644/2644
f 2644/2644/2644 2613/2613/2613 2645/2645/2645
f 2613/2613/2613 2614/2614/2614 2645/2645/2645
f 2645/2645/2645 2614/2614/2614 2646/2646/2646
f 2614/2614/2614 2615/2615/2615 2646/2646/2646
f 2646/2646/2646 2615/2615/2615 2647/2647/2647
f 2615/2615/2615 2616/2616/2616 2647/2647/2647
f 2648/2648/2648 2617/2617/2617 2649/2649/2649
f 2617/2617/2617 2618/2618/2618 2649/2649/2649
f 2649/2649/2649 2618/2618/2618 2650/2650/2650
f 2618/2618/2618 2619/2619/2619 2650/2650/2650
f 2650/2650/2650 2619/2619/2619 2651/2651/2651
f 2619/2619/2619 2620/2620/2620 2651/2651/2651
f 2651/2651/2651 2620/2620/2620 2652/2652/2652
f 2620/2620/2620 2621/2621/2621 2652/2652/2652
f 2652/2652/2652 2621/2621/2621 2653/2653/2653
f 2621/2621/2621 2622/2622/2622 2653/2653/2653
f 2653/2653/2653 2622/2622/2622 2654/2654/2654
f 2622/2622/2622 2623/2623/2623 2654/2654/2654
f 2654/2654/2654 2623/2623/2623 2655/2655/2655
f 2623/2623/2623 2624/2624/2624 2655/2655/2655
f 2655/2655/2655 2624/2624/2624 2656/2656/2656
f 2624/2624/2624 2625/2625/2625 2656/2656/2656
f 2656/2656/2656 2625/2625/2625 2657/2657/2657
f 2625/2625/2625 2626/2626/2626 2657/2657/2657
f 2657/2657/2657 2626/2626/2626 2658/2658/2658
f 2626/2626/2626 2627/2627/2627 2658/2658/2658
f 2658/2658/2658 2627/2627/2627 2659/2659/2659
f 2627/2627/2627 2628/2628/2628 2659/2659/2659
f 2659/2659/2659 2628/2628/2628 2660/2660/2660
f 2628/2628/2628 2629/2629/2629 2660/2660/2660
f 2660/2660/2660 2629/2629/2629 2661/2661/2661
f 2629/2629/2629 2630/2630/2630 2661/2661/2661
f 2661/2661/2661 2630/2630/2630 2662/2662/2662
f 2630/2630/2630 2631/2631/2631 2662/2662/2662
f 2662/2662/2662 2631/2631/2631 2663/2663/2663
f 2631/2631/2631 2632/2632/2632 2663/2663/2663
f 2663/2663/2663 2632/2632/2632 2664/2664/2664
f 2632/2632/2632 2633/2633/2633 2664/2664/2664
f 2664/2664/2664 2633/2633/2633 2665/2665/2665
f 2633/2633/2633 2634/2634/2634 2665/2665/2665
f 2665/2665/2665 2634/2634/2634 2666/2666/2666
f 2634/2634/2634 2635/2635/2635 2666/2666/2666
f 2666/2666/2666 2635/2635/2635 2667/2667/2667
f 2635/2635/2635 2636/2636/2636 2667/2667/2667
f 2667/2667/2667 2636/2636/2636 2668/2668/2668
f 2636/2636/2636 2637/2637/2637 2668/2668/2668
f 2668/2668/2668 2637/2637/2637 2669/2669/2669
f 2637/2637/2637 2638/2638/2638 2669/2669/2669
f 2669/2669/2669 2638/2638/2638 2670/2670/2670
f 2638/2638/2638 2639/2639/2639 2670/2670/2670
f 2670/2670/2670 2639/2639/2639 2671/2671/2671
f 2639/2639/2639 2640/2640/2640 2671/2671/2671
f 2671/2671/2671 2640/2640/2640 2672/2672/2672
f 2640/2640/2640 2641/2641/2641 2672/2672/2672
f 2672/2672/2672 2641/2641/2641 2673/2673/2673
f 2641/2641/2641 2642/2642/2642 2673/2673/2673
f 2673/2673/2673 2642/2642/2642 2674/2674/2674
f 2642/2642/2642 2643/2643/2643 2674/2674/2674
f 2674/2674/2674 2643/2643/2643 2675/2675/2675
f 2643/2643/2643 2644/2644/2644 2675/2675/2675
f 2675/2675/2675 2644/2644/2644 2676/2676/2676
f 2644/2644/2644 2645/2645/2645 2676/2676/2676
f 2676/2676/2676 2645/2645/2645 2677/2677/2677
f 2645/2645/2645 2646/2646/2646 2677/2677/2677
f 2677/2677/2677 2646/2646/2646 2678/2678/2678
f 2646/2646/2646 2647/2647/2647 2678/2678/2678
f 2679/2679/2679 2648/2648/2648 2680/2680/2680
f 2648/2648/2648 2649/2649/2649 2680/2680/2680
f 2680/2680/2680 2649/2649/2649 2681/2681/2681
f 2649/2649/2649 2650/2650/2650 2681/2681/2681
f 2681/2681/2681 2650/2650/2650 2682/2682/2682
f 2650/2650/2650 2651/2651/2651 2682/2682/2682
f 2682/2682/2682 2651/2651/2651 2683/2683/2683
f 2651/2651/2651 2652/2652/2652 2683/2683/2683
f 2683/2683/2683 2652/2652/2652 2684/2684/2684
f 2652/2652/2652 2653/2653/2653 2684/2684/2684
f 2684/2684/2684 2653/2653/2653 2685/2685/2685
f 2653/2653/2653 2654/2654/2654 2685/2685/2685
f 2685/2685/2685 2654/2654/2654 2686/2686/2686
f 2654/2654/2654 2655/2655/2655 2686/2686/2686
f 2686/2686/2686 2655/2655/2655 2687/2687/2687
f 2655/2655/2655 2656/2656/2656 2687/2687/2687
f 2687/2687/2687 2656/2656/2656 2688/2688/2688
f 2656/2656/2656 2657/2657/2657 2688/2688/2688
f 2688/2688/2688 2657/2657/2657 2689/2689/2689
f 2657/2657/2657 2658/2658/2658 2689/2689/2689
f 2689/2689/2689 2658/2658/2658 2690/2690/2690
f 2658/2658/2658 2659/2659/2659 2690/2690/2690
f 2690/2690/2690 2659/2659/2659 2691/2691/2691
f 2659/2659/2659 2660/2660/2660 2691/2691/2691
f 2691/2691/2691 2660/2660/2660 2692/2692/2692
f 2660/2660/2660 2661/2661/2661 2692/2692/2692
f 2692/2692/2692 2661/2661/2661 2693/2693/2693
f 2661/2661/2661 2662/2662/2662 2693/2693/2693
f 2693/2693/2693 2662/2662/2662 2694/2694/2694
f 2662/2662/2662 2663/2663/2663 2694/2694/2694
f 2694/2694/2694 2663/2663/2663 2695/2695/2695
f 2663/2663/2663 2664/2664/2664 2695/2695/2695
f 2695/2695/2695 2664/2664/2664 2696/2696/2696
f 2664/2664/2664 2665/2665/2665 2696/2696/2696
f 2696/2696/2696 2665/2665/2665 2697/2697/2697
f 2665/2665/2665 2666/2666/2666 2697/2697/2697
f 2697/2697/2697 2666/2666/2666 2698/2698/2698
f 2666/2666/2666 2667/2667/2667 2698/2698/2698
f 2698/2698/2698 2667/2667/2667 2699/2699/2699
f 2667/2667/2667 2668/2668/2668 2699/2699/2699
f 2699/2699/2699 2668/2668/2668 2700/2700/2700
f 2668/2668/2668 2669/2669/2669 2700/2700/2700
f 2700/2700/2700 2669/2669/2669 2701/2701/2701
f 2669/2669/2669 2670/2670/2670 2701/2701/2701
f 2701/2701/2701 2670/2670/2670 2702/2702/2702
f 2670/2670/2670 2671/2671/2671 2702/2702/2702
f 2702/2702/2702 2671/2671/2671 2703/2703/2703
f 2671/2671/2671 2672/2672/2672 2703/2703/2703
f 2703/2703/2703 2672/2672/2672 2704/2704/2704
f 2672/2672/2672 2673/2673/2673 2704/2704/2704
f 2704/2704/2704 2673/2673/2673 2705/2705/2705
f 2673/2673/2673 2674/2674/2674 2705/2705/2705
f 2705/2705/2705 2674/2674/2674 2706/2706/2706
f 2674/2674/2674 2675/2675/2675 2706/2706/2706
f 2706/2706/2706 2675/2675/2675 2707/2707/2707
f 2675/2675/2675 2676/2676/2676 2707/2707/2707
f 2707/2707/2707 2676/2676/2676 2708/2708/2708
f 2676/2676/2676 2677/2677/2677 2708/2708/2708
f 2708/2708/2708 2677/2677/2677 2709/2709/2709
f 2677/2677/2677 2678/2678/2678 2709/2709/2709
f 2710/2710/2710 2679/2679/2679 2711/2711/2711
f 2679/2679/2679 2680/2680/2680 2711/2711/2711
f 2711/2711/2711 2680/2680/2680 2712/2712/2712
f 2680/2680/2680 2681/2681/2681 2712/2712/2712
f 2712/2712/2712 2681/2681/2681 2713/2713/2713
f 2681/2681/2681 2682/2682/2682 2713/2713/2713
f 2713/2713/2713 2682/2682/2682 2714/2714/2714
f 2682/2682/2682 2683/2683/2683 2714/2714/2714
f 2714/2714/2714 2683/2683/2683 2715/2715/2715
f 2683/2683/2683 2684/2684/2684 2715/2715/2715
f 2715/2715/2715 2684/2684/2684 2716/2716/2716
f 2684/2684/2684 2685/2685/2685 2716/2716/2716
f 2716/2716/2716 2685/2685/2685 2717/2717/2717
f 2685/2685/2685 2686/2686/2686 2717/2717/2717
f 2717/2717/2717 2686/2686/2686 2718/2718/2718
f 2686/2686/2686 2687/2687/2687 2718/2718/2718
f 2718/2718/2718 2687/2687/2687 2719/2719/2719
f 2687/2687/2687 2688/2688/2688 2719/2719/2719
f 2719/2719/2719 2688/2688/2688 2720/2720/2720
f 2688/2688/2688 2689/2689/2689 2720/2720/2720
f 2720/2720/2720 2689/2689/2689 2721/2721/2721
f 2689/2689/2689 2690/2690/2690 2721/2721/2721
f 2721/2721/2721 2690/2690/2690 2722/2722/2722
f 2690/2690/2690 2691/2691/2691 2722/2722/2722
f 2722/2722/2722 2691/2691/2691 2723/2723/2723
f 2691/2691/2691 2692/2692/2692 2723/2723/2723
f 2723/2723/2723 2692/2692/2692 2724/2724/2724
f 2692/2692/2692 2693/2693/2693 2724/2724/2724
f 2724/2724/2724 2693/2693/2693 2725/2725/2725
f 2693/2693/2693 2694/2694/2694 2725/2725/2725
f 2725/2725/2725 2694/2694/2694 2726/2726/2726
f 2694/2694/2694 2695/2695/2695 2726/2726/2726
f 2726/2726/2726 2695/2695/2695 2727/2727/2727
f 2695/2695/2695 2696/2696/2696 2727/2727/2727
f 2727/2727/2727 2696/2696/2696 2728/2728/2728
f 2696/2696/2696 2697/2697/2697 2728/2728/2728
f 2728/2728/2728 2697/2697/2697 2729/2729/2729
f 2697/2697/2697 2698/2698/2698 2729/2729/2729
f 2729/2729/2729 2698/2698/2698 2730/2730/2730
f 2698/2698/2698 2699/2699/2699 2730/2730/2730
f 2730/2730/2730 2699/2699/2699 2731/2731/2731
f 2699/2699/2699 2700/2700/2700 2731/2731/2731
f 2731/2731/2731 2700/2700/2700 2732/2732/2732
f 2700/2700/2700 2701/2701/2701 2732/2732/2732
f 2732/2732/2732 2701/2701/2701 2733/2733/2733
f 2701/2701/2701 2702/2702/2702 2733/2733/2733
f 2733/2733/2733 2702/2702/2702 2734/2734/2734
f 2702/2702/2702 2703/2703/2703 2734/2734/2734
f 2734/2734/2734 2703/2703/2703 2735/2735/2735
f 2703/2703/2703 2704/2704/2704 2735/2735/2735
f 2735/2735/2735 2704/2704/2704 2736/2736/2736
f 2704/2704/2704 2705/2705/2705 2736/2736/2736
f 2736/2736/2736 2705/2705/2705 2737/2737/2737
f 2705/2705/2705 2706/2706/2706 2737/2737/2737
f 2737/2737/2737 2706/2706/2706 2738/2738/2738
f 2706/2706/2706 2707/2707/2707 2738/2738/2738
f 2738/2738/2738 2707/2707/2707 2739/2739/2739
f 2707/2707/2707 2708/2708/2708 2739/2739/2739
f 2739/2739/2739 2708/2708/2708 2740/2740/2740
f 2708/2708/2708 2709/2709/2709 2740/2740/2740
f 2741/2741/2741 2710/2710/2710 2742/2742/2742
f 2710/2710/2710 2711/2711/2711 2742/2742/2742
f 2742/2742/2742 2711/2711/2711 2743/2743/2743
f 2711/2711/2711 2712/2712/2712 2743/2743/2743
f 2743/2743/2743 2712/2712/2712 2744/2744/2744
f 2712/2712/2712 2713/2713/2713 2744/2744/2744
f 2744/2744/2744 2713/2713/2713 2745/2745/2745
f 2713/2713/2713 2714/2714/2714 2745/2745/2745
f 2745/2745/2745 2714/2714/2714 2746/2746/2746
f 2714/2714/2714 2715/2715/2715 2746/2746/2746
f 2746/2746/2746 2715/2715/2715 2747/2747/2747
f 2715/2715/2715 2716/2716/2716 2747/2747/2747
f 2747/2747/2747 2716/2716/2716 2748/2748/2748
f 2716/2716/2716 2717/2717/2717 2748/2748/2748
f 2748/2748/2748 2717/2717/2717 2749/2749/2749
f 2717/2717/2717 2718/2718/2718 2749/2749/2749
f 2749/2749/2749 2718/2718/2718 2750/2750/2750
f 2718/2718/2718 2719/2719/2719 2750/2750/2750
f 2750/2750/2750 2719/2719/2719 2751/2751/2751
f 2719/2719/2719 2720/2720/2720 2751/2751/2751
f 2751/2751/2751 2720/2720/2720 2752/2752/2752
f 2720/2720/2720 2721/2721/2721 2752/2752/2752
f 2752/2752/2752 2721/2721/2721 2753/2753/2753
f 2721/2721/2721 2722/2722/2722 2753/2753/2753
f 2753/2753/2753 2722/2722/2722 2754/2754/2754
f 2722/2722/2722 2723/2723/2723 2754/2754/2754
f 2754/2754/2754 2723/2723/2723 2755/2755/2755
f 2723/2723/2723 2724/2724/2724 2755/2755/2755
f 2755/2755/2755 2724/2724/2724 2756/2756/2756
f 2724/2724/2724 2725/2725/2725 2756/2756/2756
f 2756/2756/2756 2725/2725/2725 2757/2757/2757
f 2725/2725/2725 2726/2726/2726 2757/2757/2757
f 2757/2757/2757 2726/2726/2726 2758/2758/2758
f 2726/2726/2726 2727/2727/2727 2758/2758/2758
f 2758/2758/2758 2727/2727/2727 2759/2759/2759
f 2727/2727/2727 2728/2728/2728 2759/2759/2759
f 2759/2759/2759 2728/2728/2728 2760/2760/2760
f 2728/2728/2728 2729/2729/2729 2760/2760/2760
f 2760/2760/2760 2729/2729/2729 2761/2761/2761
f 2729/2729/2729 2730/2730/2730 2761/2761/2761
f 2761/2761/2761 2730/2730/2730 2762/2762/2762
f 2730/2730/2730 2731/2731/2731 2762/2762/2762
f 2762/2762/2762 2731/2731/2731 2763/2763/2763
f 2731/2731/2731 2732/2732/2732 2763/2763/2763
f 2763/2763/2763 2732/2732/2732 2764/2764/2764
f 2732/2732/2732 2733/2733/2733 2764/2764/2764
f 2764/2764/2764 2733/2733/2733 2765/2765/2765
f 2733/2733/2733 2734/2734/2734 2765/2765/2765
f 2765/2765/2765 2734/2734/2734 2766/2766/2766
f 2734/2734/2734 2735/2735/2735 2766/2766/2766
f 2766/2766/2766 2735/2735/2735 2767/2767/2767
f 2735/2735/2735 2736/2736/2736 2767/2767/2767
f 2767/2767/2767 2736/2736/2736 2768/2768/2768
f 2736/2736/2736 2737/2737/2737 2768/2768/2768
f 2768/2768/2768 2737/2737/2737 2769/2769/2769
f 2737/2737/2737 2738/2738/2738 2769/2769/2769
f 2769/2769/2769 2738/2738/2738 2770/2770/2770
f 2738/2738/2738 2739/2739/2739 2770/2770/2770
f 2770/2770/2770 2739/2739/2739 2771/2771/2771
f 2739/2739/2739 2740/2740/2740 2771/2771/2771
f 2772/2772/2772 2741/2741/2741 2773/2773/2773
f 2741/2741/2741 2742/2742/2742 2773/2773/2773
f 2773/2773/2773 2742/2742/2742 2774/2774/2774
f 2742/2742/2742 2743/2743/2743 2774/2774/2774
f 2774/2774/2774 2743/2743/2743 2775/2775/2775
f 2743/2743/2743 2744/2744/2744 2775/2775/2775
f 2775/2775/2775 2744/2744/2744 2776/2776/2776
f 2744/2744/2744 2745/2745/2745 2776/2776/2776
f 2776/2776/2776 2745/2745/2745 2777/2777/2777
f 2745/2745/2745 2746/2746/2746 2777/2777/2777
f 2777/2777/2777 2746/2746/2746 2778/2778/2778
f 2746/2746/2746 2747/2747/2747 2778/2778/2778
f 2778/2778/2778 2747/2747/2747 2779/2779/2779
f 2747/2747/2747 2748/2748/2748 2779/2779/2779
f 2779/2779/2779 2748/2748/2748 2780/2780/2780
f 2748/2748/2748 2749/2749/2749 2780/2780/2780
f 2780/2780/2780 2749/2749/2749 2781/2781/2781
f 2749/2749/2749 2750/2750/2750 2781/2781/2781
f 2781/2781/2781 2750/2750/2750 2782/2782/2782
f 2750/2750/2750 2751/2751/2751 2782/2782/2782
f 2782/2782/2782 2751/2751/2751 2783/2783/2783
f 2751/2751/2751 2752/2752/2752 2783/2783/2783
f 2783/2783/2783 2752/2752/2752 2784/2784/2784
f 2752/2752/2752 2753/2753/2753 2784/2784/2784
f 2784/2784/2784 2753/2753/2753 2785/2785/2785
f 2753/2753/2753 2754/2754/2754 2785/2785/2785
f 2785/2785/2785 2754/2754/2754 2786/2786/2786
f 2754/2754/2754 2755/2755/2755 2786/2786/2786
f 2786/2786/2786 2755/2755/2755 2787/2787/2787
f 2755/2755/2755 2756/2756/2756 2787/2787/2787
f 2787/2787/2787 2756/2756/2756 2788/2788/2788
f 2756/2756/2756 2757/2757/2757 2788/2788/2788
f 2788/2788/2788 2757/2757/2757 2789/2789/2789
f 2757/2757/2757 2758/2758/2758 2789/2789/2789
f 2789/2789/2789 2758/2758/2758 2790/2790/2790
f 2758/2758/2758 2759/2759/2759 2790/2790/2790
f 2790/2790/2790 2759/2759/2759 2791/2791/2791
f 2759/2759/2759 2760/2760/2760 2791/2791/2791
f 2791/2791/2791 2760/2760/2760 2792/2792/2792
f 2760/2760/2760 2761/2761/2761 2792/2792/2792
f 2792/2792/2792 2761/2761/2761 2793/2793/2793
f 2761/2761/2761 2762/2762/2762 2793/2793/2793
f 2793/2793/2793 2762/2762/2762 2794/2794/2794
f 2762/2762/2762 2763/2763/2763 2794/2794/2794
f 2794/2794/2794 2763/2763/2763 2795/2795/2795
f 2763/2763/2763 2764/2764/2764 2795/2795/2795
f 2795/2795/2795 2764/2764/2764 2796/2796/2796
f 2764/2764/2764 2765/2765/2765 2796/2796/2796
f 2796/2796/2796 2765/2765/2765 2797/2797/2797
f 2765/2765/2765 2766/2766/2766 2797/2797/2797
f 2797/2797/2797 2766/2766/2766 2798/2798/2798
f 2766/2766/2766 2767/2767/2767 2798/2798/2798
f 2798/2798/2798 2767/2767/2767 2799/2799/2799
f 2767/2767/2767 2768/2768/2768 2799/2799/2799
f 2799/2799/2799 2768/2768/2768 2800/2800/2800
f 2768/2768/2768 2769/2769/2769 2800/2800/2800
f 2800/2800/2800 2769/2769/2769 2801/2801/2801
f 2769/2769/2769 2770/2770/2770 2801/2801/2801
f 2801/2801/2801 2770/2770/2770 2802/2802/2802
f 2770/2770/2770 2771/2771/2771 2802/2802/2802
f 2803/2803/2803 2772/2772/2772 2804/2804/2804
f 2772/2772/2772 2773/2773/2773 2804/2804/2804
f 2804/2804/2804 2773/2773/2773 2805/2805/2805
f 2773/2773/2773 2774/2774/2774 2805/2805/2805
f 2805/2805/2805 2774/2774/2774 2806/2806/2806
f 2774/2774/2774 2775/2775/2775 2806/2806/2806
f 2806/2806/2806 2775/2775/2775 2807/2807/2807
f 2775/2775/2775 2776/2776/2776 2807/2807/2807
f 2807/2807/2807 2776/2776/2776 2808/2808/2808
f 2776/2776/2776 2777/2777/2777 2808/2808/2808
f 2808/2808/2808 2777/2777/2777 2809/2809/2809
f 2777/2777/2777 2778/2778/2778 2809/2809/2809
f 2809/2809/2809 2778/2778/2778 2810/2810/2810
f 2778/2778/2778 2779/2779/2779 2810/2810/2810
f 2810/2810/2810 2779/2779/2779 2811/2811/2811
f 2779/2779/2779 2780/2780/2780 2811/2811/2811
f 2811/2811/2811 2780/2780/2780 2812/2812/2812
f 2780/2780/2780 2781/2781/2781 2812/2812/2812
f 2812/2812/2812 2781/2781/2781 2813/2813/2813
f 2781/2781/2781 2782/2782/2782 2813/2813/2813
f 2813/2813/2813 2782/2782/2782 2814/2814/2814
f 2782/2782/2782 2783/2783/2783 2814/2814/2814
f 2814/2814/2814 2783/2783/2783 2815/2815/2815
f 2783/2783/2783 2784/2784/2784 2815/2815/2815
f 2815/2815/2815 2784/2784/2784 2816/2816/2816
f 2784/2784/2784 2785/2785/2785 2816/2816/2816
f 2816/2816/2816 2785/2785/2785 2817/2817/2817
f 2785/2785/2785 2786/2786/2786 2817/2817/2817
f 2817/2817/2817 2786/2786/2786 2818/2818/2818
f 2786/2786/2786 2787/2787/2787 2818/2818/2818
f 2818/2818/2818 2787/2787/2787 2819/2819/2819
f 2787/2787/2787 2788/2788/2788 2819/2819/2819
f 2819/2819/2819 2788/2788/2788 2820/2820/2820
f 2788/2788/2788 2789/2789/2789 2820/2820/2820
f 2820/2820/2820 2789/2789/2789 2821/2821/2821
f 2789/2789/2789 2790/2790/2790 2821/2821/2821
f 2821/2821/2821 2790/2790/2790 2822/2822/2822
f 2790/2790/2790 2791/2791/2791 2822/2822/2822
f 2822/2822/2822 2791/2791/2791 2823/2823/2823
f 2791/2791/2791 2792/2792/2792 2823/2823/2823
f 2823/2823/2823 2792/2792/2792 2824/2824/2824
f 2792/2792/2792 2793/2793/2793 2824/2824/2824
f 2824/2824/2824 2793/2793/2793 2825/2825/2825
f 2793/2793/2793 2794/2794/2794 2825/2825/2825
f 2825/2825/2825 2794/2794/2794 2826/2826/2826
f 2794/2794/2794 2795/2795/2795 2826/2826/2826
f 2826/2826/2826 2795/2795/2795 2827/2827/2827
f 2795/2795/2795 2796/2796/2796 2827/2827/2827
f 2827/2827/2827 2796/2796/2796 2828/2828/2828
f 2796/2796/2796 2797/2797/2797 2828/2828/2828
f 2828/2828/2828 2797/2797/2797 2829/2829/2829
f 2797/2797/2797 2798/2798/2798 2829/2829/2829
f 2829/2829/2829 2798/2798/2798 2830/2830/2830
f 2798/2798/2798 2799/2799/2799 2830/2830/2830
f 2830/2830/2830 2799/2799/2799 2831/2831/2831
f 2799/2799/2799 2800/2800/2800 2831/2831/2831
f 2831/2831/2831 2800/2800/2800 2832/2832/2832
f 2800/2800/2800 2801/2801/2801 2832/2832/2832
f 2832/2832/2832 2801/2801/2801 2833/2833/2833
f 2801/2801/2801 2802/2802/2802 2833/2833/2833
o fletch_vane_1
usemtl feather_vane
v -0.000699999975040555 0.038734017548000516 -0.28300000049173835
v -0.000699999975040555 0.08523401865068644 -0.24100000105798247
v -0.000699999975040555 0.07523401701155871 -0.29900000125169757
v -0.000699999975040555 0.04223401719037265 -0.4450000009685755
v -0.000699999975040555 0.038734017548000516 -0.4330000064522028
v -0.000699999975040555 0.038734017548000516 -0.28300000049173835
v -0.000699999975040555 0.0832340183228609 -0.3710000000149012
v -0.000699999975040555 0.07123401635590762 -0.41700000382959845
v -0.000699999975040555 0.04223401719037265 -0.4450000009685755
v -0.000699999975040555 0.038734017548000516 -0.28300000049173835
v -0.000699999975040555 0.07523401701155871 -0.29900000125169757
v -0.000699999975040555 0.0832340183228609 -0.3710000000149012
v -0.000699999975040555 0.0832340183228609 -0.3710000000149012
v -0.000699999975040555 0.04223401719037265 -0.4450000009685755
v -0.000699999975040555 0.038734017548000516 -0.28300000049173835
v 0.000699999975040555 0.07523401701155871 -0.29900000125169757
v 0.000699999975040555 0.08523401865068644 -0.24100000105798247
v 0.000699999975040555 0.038734017548000516 -0.28300000049173835
v 0.000699999975040555 0.038734017548000516 -0.28300000049173835
v 0.000699999975040555 0.038734017548000516 -0.4330000064522028
v 0.000699999975040555 0.04223401719037265 -0.4450000009685755
v 0.000699999975040555 0.04223401719037265 -0.4450000009685755
v 0.000699999975040555 0.07123401635590762 -0.41700000382959845
v 0.000699999975040555 0.0832340183228609 -0.3710000000149012
v 0.000699999975040555 0.0832340183228609 -0.3710000000149012
v 0.000699999975040555 0.07523401701155871 -0.29900000125169757
v 0.000699999975040555 0.038734017548000516 -0.28300000049173835
v 0.000699999975040555 0.038734017548000516 -0.28300000049173835
v 0.000699999975040555 0.04223401719037265 -0.4450000009685755
v 0.000699999975040555 0.0832340183228609 -0.3710000000149012
v -0.000699999975040555 0.038734017548000516 -0.28300000049173835
v -0.000699999975040555 0.038734017548000516 -0.4330000064522028
v 0.000699999975040555 0.038734017548000516 -0.28300000049173835
v -0.000699999975040555 0.038734017548000516 -0.4330000064522028
v 0.000699999975040555 0.038734017548000516 -0.4330000064522028
v 0.000699999975040555 0.038734017548000516 -0.28300000049173835
v -0.000699999975040555 0.038734017548000516 -0.4330000064522028
v -0.000699999975040555 0.04223401719037265 -0.4450000009685755
v 0.000699999975040555 0.038734017548000516 -0.4330000064522028
v -0.000699999975040555 0.04223401719037265 -0.4450000009685755
v 0.000699999975040555 0.04223401719037265 -0.4450000009685755
v 0.000699999975040555 0.038734017548000516 -0.4330000064522028
v -0.000699999975040555 0.04223401719037265 -0.4450000009685755
v -0.000699999975040555 0.07123401635590762 -0.41700000382959845
v 0.000699999975040555 0.04223401719037265 -0.4450000009685755
v -0.000699999975040555 0.07123401635590762 -0.41700000382959845
v 0.000699999975040555 0.07123401635590762 -0.41700000382959845
v 0.000699999975040555 0.04223401719037265 -0.4450000009685755
v -0.000699999975040555 0.07123401635590762 -0.41700000382959845
v -0.000699999975040555 0.0832340183228609 -0.3710000000149012
v 0.000699999975040555 0.07123401635590762 -0.41700000382959845
v -0.000699999975040555 0.0832340183228609 -0.3710000000149012
v 0.000699999975040555 0.0832340183228609 -0.3710000000149012
v 0.000699999975040555 0.07123401635590762 -0.41700000382959845
v -0.000699999975040555 0.0832340183228609 -0.3710000000149012
v -0.000699999975040555 0.07523401701155871 -0.29900000125169757
v 0.000699999975040555 0.0832340183228609 -0.3710000000149012
v -0.000699999975040555 0.07523401701155871 -0.29900000125169757
v 0.000699999975040555 0.07523401701155871 -0.29900000125169757
v 0.000699999975040555 0.0832340183228609 -0.3710000000149012
v -0.000699999975040555 0.07523401701155871 -0.29900000125169757
v -0.000699999975040555 0.08523401865068644 -0.24100000105798247
v 0.000699999975040555 0.07523401701155871 -0.29900000125169757
v -0.000699999975040555 0.08523401865068644 -0.24100000105798247
v 0.000699999975040555 0.08523401865068644 -0.24100000105798247
v 0.000699999975040555 0.07523401701155871 -0.29900000125169757
v -0.000699999975040555 0.08523401865068644 -0.24100000105798247
v -0.000699999975040555 0.038734017548000516 -0.28300000049173835
v 0.000699999975040555 0.08523401865068644 -0.24100000105798247
v -0.000699999975040555 0.038734017548000516 -0.28300000049173835
v 0.000699999975040555 0.038734017548000516 -0.28300000049173835
v 0.000699999975040555 0.08523401865068644 -0.24100000105798247
vt 0 0.005499999970197678
vt -0.041999999433755875 0.052000001072883606
vt 0.01600000075995922 0.041999999433755875
vt 0.16200000047683716 0.008999999612569809
vt 0.15000000596046448 0.005499999970197678
vt 0 0.005499999970197678
vt 0.08799999952316284 0.05000000074505806
vt 0.1340000033378601 0.03799999877810478
vt 0.16200000047683716 0.008999999612569809
vt 0 0.005499999970197678
vt 0.01600000075995922 0.041999999433755875
vt 0.08799999952316284 0.05000000074505806
vt 0.08799999952316284 0.05000000074505806
vt 0.16200000047683716 0.008999999612569809
vt 0 0.005499999970197678
vt 0.01600000075995922 0.041999999433755875
vt -0.041999999433755875 0.052000001072883606
vt 0 0.005499999970197678
vt 0 0.005499999970197678
vt 0.15000000596046448 0.005499999970197678
vt 0.16200000047683716 0.008999999612569809
vt 0.16200000047683716 0.008999999612569809
vt 0.1340000033378601 0.03799999877810478
vt 0.08799999952316284 0.05000000074505806
vt 0.08799999952316284 0.05000000074505806
vt 0.01600000075995922 0.041999999433755875
vt 0 0.005499999970197678
vt 0 0.005499999970197678
vt 0.16200000047683716 0.008999999612569809
vt 0.08799999952316284 0.05000000074505806
vt 0 1
vt 0.15000000596046448 1
vt 0 0.9986000061035156
vt 0.15000000596046448 1
vt 0.15000000596046448 0.9986000061035156
vt 0 0.9986000061035156
vt 0.15000000596046448 1
vt 0.16200000047683716 1
vt 0.15000000596046448 0.9986000061035156
vt 0.16200000047683716 1
vt 0.16200000047683716 0.9986000061035156
vt 0.15000000596046448 0.9986000061035156
vt 0.008999999612569809 1
vt 0.03799999877810478 1
vt 0.008999999612569809 0.9986000061035156
vt 0.03799999877810478 1
vt 0.03799999877810478 0.9986000061035156
vt 0.008999999612569809 0.9986000061035156
vt 0.1340000033378601 1
vt 0.08799999952316284 1
vt 0.1340000033378601 0.9986000061035156
vt 0.08799999952316284 1
vt 0.08799999952316284 0.9986000061035156
vt 0.1340000033378601 0.9986000061035156
vt 0.08799999952316284 1
vt 0.01600000075995922 1
vt 0.08799999952316284 0.9986000061035156
vt 0.01600000075995922 1
vt 0.01600000075995922 0.9986000061035156
vt 0.08799999952316284 0.9986000061035156
vt 0.01600000075995922 1
vt -0.041999999433755875 1
vt 0.01600000075995922 0.9986000061035156
vt -0.041999999433755875 1
vt -0.041999999433755875 0.9986000061035156
vt 0.01600000075995922 0.9986000061035156
vt 0.052000001072883606 1
vt 0.005499999970197678 1
vt 0.052000001072883606 0.9986000061035156
vt 0.005499999970197678 1
vt 0.005499999970197678 0.9986000061035156
vt 0.052000001072883606 0.9986000061035156
vn -1 0 -6.123234262925839e-17
vn -1 0 -6.123234262925839e-17
vn -1 0 -6.123234262925839e-17
vn -1 0 -6.123234262925839e-17
vn -1 0 -6.123234262925839e-17
vn -1 0 -6.123234262925839e-17
vn -1 0 -6.123234262925839e-17
vn -1 0 -6.123234262925839e-17
vn -1 0 -6.123234262925839e-17
vn -1 0 -6.123234262925839e-17
vn -1 0 -6.123234262925839e-17
vn -1 0 -6.123234262925839e-17
vn -1 0 -6.123234262925839e-17
vn -1 0 -6.123234262925839e-17
vn -1 0 -6.123234262925839e-17
vn 1 0 6.123234262925839e-17
vn 1 0 6.123234262925839e-17
vn 1 0 6.123234262925839e-17
vn 1 0 6.123234262925839e-17
vn 1 0 6.123234262925839e-17
vn 1 0 6.123234262925839e-17
vn 1 0 6.123234262925839e-17
vn 1 0 6.123234262925839e-17
vn 1 0 6.123234262925839e-17
vn 1 0 6.123234262925839e-17
vn 1 0 6.123234262925839e-17
vn 1 0 6.123234262925839e-17
vn 1 0 6.123234262925839e-17
vn 1 0 6.123234262925839e-17
vn 1 0 6.123234262925839e-17
vn 0 -1 0
vn 0 -1 0
vn 0 -1 0
vn 0 -1 0
vn 0 -1 0
vn 0 -1 0
vn 1.7145060155777442e-17 -0.9599999739646871 -0.28000008926391434
vn 1.7145060155777442e-17 -0.9599999739646871 -0.28000008926391434
vn 1.7145060155777442e-17 -0.9599999739646871 -0.28000008926391434
vn 1.7145060155777442e-17 -0.9599999739646871 -0.28000008926391434
vn 1.7145060155777442e-17 -0.9599999739646871 -0.28000008926391434
vn 1.7145060155777442e-17 -0.9599999739646871 -0.28000008926391434
vn 4.405063640529103e-17 0.694594498807576 -0.7194014749958831
vn 4.405063640529103e-17 0.694594498807576 -0.7194014749958831
vn 4.405063640529103e-17 0.694594498807576 -0.7194014749958831
vn 4.405063640529103e-17 0.694594498807576 -0.7194014749958831
vn 4.405063640529103e-17 0.694594498807576 -0.7194014749958831
vn 4.405063640529103e-17 0.694594498807576 -0.7194014749958831
vn 1.545638416620154e-17 0.967617267966056 -0.252421914131689
vn 1.545638416620154e-17 0.967617267966056 -0.252421914131689
vn 1.545638416620154e-17 0.967617267966056 -0.252421914131689
vn 1.545638416620154e-17 0.967617267966056 -0.252421914131689
vn 1.545638416620154e-17 0.967617267966056 -0.252421914131689
vn 1.545638416620154e-17 0.967617267966056 -0.252421914131689
vn -6.761981915680384e-18 0.9938837325838217 0.11043154488301957
vn -6.761981915680384e-18 0.9938837325838217 0.11043154488301957
vn -6.761981915680384e-18 0.9938837325838217 0.11043154488301957
vn -6.761981915680384e-18 0.9938837325838217 0.11043154488301957
vn -6.761981915680384e-18 0.9938837325838217 0.11043154488301957
vn -6.761981915680384e-18 0.9938837325838217 0.11043154488301957
vn 1.0403799720827843e-17 0.9854601107543511 -0.16990694544962456
vn 1.0403799720827843e-17 0.9854601107543511 -0.16990694544962456
vn 1.0403799720827843e-17 0.9854601107543511 -0.16990694544962456
vn 1.0403799720827843e-17 0.9854601107543511 -0.16990694544962456
vn 1.0403799720827843e-17 0.9854601107543511 -0.16990694544962456
vn 1.0403799720827843e-17 0.9854601107543511 -0.16990694544962456
vn -4.544068313599433e-17 -0.6702862272612767 0.7421026704869375
vn -4.544068313599433e-17 -0.6702862272612767 0.7421026704869375
vn -4.544068313599433e-17 -0.6702862272612767 0.7421026704869375
vn -4.544068313599433e-17 -0.6702862272612767 0.7421026704869375
vn -4.544068313599433e-17 -0.6702862272612767 0.7421026704869375
vn -4.544068313599433e-17 -0.6702862272612767 0.7421026704869375
f 2834/2834/2834 2835/2835/2835 2836/2836/2836
f 2837/2837/2837 2838/2838/2838 2839/2839/2839
f 2840/2840/2840 2841/2841/2841 2842/2842/2842
f 2843/2843/2843 2844/2844/2844 2845/2845/2845
f 2846/2846/2846 2847/2847/2847 2848/2848/2848
f 2849/2849/2849 2850/2850/2850 2851/2851/2851
f 2852/2852/2852 2853/2853/2853 2854/2854/2854
f 2855/2855/2855 2856/2856/2856 2857/2857/2857
f 2858/2858/2858 2859/2859/2859 2860/2860/2860
f 2861/2861/2861 2862/2862/2862 2863/2863/2863
f 2864/2864/2864 2865/2865/2865 2866/2866/2866
f 2867/2867/2867 2868/2868/2868 2869/2869/2869
f 2870/2870/2870 2871/2871/2871 2872/2872/2872
f 2873/2873/2873 2874/2874/2874 2875/2875/2875
f 2876/2876/2876 2877/2877/2877 2878/2878/2878
f 2879/2879/2879 2880/2880/2880 2881/2881/2881
f 2882/2882/2882 2883/2883/2883 2884/2884/2884
f 2885/2885/2885 2886/2886/2886 2887/2887/2887
f 2888/2888/2888 2889/2889/2889 2890/2890/2890
f 2891/2891/2891 2892/2892/2892 2893/2893/2893
f 2894/2894/2894 2895/2895/2895 2896/2896/2896
f 2897/2897/2897 2898/2898/2898 2899/2899/2899
f 2900/2900/2900 2901/2901/2901 2902/2902/2902
f 2903/2903/2903 2904/2904/2904 2905/2905/2905
o fletch_vane_2
usemtl feather_vane
v -0.004413139707484567 0.029877799831670406 -0.28300000049173835
v -0.044683321938415 0.006627799280327452 -0.24100000105798247
v -0.03602306648104436 0.011627800099891318 -0.29900000125169757
v -0.0074442283110152845 0.02812780001048434 -0.4450000009685755
v -0.004413139707484567 0.029877799831670406 -0.4330000064522028
v -0.004413139707484567 0.029877799831670406 -0.28300000049173835
v -0.04295127084694087 0.0076277994442402255 -0.3710000000149012
v -0.0325589642980961 0.013627800427716861 -0.41700000382959845
v -0.0074442283110152845 0.02812780001048434 -0.4450000009685755
v -0.004413139707484567 0.029877799831670406 -0.28300000049173835
v -0.03602306648104436 0.011627800099891318 -0.29900000125169757
v -0.04295127084694087 0.0076277994442402255 -0.3710000000149012
v -0.04295127084694087 0.0076277994442402255 -0.3710000000149012
v -0.0074442283110152845 0.02812780001048434 -0.4450000009685755
v -0.004413139707484567 0.029877799831670406 -0.28300000049173835
v -0.03672306645608491 0.012840235621958504 -0.29900000125169757
v -0.04538332191345555 0.007840234802394638 -0.24100000105798247
v -0.005113139682525122 0.031090235353737596 -0.28300000049173835
v -0.005113139682525122 0.031090235353737596 -0.28300000049173835
v -0.005113139682525122 0.031090235353737596 -0.4330000064522028
v -0.008144228286055839 0.02934023553255153 -0.4450000009685755
v -0.008144228286055839 0.02934023553255153 -0.4450000009685755
v -0.033258964273136654 0.014840235949784047 -0.41700000382959845
v -0.043651270821981426 0.008840234966307411 -0.3710000000149012
v -0.043651270821981426 0.008840234966307411 -0.3710000000149012
v -0.03672306645608491 0.012840235621958504 -0.29900000125169757
v -0.005113139682525122 0.031090235353737596 -0.28300000049173835
v -0.005113139682525122 0.031090235353737596 -0.28300000049173835
v -0.008144228286055839 0.02934023553255153 -0.4450000009685755
v -0.043651270821981426 0.008840234966307411 -0.3710000000149012
v -0.004413139707484567 0.029877799831670406 -0.28300000049173835
v -0.004413139707484567 0.029877799831670406 -0.4330000064522028
v -0.005113139682525122 0.031090235353737596 -0.28300000049173835
v -0.004413139707484567 0.029877799831670406 -0.4330000064522028
v -0.005113139682525122 0.031090235353737596 -0.4330000064522028
v -0.005113139682525122 0.031090235353737596 -0.28300000049173835
v -0.004413139707484567 0.029877799831670406 -0.4330000064522028
v -0.0074442283110152845 0.02812780001048434 -0.4450000009685755
v -0.005113139682525122 0.031090235353737596 -0.4330000064522028
v -0.0074442283110152845 0.02812780001048434 -0.4450000009685755
v -0.008144228286055839 0.02934023553255153 -0.4450000009685755
v -0.005113139682525122 0.031090235353737596 -0.4330000064522028
v -0.0074442283110152845 0.02812780001048434 -0.4450000009685755
v -0.0325589642980961 0.013627800427716861 -0.41700000382959845
v -0.008144228286055839 0.02934023553255153 -0.4450000009685755
v -0.0325589642980961 0.013627800427716861 -0.41700000382959845
v -0.033258964273136654 0.014840235949784047 -0.41700000382959845
v -0.008144228286055839 0.02934023553255153 -0.4450000009685755
v -0.0325589642980961 0.013627800427716861 -0.41700000382959845
v -0.04295127084694087 0.0076277994442402255 -0.3710000000149012
v -0.033258964273136654 0.014840235949784047 -0.41700000382959845
v -0.04295127084694087 0.0076277994442402255 -0.3710000000149012
v -0.043651270821981426 0.008840234966307411 -0.3710000000149012
v -0.033258964273136654 0.014840235949784047 -0.41700000382959845
v -0.04295127084694087 0.0076277994442402255 -0.3710000000149012
v -0.03602306648104436 0.011627800099891318 -0.29900000125169757
v -0.043651270821981426 0.008840234966307411 -0.3710000000149012
v -0.03602306648104436 0.011627800099891318 -0.29900000125169757
v -0.03672306645608491 0.012840235621958504 -0.29900000125169757
v -0.043651270821981426 0.008840234966307411 -0.3710000000149012
v -0.03602306648104436 0.011627800099891318 -0.29900000125169757
v -0.044683321938415 0.006627799280327452 -0.24100000105798247
v -0.03672306645608491 0.012840235621958504 -0.29900000125169757
v -0.044683321938415 0.006627799280327452 -0.24100000105798247
v -0.04538332191345555 0.007840234802394638 -0.24100000105798247
v -0.03672306645608491 0.012840235621958504 -0.29900000125169757
v -0.044683321938415 0.006627799280327452 -0.24100000105798247
v -0.004413139707484567 0.029877799831670406 -0.28300000049173835
v -0.04538332191345555 0.007840234802394638 -0.24100000105798247
v -0.004413139707484567 0.029877799831670406 -0.28300000049173835
v -0.005113139682525122 0.031090235353737596 -0.28300000049173835
v -0.04538332191345555 0.007840234802394638 -0.24100000105798247
vt 0 0.005499999970197678
vt -0.041999999433755875 0.052000001072883606
vt 0.01600000075995922 0.041999999433755875
vt 0.16200000047683716 0.008999999612569809
vt 0.15000000596046448 0.005499999970197678
vt 0 0.005499999970197678
vt 0.08799999952316284 0.05000000074505806
vt 0.1340000033378601 0.03799999877810478
vt 0.16200000047683716 0.008999999612569809
vt 0 0.005499999970197678
vt 0.01600000075995922 0.041999999433755875
vt 0.08799999952316284 0.05000000074505806
vt 0.08799999952316284 0.05000000074505806
vt 0.16200000047683716 0.008999999612569809
vt 0 0.005499999970197678
vt 0.01600000075995922 0.041999999433755875
vt -0.041999999433755875 0.052000001072883606
vt 0 0.005499999970197678
vt 0 0.005499999970197678
vt 0.15000000596046448 0.005499999970197678
vt 0.16200000047683716 0.008999999612569809
vt 0.16200000047683716 0.008999999612569809
vt 0.1340000033378601 0.03799999877810478
vt 0.08799999952316284 0.05000000074505806
vt 0.08799999952316284 0.05000000074505806
vt 0.01600000075995922 0.041999999433755875
vt 0 0.005499999970197678
vt 0 0.005499999970197678
vt 0.16200000047683716 0.008999999612569809
vt 0.08799999952316284 0.05000000074505806
vt 0 1
vt 0.15000000596046448 1
vt 0 0.9986000061035156
vt 0.15000000596046448 1
vt 0.15000000596046448 0.9986000061035156
vt 0 0.9986000061035156
vt 0.15000000596046448 1
vt 0.16200000047683716 1
vt 0.15000000596046448 0.9986000061035156
vt 0.16200000047683716 1
vt 0.16200000047683716 0.9986000061035156
vt 0.15000000596046448 0.9986000061035156
vt 0.008999999612569809 1
vt 0.03799999877810478 1
vt 0.008999999612569809 0.9986000061035156
vt 0.03799999877810478 1
vt 0.03799999877810478 0.9986000061035156
vt 0.008999999612569809 0.9986000061035156
vt 0.1340000033378601 1
vt 0.08799999952316284 1
vt 0.1340000033378601 0.9986000061035156
vt 0.08799999952316284 1
vt 0.08799999952316284 0.9986000061035156
vt 0.1340000033378601 0.9986000061035156
vt 0.08799999952316284 1
vt 0.01600000075995922 1
vt 0.08799999952316284 0.9986000061035156
vt 0.01600000075995922 1
vt 0.01600000075995922 0.9986000061035156
vt 0.08799999952316284 0.9986000061035156
vt 0.01600000075995922 1
vt -0.041999999433755875 1
vt 0.01600000075995922 0.9986000061035156
vt -0.041999999433755875 1
vt -0.041999999433755875 0.9986000061035156
vt 0.01600000075995922 0.9986000061035156
vt 0.052000001072883606 1
vt 0.005499999970197678 1
vt 0.052000001072883606 0.9986000061035156
vt 0.005499999970197678 1
vt 0.005499999970197678 0.9986000061035156
vt 0.052000001072883606 0.9986000061035156
vn 0.4999999999999998 -0.8660254037844388 -6.123234262925839e-17
vn 0.4999999999999998 -0.8660254037844388 -6.123234262925839e-17
vn 0.4999999999999998 -0.8660254037844388 -6.123234262925839e-17
vn 0.4999999999999998 -0.8660254037844388 -6.123234262925839e-17
vn 0.4999999999999998 -0.8660254037844388 -6.123234262925839e-17
vn 0.4999999999999998 -0.8660254037844388 -6.123234262925839e-17
vn 0.4999999999999998 -0.8660254037844388 -6.123234262925839e-17
vn 0.4999999999999998 -0.8660254037844388 -6.123234262925839e-17
vn 0.4999999999999998 -0.8660254037844388 -6.123234262925839e-17
vn 0.4999999999999998 -0.8660254037844388 -6.123234262925839e-17
vn 0.4999999999999998 -0.8660254037844388 -6.123234262925839e-17
vn 0.4999999999999998 -0.8660254037844388 -6.123234262925839e-17
vn 0.4999999999999998 -0.8660254037844388 -6.123234262925839e-17
vn 0.4999999999999998 -0.8660254037844388 -6.123234262925839e-17
vn 0.4999999999999998 -0.8660254037844388 -6.123234262925839e-17
vn -0.4999999999999998 0.8660254037844388 6.123234262925839e-17
vn -0.4999999999999998 0.8660254037844388 6.123234262925839e-17
vn -0.4999999999999998 0.8660254037844388 6.123234262925839e-17
vn -0.4999999999999998 0.8660254037844388 6.123234262925839e-17
vn -0.4999999999999998 0.8660254037844388 6.123234262925839e-17
vn -0.4999999999999998 0.8660254037844388 6.123234262925839e-17
vn -0.4999999999999998 0.8660254037844388 6.123234262925839e-17
vn -0.4999999999999998 0.8660254037844388 6.123234262925839e-17
vn -0.4999999999999998 0.8660254037844388 6.123234262925839e-17
vn -0.4999999999999998 0.8660254037844388 6.123234262925839e-17
vn -0.4999999999999998 0.8660254037844388 6.123234262925839e-17
vn -0.4999999999999998 0.8660254037844388 6.123234262925839e-17
vn -0.4999999999999998 0.8660254037844388 6.123234262925839e-17
vn -0.4999999999999998 0.8660254037844388 6.123234262925839e-17
vn -0.4999999999999998 0.8660254037844388 6.123234262925839e-17
vn 0.8660254037844388 0.4999999999999998 0
vn 0.8660254037844388 0.4999999999999998 0
vn 0.8660254037844388 0.4999999999999998 0
vn 0.8660254037844388 0.4999999999999998 0
vn 0.8660254037844388 0.4999999999999998 0
vn 0.8660254037844388 0.4999999999999998 0
vn 0.8313843650858189 0.4799999869823433 -0.28000008926391434
vn 0.8313843650858189 0.4799999869823433 -0.28000008926391434
vn 0.8313843650858189 0.4799999869823433 -0.28000008926391434
vn 0.8313843650858189 0.4799999869823433 -0.28000008926391434
vn 0.8313843650858189 0.4799999869823433 -0.28000008926391434
vn 0.8313843650858189 0.4799999869823433 -0.28000008926391434
vn -0.6015364812962809 -0.34729724940378776 -0.7194014749958831
vn -0.6015364812962809 -0.34729724940378776 -0.7194014749958831
vn -0.6015364812962809 -0.34729724940378776 -0.7194014749958831
vn -0.6015364812962809 -0.34729724940378776 -0.7194014749958831
vn -0.6015364812962809 -0.34729724940378776 -0.7194014749958831
vn -0.6015364812962809 -0.34729724940378776 -0.7194014749958831
vn -0.8379811351990992 -0.48380863398302776 -0.252421914131689
vn -0.8379811351990992 -0.48380863398302776 -0.252421914131689
vn -0.8379811351990992 -0.48380863398302776 -0.252421914131689
vn -0.8379811351990992 -0.48380863398302776 -0.252421914131689
vn -0.8379811351990992 -0.48380863398302776 -0.252421914131689
vn -0.8379811351990992 -0.48380863398302776 -0.252421914131689
vn -0.8607285608256894 -0.4969418662919106 0.11043154488301957
vn -0.8607285608256894 -0.4969418662919106 0.11043154488301957
vn -0.8607285608256894 -0.4969418662919106 0.11043154488301957
vn -0.8607285608256894 -0.4969418662919106 0.11043154488301957
vn -0.8607285608256894 -0.4969418662919106 0.11043154488301957
vn -0.8607285608256894 -0.4969418662919106 0.11043154488301957
vn -0.8534334903294948 -0.49273005537717535 -0.16990694544962456
vn -0.8534334903294948 -0.49273005537717535 -0.16990694544962456
vn -0.8534334903294948 -0.49273005537717535 -0.16990694544962456
vn -0.8534334903294948 -0.49273005537717535 -0.16990694544962456
vn -0.8534334903294948 -0.49273005537717535 -0.16990694544962456
vn -0.8534334903294948 -0.49273005537717535 -0.16990694544962456
vn 0.5804849006150954 0.33514311363063815 0.7421026704869375
vn 0.5804849006150954 0.33514311363063815 0.7421026704869375
vn 0.5804849006150954 0.33514311363063815 0.7421026704869375
vn 0.5804849006150954 0.33514311363063815 0.7421026704869375
vn 0.5804849006150954 0.33514311363063815 0.7421026704869375
vn 0.5804849006150954 0.33514311363063815 0.7421026704869375
f 2906/2906/2906 2907/2907/2907 2908/2908/2908
f 2909/2909/2909 2910/2910/2910 2911/2911/2911
f 2912/2912/2912 2913/2913/2913 2914/2914/2914
f 2915/2915/2915 2916/2916/2916 2917/2917/2917
f 2918/2918/2918 2919/2919/2919 2920/2920/2920
f 2921/2921/2921 2922/2922/2922 2923/2923/2923
f 2924/2924/2924 2925/2925/2925 2926/2926/2926
f 2927/2927/2927 2928/2928/2928 2929/2929/2929
f 2930/2930/2930 2931/2931/2931 2932/2932/2932
f 2933/2933/2933 2934/2934/2934 2935/2935/2935
f 2936/2936/2936 2937/2937/2937 2938/2938/2938
f 2939/2939/2939 2940/2940/2940 2941/2941/2941
f 2942/2942/2942 2943/2943/2943 2944/2944/2944
f 2945/2945/2945 2946/2946/2946 2947/2947/2947
f 2948/2948/2948 2949/2949/2949 2950/2950/2950
f 2951/2951/2951 2952/2952/2952 2953/2953/2953
f 2954/2954/2954 2955/2955/2955 2956/2956/2956
f 2957/2957/2957 2958/2958/2958 2959/2959/2959
f 2960/2960/2960 2961/2961/2961 2962/2962/2962
f 2963/2963/2963 2964/2964/2964 2965/2965/2965
f 2966/2966/2966 2967/2967/2967 2968/2968/2968
f 2969/2969/2969 2970/2970/2970 2971/2971/2971
f 2972/2972/2972 2973/2973/2973 2974/2974/2974
f 2975/2975/2975 2976/2976/2976 2977/2977/2977
o fletch_vane_3
usemtl feather_vane
v 0.005113139682525121 0.031090235353737592 -0.28300000049173835
v 0.04538332191345553 0.007840234802394618 -0.24100000105798247
v 0.03672306645608489 0.012840235621958483 -0.29900000125169757
v 0.008144228286055835 0.029340235532551526 -0.4450000009685755
v 0.005113139682525121 0.031090235353737592 -0.4330000064522028
v 0.005113139682525121 0.031090235353737592 -0.28300000049173835
v 0.043651270821981406 0.00884023496630739 -0.3710000000149012
v 0.03325896427313663 0.014840235949784033 -0.41700000382959845
v 0.008144228286055835 0.029340235532551526 -0.4450000009685755
v 0.005113139682525121 0.031090235353737592 -0.28300000049173835
v 0.03672306645608489 0.012840235621958483 -0.29900000125169757
v 0.043651270821981406 0.00884023496630739 -0.3710000000149012
v 0.043651270821981406 0.00884023496630739 -0.3710000000149012
v 0.008144228286055835 0.029340235532551526 -0.4450000009685755
v 0.005113139682525121 0.031090235353737592 -0.28300000049173835
v 0.036023066481044336 0.011627800099891297 -0.29900000125169757
v 0.044683321938414976 0.006627799280327432 -0.24100000105798247
v 0.004413139707484566 0.029877799831670403 -0.28300000049173835
v 0.004413139707484566 0.029877799831670403 -0.28300000049173835
v 0.004413139707484566 0.029877799831670403 -0.4330000064522028
v 0.00744422831101528 0.028127800010484337 -0.4450000009685755
v 0.00744422831101528 0.028127800010484337 -0.4450000009685755
v 0.03255896429809608 0.013627800427716847 -0.41700000382959845
v 0.04295127084694085 0.007627799444240205 -0.3710000000149012
v 0.04295127084694085 0.007627799444240205 -0.3710000000149012
v 0.036023066481044336 0.011627800099891297 -0.29900000125169757
v 0.004413139707484566 0.029877799831670403 -0.28300000049173835
v 0.004413139707484566 0.029877799831670403 -0.28300000049173835
v 0.00744422831101528 0.028127800010484337 -0.4450000009685755
v 0.04295127084694085 0.007627799444240205 -0.3710000000149012
v 0.005113139682525121 0.031090235353737592 -0.28300000049173835
v 0.005113139682525121 0.031090235353737592 -0.4330000064522028
v 0.004413139707484566 0.029877799831670403 -0.28300000049173835
v 0.005113139682525121 0.031090235353737592 -0.4330000064522028
v 0.004413139707484566 0.029877799831670403 -0.4330000064522028
v 0.004413139707484566 0.029877799831670403 -0.28300000049173835
v 0.005113139682525121 0.031090235353737592 -0.4330000064522028
v 0.008144228286055835 0.029340235532551526 -0.4450000009685755
v 0.004413139707484566 0.029877799831670403 -0.4330000064522028
v 0.008144228286055835 0.029340235532551526 -0.4450000009685755
v 0.00744422831101528 0.028127800010484337 -0.4450000009685755
v 0.004413139707484566 0.029877799831670403 -0.4330000064522028
v 0.008144228286055835 0.029340235532551526 -0.4450000009685755
v 0.03325896427313663 0.014840235949784033 -0.41700000382959845
v 0.00744422831101528 0.028127800010484337 -0.4450000009685755
v 0.03325896427313663 0.014840235949784033 -0.41700000382959845
v 0.03255896429809608 0.013627800427716847 -0.41700000382959845
v 0.00744422831101528 0.028127800010484337 -0.4450000009685755
v 0.03325896427313663 0.014840235949784033 -0.41700000382959845
v 0.043651270821981406 0.00884023496630739 -0.3710000000149012
v 0.03255896429809608 0.013627800427716847 -0.41700000382959845
v 0.043651270821981406 0.00884023496630739 -0.3710000000149012
v 0.04295127084694085 0.007627799444240205 -0.3710000000149012
v 0.03255896429809608 0.013627800427716847 -0.41700000382959845
v 0.043651270821981406 0.00884023496630739 -0.3710000000149012
v 0.03672306645608489 0.012840235621958483 -0.29900000125169757
v 0.04295127084694085 0.007627799444240205 -0.3710000000149012
v 0.03672306645608489 0.012840235621958483 -0.29900000125169757
v 0.036023066481044336 0.011627800099891297 -0.29900000125169757
v 0.04295127084694085 0.007627799444240205 -0.3710000000149012
v 0.03672306645608489 0.012840235621958483 -0.29900000125169757
v 0.04538332191345553 0.007840234802394618 -0.24100000105798247
v 0.036023066481044336 0.011627800099891297 -0.29900000125169757
v 0.04538332191345553 0.007840234802394618 -0.24100000105798247
v 0.044683321938414976 0.006627799280327432 -0.24100000105798247
v 0.036023066481044336 0.011627800099891297 -0.29900000125169757
v 0.04538332191345553 0.007840234802394618 -0.24100000105798247
v 0.005113139682525121 0.031090235353737592 -0.28300000049173835
v 0.044683321938414976 0.006627799280327432 -0.24100000105798247
v 0.005113139682525121 0.031090235353737592 -0.28300000049173835
v 0.004413139707484566 0.029877799831670403 -0.28300000049173835
v 0.044683321938414976 0.006627799280327432 -0.24100000105798247
vt 0 0.005499999970197678
vt -0.041999999433755875 0.052000001072883606
vt 0.01600000075995922 0.041999999433755875
vt 0.16200000047683716 0.008999999612569809
vt 0.15000000596046448 0.005499999970197678
vt 0 0.005499999970197678
vt 0.08799999952316284 0.05000000074505806
vt 0.1340000033378601 0.03799999877810478
vt 0.16200000047683716 0.008999999612569809
vt 0 0.005499999970197678
vt 0.01600000075995922 0.041999999433755875
vt 0.08799999952316284 0.05000000074505806
vt 0.08799999952316284 0.05000000074505806
vt 0.16200000047683716 0.008999999612569809
vt 0 0.005499999970197678
vt 0.01600000075995922 0.041999999433755875
vt -0.041999999433755875 0.052000001072883606
vt 0 0.005499999970197678
vt 0 0.005499999970197678
vt 0.15000000596046448 0.005499999970197678
vt 0.16200000047683716 0.008999999612569809
vt 0.16200000047683716 0.008999999612569809
vt 0.1340000033378601 0.03799999877810478
vt 0.08799999952316284 0.05000000074505806
vt 0.08799999952316284 0.05000000074505806
vt 0.01600000075995922 0.041999999433755875
vt 0 0.005499999970197678
vt 0 0.005499999970197678
vt 0.16200000047683716 0.008999999612569809
vt 0.08799999952316284 0.05000000074505806
vt 0 1
vt 0.15000000596046448 1
vt 0 0.9986000061035156
vt 0.15000000596046448 1
vt 0.15000000596046448 0.9986000061035156
vt 0 0.9986000061035156
vt 0.15000000596046448 1
vt 0.16200000047683716 1
vt 0.15000000596046448 0.9986000061035156
vt 0.16200000047683716 1
vt 0.16200000047683716 0.9986000061035156
vt 0.15000000596046448 0.9986000061035156
vt 0.008999999612569809 1
vt 0.03799999877810478 1
vt 0.008999999612569809 0.9986000061035156
vt 0.03799999877810478 1
vt 0.03799999877810478 0.9986000061035156
vt 0.008999999612569809 0.9986000061035156
vt 0.1340000033378601 1
vt 0.08799999952316284 1
vt 0.1340000033378601 0.9986000061035156
vt 0.08799999952316284 1
vt 0.08799999952316284 0.9986000061035156
vt 0.1340000033378601 0.9986000061035156
vt 0.08799999952316284 1
vt 0.01600000075995922 1
vt 0.08799999952316284 0.9986000061035156
vt 0.01600000075995922 1
vt 0.01600000075995922 0.9986000061035156
vt 0.08799999952316284 0.9986000061035156
vt 0.01600000075995922 1
vt -0.041999999433755875 1
vt 0.01600000075995922 0.9986000061035156
vt -0.041999999433755875 1
vt -0.041999999433755875 0.9986000061035156
vt 0.01600000075995922 0.9986000061035156
vt 0.052000001072883606 1
vt 0.005499999970197678 1
vt 0.052000001072883606 0.9986000061035156
vt 0.005499999970197678 1
vt 0.005499999970197678 0.9986000061035156
vt 0.052000001072883606 0.9986000061035156
vn 0.5000000000000003 0.8660254037844386 -6.123234262925839e-17
vn 0.5000000000000003 0.8660254037844386 -6.123234262925839e-17
vn 0.5000000000000003 0.8660254037844386 -6.123234262925839e-17
vn 0.5000000000000003 0.8660254037844386 -6.123234262925839e-17
vn 0.5000000000000003 0.8660254037844386 -6.123234262925839e-17
vn 0.5000000000000003 0.8660254037844386 -6.123234262925839e-17
vn 0.5000000000000003 0.8660254037844386 -6.123234262925839e-17
vn 0.5000000000000003 0.8660254037844386 -6.123234262925839e-17
vn 0.5000000000000003 0.8660254037844386 -6.123234262925839e-17
vn 0.5000000000000003 0.8660254037844386 -6.123234262925839e-17
vn 0.5000000000000003 0.8660254037844386 -6.123234262925839e-17
vn 0.5000000000000003 0.8660254037844386 -6.123234262925839e-17
vn 0.5000000000000003 0.8660254037844386 -6.123234262925839e-17
vn 0.5000000000000003 0.8660254037844386 -6.123234262925839e-17
vn 0.5000000000000003 0.8660254037844386 -6.123234262925839e-17
vn -0.5000000000000003 -0.8660254037844386 6.123234262925839e-17
vn -0.5000000000000003 -0.8660254037844386 6.123234262925839e-17
vn -0.5000000000000003 -0.8660254037844386 6.123234262925839e-17
vn -0.5000000000000003 -0.8660254037844386 6.123234262925839e-17
vn -0.5000000000000003 -0.8660254037844386 6.123234262925839e-17
vn -0.5000000000000003 -0.8660254037844386 6.123234262925839e-17
vn -0.5000000000000003 -0.8660254037844386 6.123234262925839e-17
vn -0.5000000000000003 -0.8660254037844386 6.123234262925839e-17
vn -0.5000000000000003 -0.8660254037844386 6.123234262925839e-17
vn -0.5000000000000003 -0.8660254037844386 6.123234262925839e-17
vn -0.5000000000000003 -0.8660254037844386 6.123234262925839e-17
vn -0.5000000000000003 -0.8660254037844386 6.123234262925839e-17
vn -0.5000000000000003 -0.8660254037844386 6.123234262925839e-17
vn -0.5000000000000003 -0.8660254037844386 6.123234262925839e-17
vn -0.5000000000000003 -0.8660254037844386 6.123234262925839e-17
vn -0.8660254037844386 0.5000000000000003 0
vn -0.8660254037844386 0.5000000000000003 0
vn -0.8660254037844386 0.5000000000000003 0
vn -0.8660254037844386 0.5000000000000003 0
vn -0.8660254037844386 0.5000000000000003 0
vn -0.8660254037844386 0.5000000000000003 0
vn -0.8313843650858187 0.47999998698234386 -0.28000008926391434
vn -0.8313843650858187 0.47999998698234386 -0.28000008926391434
vn -0.8313843650858187 0.47999998698234386 -0.28000008926391434
vn -0.8313843650858187 0.47999998698234386 -0.28000008926391434
vn -0.8313843650858187 0.47999998698234386 -0.28000008926391434
vn -0.8313843650858187 0.47999998698234386 -0.28000008926391434
vn 0.6015364812962807 -0.34729724940378826 -0.7194014749958831
vn 0.6015364812962807 -0.34729724940378826 -0.7194014749958831
vn 0.6015364812962807 -0.34729724940378826 -0.7194014749958831
vn 0.6015364812962807 -0.34729724940378826 -0.7194014749958831
vn 0.6015364812962807 -0.34729724940378826 -0.7194014749958831
vn 0.6015364812962807 -0.34729724940378826 -0.7194014749958831
vn 0.8379811351990988 -0.4838086339830282 -0.25242191413168896
vn 0.8379811351990988 -0.4838086339830282 -0.25242191413168896
vn 0.8379811351990988 -0.4838086339830282 -0.25242191413168896
vn 0.8379811351990988 -0.4838086339830282 -0.25242191413168896
vn 0.8379811351990988 -0.4838086339830282 -0.25242191413168896
vn 0.8379811351990988 -0.4838086339830282 -0.25242191413168896
vn 0.8607285608256892 -0.49694186629191117 0.11043154488301957
vn 0.8607285608256892 -0.49694186629191117 0.11043154488301957
vn 0.8607285608256892 -0.49694186629191117 0.11043154488301957
vn 0.8607285608256892 -0.49694186629191117 0.11043154488301957
vn 0.8607285608256892 -0.49694186629191117 0.11043154488301957
vn 0.8607285608256892 -0.49694186629191117 0.11043154488301957
vn 0.8534334903294946 -0.4927300553771759 -0.16990694544962456
vn 0.8534334903294946 -0.4927300553771759 -0.16990694544962456
vn 0.8534334903294946 -0.4927300553771759 -0.16990694544962456
vn 0.8534334903294946 -0.4927300553771759 -0.16990694544962456
vn 0.8534334903294946 -0.4927300553771759 -0.16990694544962456
vn 0.8534334903294946 -0.4927300553771759 -0.16990694544962456
vn -0.5804849006150952 0.33514311363063864 0.7421026704869375
vn -0.5804849006150952 0.33514311363063864 0.7421026704869375
vn -0.5804849006150952 0.33514311363063864 0.7421026704869375
vn -0.5804849006150952 0.33514311363063864 0.7421026704869375
vn -0.5804849006150952 0.33514311363063864 0.7421026704869375
vn -0.5804849006150952 0.33514311363063864 0.7421026704869375
f 2978/2978/2978 2979/2979/2979 2980/2980/2980
f 2981/2981/2981 2982/2982/2982 2983/2983/2983
f 2984/2984/2984 2985/2985/2985 2986/2986/2986
f 2987/2987/2987 2988/2988/2988 2989/2989/2989
f 2990/2990/2990 2991/2991/2991 2992/2992/2992
f 2993/2993/2993 2994/2994/2994 2995/2995/2995
f 2996/2996/2996 2997/2997/2997 2998/2998/2998
f 2999/2999/2999 3000/3000/3000 3001/3001/3001
f 3002/3002/3002 3003/3003/3003 3004/3004/3004
f 3005/3005/3005 3006/3006/3006 3007/3007/3007
f 3008/3008/3008 3009/3009/3009 3010/3010/3010
f 3011/3011/3011 3012/3012/3012 3013/3013/3013
f 3014/3014/3014 3015/3015/3015 3016/3016/3016
f 3017/3017/3017 3018/3018/3018 3019/3019/3019
f 3020/3020/3020 3021/3021/3021 3022/3022/3022
f 3023/3023/3023 3024/3024/3024 3025/3025/3025
f 3026/3026/3026 3027/3027/3027 3028/3028/3028
f 3029/3029/3029 3030/3030/3030 3031/3031/3031
f 3032/3032/3032 3033/3033/3033 3034/3034/3034
f 3035/3035/3035 3036/3036/3036 3037/3037/3037
f 3038/3038/3038 3039/3039/3039 3040/3040/3040
f 3041/3041/3041 3042/3042/3042 3043/3043/3043
f 3044/3044/3044 3045/3045/3045 3046/3046/3046
f 3047/3047/3047 3048/3048/3048 3049/3049/3049
o ferrule
usemtl steel_ferrule
v 0 0.023434017461573784 0.32199999873340124
v 0.0033517973497509956 0.024025030110811894 0.32199999873340124
v 0.0062993187457323074 0.02572678183469743 0.32199999873340124
v 0.00848704855889082 0.028334017519688313 0.32199999873340124
v 0.009651116095483303 0.03153226538825602 0.32199999873340124
v 0.009651116095483303 0.03493576976734967 0.32199999873340124
v 0.00848704855889082 0.038134017635917374 0.32199999873340124
v 0.0062993187457323074 0.040741253320908256 0.32199999873340124
v 0.0033517973497509956 0.042443005044793786 0.32199999873340124
v 1.2001538692113502e-18 0.043034017694031895 0.32199999873340124
v -0.0033517973497509956 0.042443005044793786 0.32199999873340124
v -0.0062993187457323074 0.040741253320908256 0.32199999873340124
v -0.00848704855889082 0.038134017635917374 0.32199999873340124
v -0.009651116095483303 0.03493576976734967 0.32199999873340124
v -0.009651116095483303 0.03153226538825602 0.32199999873340124
v -0.00848704855889082 0.028334017519688313 0.32199999873340124
v -0.0062993187457323074 0.02572678183469743 0.32199999873340124
v -0.0033517973497509956 0.024025030110811894 0.32199999873340124
v -2.4003077384227004e-18 0.023434017461573784 0.32199999873340124
v 0 0.024634017285740075 0.286000000283122
v 0.0029413732700049877 0.025152660582995114 0.286000000283122
v 0.005527973640710115 0.02664603540006846 0.286000000283122
v 0.007447818294167519 0.028934017431771455 0.286000000283122
v 0.008469346910715103 0.03174064322639077 0.286000000283122
v 0.008469346910715103 0.03472739192921489 0.286000000283122
v 0.007447818294167519 0.03753401772383421 0.286000000283122
v 0.005527973640710115 0.039821999755537206 0.286000000283122
v 0.0029413732700049877 0.04131537457261056 0.286000000283122
v 1.0531962378021433e-18 0.0418340178698656 0.286000000283122
v -0.0029413732700049877 0.04131537457261056 0.286000000283122
v -0.005527973640710115 0.039821999755537206 0.286000000283122
v -0.007447818294167519 0.03753401772383421 0.286000000283122
v -0.008469346910715103 0.03472739192921489 0.286000000283122
v -0.008469346910715103 0.03174064322639077 0.286000000283122
v -0.007447818294167519 0.028934017431771455 0.286000000283122
v -0.005527973640710115 0.02664603540006846 0.286000000283122
v -0.0029413732700049877 0.025152660582995114 0.286000000283122
v -2.1063924756042866e-18 0.024634017285740075 0.286000000283122
v 0 0.033234017577802845 0.32199999873340124
v 0 0.033234017577802845 0.32199999873340124
v 0 0.033234017577802845 0.32199999873340124
v 0 0.033234017577802845 0.32199999873340124
v 0 0.033234017577802845 0.32199999873340124
v 0 0.033234017577802845 0.32199999873340124
v 0 0.033234017577802845 0.32199999873340124
v 0 0.033234017577802845 0.32199999873340124
v 0 0.033234017577802845 0.32199999873340124
v 0 0.033234017577802845 0.32199999873340124
v 0 0.033234017577802845 0.32199999873340124
v 0 0.033234017577802845 0.32199999873340124
v 0 0.033234017577802845 0.32199999873340124
v 0 0.033234017577802845 0.32199999873340124
v 0 0.033234017577802845 0.32199999873340124
v 0 0.033234017577802845 0.32199999873340124
v 0 0.033234017577802845 0.32199999873340124
v 0 0.033234017577802845 0.32199999873340124
v 0 0.023434017461573784 0.32199999873340124
v 0.0033517973497509956 0.024025030110811894 0.32199999873340124
v 0.0062993187457323074 0.02572678183469743 0.32199999873340124
v 0.00848704855889082 0.028334017519688313 0.32199999873340124
v 0.009651116095483303 0.03153226538825602 0.32199999873340124
v 0.009651116095483303 0.03493576976734967 0.32199999873340124
v 0.00848704855889082 0.038134017635917374 0.32199999873340124
v 0.0062993187457323074 0.040741253320908256 0.32199999873340124
v 0.0033517973497509956 0.042443005044793786 0.32199999873340124
v 1.2001538692113502e-18 0.043034017694031895 0.32199999873340124
v -0.0033517973497509956 0.042443005044793786 0.32199999873340124
v -0.0062993187457323074 0.040741253320908256 0.32199999873340124
v -0.00848704855889082 0.038134017635917374 0.32199999873340124
v -0.009651116095483303 0.03493576976734967 0.32199999873340124
v -0.009651116095483303 0.03153226538825602 0.32199999873340124
v -0.00848704855889082 0.028334017519688313 0.32199999873340124
v -0.0062993187457323074 0.02572678183469743 0.32199999873340124
v -0.0033517973497509956 0.024025030110811894 0.32199999873340124
v -2.4003077384227004e-18 0.023434017461573784 0.32199999873340124
v 0 0.03323401757780283 0.286000000283122
v 0 0.03323401757780283 0.286000000283122
v 0 0.03323401757780283 0.286000000283122
v 0 0.03323401757780283 0.286000000283122
v 0 0.03323401757780283 0.286000000283122
v 0 0.03323401757780283 0.286000000283122
v 0 0.03323401757780283 0.286000000283122
v 0 0.03323401757780283 0.286000000283122
v 0 0.03323401757780283 0.286000000283122
v 0 0.03323401757780283 0.286000000283122
v 0 0.03323401757780283 0.286000000283122
v 0 0.03323401757780283 0.286000000283122
v 0 0.03323401757780283 0.286000000283122
v 0 0.03323401757780283 0.286000000283122
v 0 0.03323401757780283 0.286000000283122
v 0 0.03323401757780283 0.286000000283122
v 0 0.03323401757780283 0.286000000283122
v 0 0.03323401757780283 0.286000000283122
v 0 0.024634017285740075 0.286000000283122
v 0.0029413732700049877 0.025152660582995114 0.286000000283122
v 0.005527973640710115 0.02664603540006846 0.286000000283122
v 0.007447818294167519 0.028934017431771455 0.286000000283122
v 0.008469346910715103 0.03174064322639077 0.286000000283122
v 0.008469346910715103 0.03472739192921489 0.286000000283122
v 0.007447818294167519 0.03753401772383421 0.286000000283122
v 0.005527973640710115 0.039821999755537206 0.286000000283122
v 0.0029413732700049877 0.04131537457261056 0.286000000283122
v 1.0531962378021433e-18 0.0418340178698656 0.286000000283122
v -0.0029413732700049877 0.04131537457261056 0.286000000283122
v -0.005527973640710115 0.039821999755537206 0.286000000283122
v -0.007447818294167519 0.03753401772383421 0.286000000283122
v -0.008469346910715103 0.03472739192921489 0.286000000283122
v -0.008469346910715103 0.03174064322639077 0.286000000283122
v -0.007447818294167519 0.028934017431771455 0.286000000283122
v -0.005527973640710115 0.02664603540006846 0.286000000283122
v -0.0029413732700049877 0.025152660582995114 0.286000000283122
v -2.1063924756042866e-18 0.024634017285740075 0.286000000283122
vt 0 1
vt 0.0555555559694767 1
vt 0.1111111119389534 1
vt 0.1666666716337204 1
vt 0.2222222238779068 1
vt 0.2777777910232544 1
vt 0.3333333432674408 1
vt 0.3888888955116272 1
vt 0.4444444477558136 1
vt 0.5 1
vt 0.5555555820465088 1
vt 0.6111111044883728 1
vt 0.6666666865348816 1
vt 0.7222222089767456 1
vt 0.7777777910232544 1
vt 0.8333333134651184 1
vt 0.8888888955116272 1
vt 0.9444444179534912 1
vt 1 1
vt 0 0
vt 0.0555555559694767 0
vt 0.1111111119389534 0
vt 0.1666666716337204 0
vt 0.2222222238779068 0
vt 0.2777777910232544 0
vt 0.3333333432674408 0
vt 0.3888888955116272 0
vt 0.4444444477558136 0
vt 0.5 0
vt 0.5555555820465088 0
vt 0.6111111044883728 0
vt 0.6666666865348816 0
vt 0.7222222089767456 0
vt 0.7777777910232544 0
vt 0.8333333134651184 0
vt 0.8888888955116272 0
vt 0.9444444179534912 0
vt 1 0
vt 0.5 0.5
vt 0.5 0.5
vt 0.5 0.5
vt 0.5 0.5
vt 0.5 0.5
vt 0.5 0.5
vt 0.5 0.5
vt 0.5 0.5
vt 0.5 0.5
vt 0.5 0.5
vt 0.5 0.5
vt 0.5 0.5
vt 0.5 0.5
vt 0.5 0.5
vt 0.5 0.5
vt 0.5 0.5
vt 0.5 0.5
vt 0.5 0.5
vt 1 0.5
vt 0.9698463082313538 0.6710100769996643
vt 0.8830222487449646 0.8213937878608704
vt 0.75 0.9330127239227295
vt 0.5868240594863892 0.9924038648605347
vt 0.41317591071128845 0.9924038648605347
vt 0.25 0.9330127239227295
vt 0.11697778105735779 0.8213937878608704
vt 0.03015368990600109 0.6710100769996643
vt 0 0.5
vt 0.03015368990600109 0.3289899230003357
vt 0.11697778105735779 0.17860619723796844
vt 0.25 0.0669872984290123
vt 0.41317591071128845 0.007596123497933149
vt 0.5868240594863892 0.007596123497933149
vt 0.75 0.0669872984290123
vt 0.8830222487449646 0.17860619723796844
vt 0.9698463082313538 0.3289899230003357
vt 1 0.5
vt 0.5 0.5
vt 0.5 0.5
vt 0.5 0.5
vt 0.5 0.5
vt 0.5 0.5
vt 0.5 0.5
vt 0.5 0.5
vt 0.5 0.5
vt 0.5 0.5
vt 0.5 0.5
vt 0.5 0.5
vt 0.5 0.5
vt 0.5 0.5
vt 0.5 0.5
vt 0.5 0.5
vt 0.5 0.5
vt 0.5 0.5
vt 0.5 0.5
vt 1 0.5
vt 0.9698463082313538 0.3289899230003357
vt 0.8830222487449646 0.17860619723796844
vt 0.75 0.0669872984290123
vt 0.5868240594863892 0.007596123497933149
vt 0.41317591071128845 0.007596123497933149
vt 0.25 0.0669872984290123
vt 0.11697778105735779 0.17860619723796844
vt 0.03015368990600109 0.3289899230003357
vt 0 0.5
vt 0.03015368990600109 0.6710100769996643
vt 0.11697778105735779 0.8213937878608704
vt 0.25 0.9330127239227295
vt 0.41317591071128845 0.9924038648605347
vt 0.5868240594863892 0.9924038648605347
vt 0.75 0.9330127239227295
vt 0.8830222487449646 0.8213937878608704
vt 0.9698463082313538 0.6710100769996643
vt 1 0.5
vn 0 -0.9994449069295389 -0.03331483172110054
vn 0.34183028026643836 -0.9391710075975558 -0.03331483124916104
vn 0.642430790163021 -0.7656192276986516 -0.03331483196170643
vn 0.8655446795893911 -0.4997224525932015 -0.03331483166299612
vn 0.9842610937847097 -0.17355178265900553 -0.03331483149602452
vn 0.9842610937847097 0.17355178265900553 -0.033314831496024606
vn 0.8655446795893911 0.4997224525932015 -0.03331483166299634
vn 0.642430790163021 0.7656192276986516 -0.033314831961706766
vn 0.34183028026643836 0.9391710075975558 -0.03331483124916146
vn 1.2239669824025939e-16 0.9994449069295389 -0.03331483172110098
vn -0.34183028026643836 0.9391710075975558 -0.03331483124916146
vn -0.642430790163021 0.7656192276986516 -0.033314831961706766
vn -0.8655446795893911 0.4997224525932015 -0.03331483166299634
vn -0.9842610937847097 0.17355178265900553 -0.033314831496024606
vn -0.9842610937847097 -0.17355178265900553 -0.03331483149602452
vn -0.8655446795893911 -0.4997224525932015 -0.03331483166299612
vn -0.642430790163021 -0.7656192276986516 -0.03331483196170643
vn -0.34183028026643836 -0.9391710075975558 -0.03331483124916104
vn -2.4479339648051877e-16 -0.9994449069295389 -0.03331483172110054
vn 0 -0.9994449069295389 -0.03331483172110054
vn 0.34183028026643836 -0.9391710075975558 -0.03331483124916104
vn 0.642430790163021 -0.7656192276986516 -0.03331483196170643
vn 0.8655446795893911 -0.4997224525932015 -0.03331483166299612
vn 0.9842610937847097 -0.17355178265900553 -0.03331483149602452
vn 0.9842610937847097 0.17355178265900553 -0.033314831496024606
vn 0.8655446795893911 0.4997224525932015 -0.03331483166299634
vn 0.642430790163021 0.7656192276986516 -0.033314831961706766
vn 0.34183028026643836 0.9391710075975558 -0.03331483124916146
vn 1.2239669824025939e-16 0.9994449069295389 -0.03331483172110098
vn -0.34183028026643836 0.9391710075975558 -0.03331483124916146
vn -0.642430790163021 0.7656192276986516 -0.033314831961706766
vn -0.8655446795893911 0.4997224525932015 -0.03331483166299634
vn -0.9842610937847097 0.17355178265900553 -0.033314831496024606
vn -0.9842610937847097 -0.17355178265900553 -0.03331483149602452
vn -0.8655446795893911 -0.4997224525932015 -0.03331483166299612
vn -0.642430790163021 -0.7656192276986516 -0.03331483196170643
vn -0.34183028026643836 -0.9391710075975558 -0.03331483124916104
vn -2.4479339648051877e-16 -0.9994449069295389 -0.03331483172110054
vn 0 2.220446049250313e-16 1
vn 0 2.220446049250313e-16 1
vn 0 2.220446049250313e-16 1
vn 0 2.220446049250313e-16 1
vn 0 2.220446049250313e-16 1
vn 0 2.220446049250313e-16 1
vn 0 2.220446049250313e-16 1
vn 0 2.220446049250313e-16 1
vn 0 2.220446049250313e-16 1
vn 0 2.220446049250313e-16 1
vn 0 2.220446049250313e-16 1
vn 0 2.220446049250313e-16 1
vn 0 2.220446049250313e-16 1
vn 0 2.220446049250313e-16 1
vn 0 2.220446049250313e-16 1
vn 0 2.220446049250313e-16 1
vn 0 2.220446049250313e-16 1
vn 0 2.220446049250313e-16 1
vn 0 2.220446049250313e-16 1
vn 0 2.220446049250313e-16 1
vn 0 2.220446049250313e-16 1
vn 0 2.220446049250313e-16 1
vn 0 2.220446049250313e-16 1
vn 0 2.220446049250313e-16 1
vn 0 2.220446049250313e-16 1
vn 0 2.220446049250313e-16 1
vn 0 2.220446049250313e-16 1
vn 0 2.220446049250313e-16 1
vn 0 2.220446049250313e-16 1
vn 0 2.220446049250313e-16 1
vn 0 2.220446049250313e-16 1
vn 0 2.220446049250313e-16 1
vn 0 2.220446049250313e-16 1
vn 0 2.220446049250313e-16 1
vn 0 2.220446049250313e-16 1
vn 0 2.220446049250313e-16 1
vn 0 2.220446049250313e-16 1
vn 0 -2.220446049250313e-16 -1
vn 0 -2.220446049250313e-16 -1
vn 0 -2.220446049250313e-16 -1
vn 0 -2.220446049250313e-16 -1
vn 0 -2.220446049250313e-16 -1
vn 0 -2.220446049250313e-16 -1
vn 0 -2.220446049250313e-16 -1
vn 0 -2.220446049250313e-16 -1
vn 0 -2.220446049250313e-16 -1
vn 0 -2.220446049250313e-16 -1
vn 0 -2.220446049250313e-16 -1
vn 0 -2.220446049250313e-16 -1
vn 0 -2.220446049250313e-16 -1
vn 0 -2.220446049250313e-16 -1
vn 0 -2.220446049250313e-16 -1
vn 0 -2.220446049250313e-16 -1
vn 0 -2.220446049250313e-16 -1
vn 0 -2.220446049250313e-16 -1
vn 0 -2.220446049250313e-16 -1
vn 0 -2.220446049250313e-16 -1
vn 0 -2.220446049250313e-16 -1
vn 0 -2.220446049250313e-16 -1
vn 0 -2.220446049250313e-16 -1
vn 0 -2.220446049250313e-16 -1
vn 0 -2.220446049250313e-16 -1
vn 0 -2.220446049250313e-16 -1
vn 0 -2.220446049250313e-16 -1
vn 0 -2.220446049250313e-16 -1
vn 0 -2.220446049250313e-16 -1
vn 0 -2.220446049250313e-16 -1
vn 0 -2.220446049250313e-16 -1
vn 0 -2.220446049250313e-16 -1
vn 0 -2.220446049250313e-16 -1
vn 0 -2.220446049250313e-16 -1
vn 0 -2.220446049250313e-16 -1
vn 0 -2.220446049250313e-16 -1
vn 0 -2.220446049250313e-16 -1
f 3050/3050/3050 3069/3069/3069 3051/3051/3051
f 3069/3069/3069 3070/3070/3070 3051/3051/3051
f 3051/3051/3051 3070/3070/3070 3052/3052/3052
f 3070/3070/3070 3071/3071/3071 3052/3052/3052
f 3052/3052/3052 3071/3071/3071 3053/3053/3053
f 3071/3071/3071 3072/3072/3072 3053/3053/3053
f 3053/3053/3053 3072/3072/3072 3054/3054/3054
f 3072/3072/3072 3073/3073/3073 3054/3054/3054
f 3054/3054/3054 3073/3073/3073 3055/3055/3055
f 3073/3073/3073 3074/3074/3074 3055/3055/3055
f 3055/3055/3055 3074/3074/3074 3056/3056/3056
f 3074/3074/3074 3075/3075/3075 3056/3056/3056
f 3056/3056/3056 3075/3075/3075 3057/3057/3057
f 3075/3075/3075 3076/3076/3076 3057/3057/3057
f 3057/3057/3057 3076/3076/3076 3058/3058/3058
f 3076/3076/3076 3077/3077/3077 3058/3058/3058
f 3058/3058/3058 3077/3077/3077 3059/3059/3059
f 3077/3077/3077 3078/3078/3078 3059/3059/3059
f 3059/3059/3059 3078/3078/3078 3060/3060/3060
f 3078/3078/3078 3079/3079/3079 3060/3060/3060
f 3060/3060/3060 3079/3079/3079 3061/3061/3061
f 3079/3079/3079 3080/3080/3080 3061/3061/3061
f 3061/3061/3061 3080/3080/3080 3062/3062/3062
f 3080/3080/3080 3081/3081/3081 3062/3062/3062
f 3062/3062/3062 3081/3081/3081 3063/3063/3063
f 3081/3081/3081 3082/3082/3082 3063/3063/3063
f 3063/3063/3063 3082/3082/3082 3064/3064/3064
f 3082/3082/3082 3083/3083/3083 3064/3064/3064
f 3064/3064/3064 3083/3083/3083 3065/3065/3065
f 3083/3083/3083 3084/3084/3084 3065/3065/3065
f 3065/3065/3065 3084/3084/3084 3066/3066/3066
f 3084/3084/3084 3085/3085/3085 3066/3066/3066
f 3066/3066/3066 3085/3085/3085 3067/3067/3067
f 3085/3085/3085 3086/3086/3086 3067/3067/3067
f 3067/3067/3067 3086/3086/3086 3068/3068/3068
f 3086/3086/3086 3087/3087/3087 3068/3068/3068
f 3106/3106/3106 3107/3107/3107 3088/3088/3088
f 3107/3107/3107 3108/3108/3108 3089/3089/3089
f 3108/3108/3108 3109/3109/3109 3090/3090/3090
f 3109/3109/3109 3110/3110/3110 3091/3091/3091
f 3110/3110/3110 3111/3111/3111 3092/3092/3092
f 3111/3111/3111 3112/3112/3112 3093/3093/3093
f 3112/3112/3112 3113/3113/3113 3094/3094/3094
f 3113/3113/3113 3114/3114/3114 3095/3095/3095
f 3114/3114/3114 3115/3115/3115 3096/3096/3096
f 3115/3115/3115 3116/3116/3116 3097/3097/3097
f 3116/3116/3116 3117/3117/3117 3098/3098/3098
f 3117/3117/3117 3118/3118/3118 3099/3099/3099
f 3118/3118/3118 3119/3119/3119 3100/3100/3100
f 3119/3119/3119 3120/3120/3120 3101/3101/3101
f 3120/3120/3120 3121/3121/3121 3102/3102/3102
f 3121/3121/3121 3122/3122/3122 3103/3103/3103
f 3122/3122/3122 3123/3123/3123 3104/3104/3104
f 3123/3123/3123 3124/3124/3124 3105/3105/3105
f 3144/3144/3144 3143/3143/3143 3125/3125/3125
f 3145/3145/3145 3144/3144/3144 3126/3126/3126
f 3146/3146/3146 3145/3145/3145 3127/3127/3127
f 3147/3147/3147 3146/3146/3146 3128/3128/3128
f 3148/3148/3148 3147/3147/3147 3129/3129/3129
f 3149/3149/3149 3148/3148/3148 3130/3130/3130
f 3150/3150/3150 3149/3149/3149 3131/3131/3131
f 3151/3151/3151 3150/3150/3150 3132/3132/3132
f 3152/3152/3152 3151/3151/3151 3133/3133/3133
f 3153/3153/3153 3152/3152/3152 3134/3134/3134
f 3154/3154/3154 3153/3153/3153 3135/3135/3135
f 3155/3155/3155 3154/3154/3154 3136/3136/3136
f 3156/3156/3156 3155/3155/3155 3137/3137/3137
f 3157/3157/3157 3156/3156/3156 3138/3138/3138
f 3158/3158/3158 3157/3157/3157 3139/3139/3139
f 3159/3159/3159 3158/3158/3158 3140/3140/3140
f 3160/3160/3160 3159/3159/3159 3141/3141/3141
f 3161/3161/3161 3160/3160/3160 3142/3142/3142
o ferrule_collar
usemtl steel_ferrule
v 0 0.022034017977153958 0.32449999961629505
v 0.0038306256756186485 0.02270946060571641 0.32449999961629505
v 0.0071992212906479836 0.024654320117866696 0.32449999961629505
v 0.009699484333395958 0.027634017777478398 0.32449999961629505
v 0.011029846966266632 0.03128915794923723 0.32449999961629505
v 0.011029846966266632 0.03517887720636845 0.32449999961629505
v 0.009699484333395958 0.03883401737812728 0.32449999961629505
v 0.0071992212906479836 0.04181371503773898 0.32449999961629505
v 0.0038306256756186485 0.04375857454988927 0.32449999961629505
v 1.3716044219558288e-18 0.04443401717845172 0.32449999961629505
v -0.0038306256756186485 0.04375857454988927 0.32449999961629505
v -0.0071992212906479836 0.04181371503773898 0.32449999961629505
v -0.009699484333395958 0.03883401737812728 0.32449999961629505
v -0.011029846966266632 0.03517887720636845 0.32449999961629505
v -0.011029846966266632 0.03128915794923723 0.32449999961629505
v -0.009699484333395958 0.027634017777478398 0.32449999961629505
v -0.0071992212906479836 0.024654320117866696 0.32449999961629505
v -0.0038306256756186485 0.02270946060571641 0.32449999961629505
v -2.7432088439116576e-18 0.022034017977153958 0.32449999961629505
v 0 0.022034017977153958 0.3174999994002282
v 0.0038306256756186485 0.02270946060571641 0.3174999994002282
v 0.0071992212906479836 0.024654320117866696 0.3174999994002282
v 0.009699484333395958 0.027634017777478398 0.3174999994002282
v 0.011029846966266632 0.03128915794923723 0.3174999994002282
v 0.011029846966266632 0.03517887720636845 0.3174999994002282
v 0.009699484333395958 0.03883401737812728 0.3174999994002282
v 0.0071992212906479836 0.04181371503773898 0.3174999994002282
v 0.0038306256756186485 0.04375857454988927 0.3174999994002282
v 1.3716044219558288e-18 0.04443401717845172 0.3174999994002282
v -0.0038306256756186485 0.04375857454988927 0.3174999994002282
v -0.0071992212906479836 0.04181371503773898 0.3174999994002282
v -0.009699484333395958 0.03883401737812728 0.3174999994002282
v -0.011029846966266632 0.03517887720636845 0.3174999994002282
v -0.011029846966266632 0.03128915794923723 0.3174999994002282
v -0.009699484333395958 0.027634017777478398 0.3174999994002282
v -0.0071992212906479836 0.024654320117866696 0.3174999994002282
v -0.0038306256756186485 0.02270946060571641 0.3174999994002282
v -2.7432088439116576e-18 0.022034017977153958 0.3174999994002282
v 0 0.03323401757780284 0.32449999961629505
v 0 0.03323401757780284 0.32449999961629505
v 0 0.03323401757780284 0.32449999961629505
v 0 0.03323401757780284 0.32449999961629505
v 0 0.03323401757780284 0.32449999961629505
v 0 0.03323401757780284 0.32449999961629505
v 0 0.03323401757780284 0.32449999961629505
v 0 0.03323401757780284 0.32449999961629505
v 0 0.03323401757780284 0.32449999961629505
v 0 0.03323401757780284 0.32449999961629505
v 0 0.03323401757780284 0.32449999961629505
v 0 0.03323401757780284 0.32449999961629505
v 0 0.03323401757780284 0.32449999961629505
v 0 0.03323401757780284 0.32449999961629505
v 0 0.03323401757780284 0.32449999961629505
v 0 0.03323401757780284 0.32449999961629505
v 0 0.03323401757780284 0.32449999961629505
v 0 0.03323401757780284 0.32449999961629505
v 0 0.022034017977153958 0.32449999961629505
v 0.0038306256756186485 0.02270946060571641 0.32449999961629505
v 0.0071992212906479836 0.024654320117866696 0.32449999961629505
v 0.009699484333395958 0.027634017777478398 0.32449999961629505
v 0.011029846966266632 0.03128915794923723 0.32449999961629505
v 0.011029846966266632 0.03517887720636845 0.32449999961629505
v 0.009699484333395958 0.03883401737812728 0.32449999961629505
v 0.0071992212906479836 0.04181371503773898 0.32449999961629505
v 0.0038306256756186485 0.04375857454988927 0.32449999961629505
v 1.3716044219558288e-18 0.04443401717845172 0.32449999961629505
v -0.0038306256756186485 0.04375857454988927 0.32449999961629505
v -0.0071992212906479836 0.04181371503773898 0.32449999961629505
v -0.009699484333395958 0.03883401737812728 0.32449999961629505
v -0.011029846966266632 0.03517887720636845 0.32449999961629505
v -0.011029846966266632 0.03128915794923723 0.32449999961629505
v -0.009699484333395958 0.027634017777478398 0.32449999961629505
v -0.0071992212906479836 0.024654320117866696 0.32449999961629505
v -0.0038306256756186485 0.02270946060571641 0.32449999961629505
v -2.7432088439116576e-18 0.022034017977153958 0.32449999961629505
v 0 0.03323401757780284 0.3174999994002282
v 0 0.03323401757780284 0.3174999994002282
v 0 0.03323401757780284 0.3174999994002282
v 0 0.03323401757780284 0.3174999994002282
v 0 0.03323401757780284 0.3174999994002282
v 0 0.03323401757780284 0.3174999994002282
v 0 0.03323401757780284 0.3174999994002282
v 0 0.03323401757780284 0.3174999994002282
v 0 0.03323401757780284 0.3174999994002282
v 0 0.03323401757780284 0.3174999994002282
v 0 0.03323401757780284 0.3174999994002282
v 0 0.03323401757780284 0.3174999994002282
v 0 0.03323401757780284 0.3174999994002282
v 0 0.03323401757780284 0.3174999994002282
v 0 0.03323401757780284 0.3174999994002282
v 0 0.03323401757780284 0.3174999994002282
v 0 0.03323401757780284 0.3174999994002282
v 0 0.03323401757780284 0.3174999994002282
v 0 0.022034017977153958 0.3174999994002282
v 0.0038306256756186485 0.02270946060571641 0.3174999994002282
v 0.0071992212906479836 0.024654320117866696 0.3174999994002282
v 0.009699484333395958 0.027634017777478398 0.3174999994002282
v 0.011029846966266632 0.03128915794923723 0.3174999994002282
v 0.011029846966266632 0.03517887720636845 0.3174999994002282
v 0.009699484333395958 0.03883401737812728 0.3174999994002282
v 0.0071992212906479836 0.04181371503773898 0.3174999994002282
v 0.0038306256756186485 0.04375857454988927 0.3174999994002282
v 1.3716044219558288e-18 0.04443401717845172 0.3174999994002282
v -0.0038306256756186485 0.04375857454988927 0.3174999994002282
v -0.0071992212906479836 0.04181371503773898 0.3174999994002282
v -0.009699484333395958 0.03883401737812728 0.3174999994002282
v -0.011029846966266632 0.03517887720636845 0.3174999994002282
v -0.011029846966266632 0.03128915794923723 0.3174999994002282
v -0.009699484333395958 0.027634017777478398 0.3174999994002282
v -0.0071992212906479836 0.024654320117866696 0.3174999994002282
v -0.0038306256756186485 0.02270946060571641 0.3174999994002282
v -2.7432088439116576e-18 0.022034017977153958 0.3174999994002282
vt 0 1
vt 0.0555555559694767 1
vt 0.1111111119389534 1
vt 0.1666666716337204 1
vt 0.2222222238779068 1
vt 0.2777777910232544 1
vt 0.3333333432674408 1
vt 0.3888888955116272 1
vt 0.4444444477558136 1
vt 0.5 1
vt 0.5555555820465088 1
vt 0.6111111044883728 1
vt 0.6666666865348816 1
vt 0.7222222089767456 1
vt 0.7777777910232544 1
vt 0.8333333134651184 1
vt 0.8888888955116272 1
vt 0.9444444179534912 1
vt 1 1
vt 0 0
vt 0.0555555559694767 0
vt 0.1111111119389534 0
vt 0.1666666716337204 0
vt 0.2222222238779068 0
vt 0.2777777910232544 0
vt 0.3333333432674408 0
vt 0.3888888955116272 0
vt 0.4444444477558136 0
vt 0.5 0
vt 0.5555555820465088 0
vt 0.6111111044883728 0
vt 0.6666666865348816 0
vt 0.7222222089767456 0
vt 0.7777777910232544 0
vt 0.8333333134651184 0
vt 0.8888888955116272 0
vt 0.9444444179534912 0
vt 1 0
vt 0.5 0.5
vt 0.5 0.5
vt 0.5 0.5
vt 0.5 0.5
vt 0.5 0.5
vt 0.5 0.5
vt 0.5 0.5
vt 0.5 0.5
vt 0.5 0.5
vt 0.5 0.5
vt 0.5 0.5
vt 0.5 0.5
vt 0.5 0.5
vt 0.5 0.5
vt 0.5 0.5
vt 0.5 0.5
vt 0.5 0.5
vt 0.5 0.5
vt 1 0.5
vt 0.9698463082313538 0.6710100769996643
vt 0.8830222487449646 0.8213937878608704
vt 0.75 0.9330127239227295
vt 0.5868240594863892 0.9924038648605347
vt 0.41317591071128845 0.9924038648605347
vt 0.25 0.9330127239227295
vt 0.11697778105735779 0.8213937878608704
vt 0.03015368990600109 0.6710100769996643
vt 0 0.5
vt 0.03015368990600109 0.3289899230003357
vt 0.11697778105735779 0.17860619723796844
vt 0.25 0.0669872984290123
vt 0.41317591071128845 0.007596123497933149
vt 0.5868240594863892 0.007596123497933149
vt 0.75 0.0669872984290123
vt 0.8830222487449646 0.17860619723796844
vt 0.9698463082313538 0.3289899230003357
vt 1 0.5
vt 0.5 0.5
vt 0.5 0.5
vt 0.5 0.5
vt 0.5 0.5
vt 0.5 0.5
vt 0.5 0.5
vt 0.5 0.5
vt 0.5 0.5
vt 0.5 0.5
vt 0.5 0.5
vt 0.5 0.5
vt 0.5 0.5
vt 0.5 0.5
vt 0.5 0.5
vt 0.5 0.5
vt 0.5 0.5
vt 0.5 0.5
vt 0.5 0.5
vt 1 0.5
vt 0.9698463082313538 0.3289899230003357
vt 0.8830222487449646 0.17860619723796844
vt 0.75 0.0669872984290123
vt 0.5868240594863892 0.007596123497933149
vt 0.41317591071128845 0.007596123497933149
vt 0.25 0.0669872984290123
vt 0.11697778105735779 0.17860619723796844
vt 0.03015368990600109 0.3289899230003357
vt 0 0.5
vt 0.03015368990600109 0.6710100769996643
vt 0.11697778105735779 0.8213937878608704
vt 0.25 0.9330127239227295
vt 0.41317591071128845 0.9924038648605347
vt 0.5868240594863892 0.9924038648605347
vt 0.75 0.9330127239227295
vt 0.8830222487449646 0.8213937878608704
vt 0.9698463082313538 0.6710100769996643
vt 1 0.5
vn 0 -1 2.220446049250313e-16
vn 0.34202015414019754 -0.9396926168497417 2.0865367585936971e-16
vn 0.6427876273097093 -0.7660444283313822 1.7009603244386322e-16
vn 0.8660253998985324 -0.5000000067305869 1.1102230395700616e-16
vn 0.9848077521541907 -0.17364818253298778 3.8557642086486993e-17
vn 0.9848077521541907 0.17364818253298778 -3.8557642086486993e-17
vn 0.8660253998985324 0.5000000067305869 -1.1102230395700616e-16
vn 0.6427876273097093 0.7660444283313822 -1.7009603244386322e-16
vn 0.34202015414019754 0.9396926168497417 -2.0865367585936971e-16
vn 1.2246468525851679e-16 1 -2.220446049250313e-16
vn -0.34202015414019754 0.9396926168497417 -2.0865367585936971e-16
vn -0.6427876273097093 0.7660444283313822 -1.7009603244386322e-16
vn -0.8660253998985324 0.5000000067305869 -1.1102230395700616e-16
vn -0.9848077521541907 0.17364818253298778 -3.8557642086486993e-17
vn -0.9848077521541907 -0.17364818253298778 3.8557642086486993e-17
vn -0.8660253998985324 -0.5000000067305869 1.1102230395700616e-16
vn -0.6427876273097093 -0.7660444283313822 1.7009603244386322e-16
vn -0.34202015414019754 -0.9396926168497417 2.0865367585936971e-16
vn -2.4492937051703357e-16 -1 2.220446049250313e-16
vn 0 -1 2.220446049250313e-16
vn 0.34202015414019754 -0.9396926168497417 2.0865367585936971e-16
vn 0.6427876273097093 -0.7660444283313822 1.7009603244386322e-16
vn 0.8660253998985324 -0.5000000067305869 1.1102230395700616e-16
vn 0.9848077521541907 -0.17364818253298778 3.8557642086486993e-17
vn 0.9848077521541907 0.17364818253298778 -3.8557642086486993e-17
vn 0.8660253998985324 0.5000000067305869 -1.1102230395700616e-16
vn 0.6427876273097093 0.7660444283313822 -1.7009603244386322e-16
vn 0.34202015414019754 0.9396926168497417 -2.0865367585936971e-16
vn 1.2246468525851679e-16 1 -2.220446049250313e-16
vn -0.34202015414019754 0.9396926168497417 -2.0865367585936971e-16
vn -0.6427876273097093 0.7660444283313822 -1.7009603244386322e-16
vn -0.8660253998985324 0.5000000067305869 -1.1102230395700616e-16
vn -0.9848077521541907 0.17364818253298778 -3.8557642086486993e-17
vn -0.9848077521541907 -0.17364818253298778 3.8557642086486993e-17
vn -0.8660253998985324 -0.5000000067305869 1.1102230395700616e-16
vn -0.6427876273097093 -0.7660444283313822 1.7009603244386322e-16
vn -0.34202015414019754 -0.9396926168497417 2.0865367585936971e-16
vn -2.4492937051703357e-16 -1 2.220446049250313e-16
vn 0 2.220446049250313e-16 1
vn 0 2.220446049250313e-16 1
vn 0 2.220446049250313e-16 1
vn 0 2.220446049250313e-16 1
vn 0 2.220446049250313e-16 1
vn 0 2.220446049250313e-16 1
vn 0 2.220446049250313e-16 1
vn 0 2.220446049250313e-16 1
vn 0 2.220446049250313e-16 1
vn 0 2.220446049250313e-16 1
vn 0 2.220446049250313e-16 1
vn 0 2.220446049250313e-16 1
vn 0 2.220446049250313e-16 1
vn 0 2.220446049250313e-16 1
vn 0 2.220446049250313e-16 1
vn 0 2.220446049250313e-16 1
vn 0 2.220446049250313e-16 1
vn 0 2.220446049250313e-16 1
vn 0 2.220446049250313e-16 1
vn 0 2.220446049250313e-16 1
vn 0 2.220446049250313e-16 1
vn 0 2.220446049250313e-16 1
vn 0 2.220446049250313e-16 1
vn 0 2.220446049250313e-16 1
vn 0 2.220446049250313e-16 1
vn 0 2.220446049250313e-16 1
vn 0 2.220446049250313e-16 1
vn 0 2.220446049250313e-16 1
vn 0 2.220446049250313e-16 1
vn 0 2.220446049250313e-16 1
vn 0 2.220446049250313e-16 1
vn 0 2.220446049250313e-16 1
vn 0 2.220446049250313e-16 1
vn 0 2.220446049250313e-16 1
vn 0 2.220446049250313e-16 1
vn 0 2.220446049250313e-16 1
vn 0 2.220446049250313e-16 1
vn 0 -2.220446049250313e-16 -1
vn 0 -2.220446049250313e-16 -1
vn 0 -2.220446049250313e-16 -1
vn 0 -2.220446049250313e-16 -1
vn 0 -2.220446049250313e-16 -1
vn 0 -2.220446049250313e-16 -1
vn 0 -2.220446049250313e-16 -1
vn 0 -2.220446049250313e-16 -1
vn 0 -2.220446049250313e-16 -1
vn 0 -2.220446049250313e-16 -1
vn 0 -2.220446049250313e-16 -1
vn 0 -2.220446049250313e-16 -1
vn 0 -2.220446049250313e-16 -1
vn 0 -2.220446049250313e-16 -1
vn 0 -2.220446049250313e-16 -1
vn 0 -2.220446049250313e-16 -1
vn 0 -2.220446049250313e-16 -1
vn 0 -2.220446049250313e-16 -1
vn 0 -2.220446049250313e-16 -1
vn 0 -2.220446049250313e-16 -1
vn 0 -2.220446049250313e-16 -1
vn 0 -2.220446049250313e-16 -1
vn 0 -2.220446049250313e-16 -1
vn 0 -2.220446049250313e-16 -1
vn 0 -2.220446049250313e-16 -1
vn 0 -2.220446049250313e-16 -1
vn 0 -2.220446049250313e-16 -1
vn 0 -2.220446049250313e-16 -1
vn 0 -2.220446049250313e-16 -1
vn 0 -2.220446049250313e-16 -1
vn 0 -2.220446049250313e-16 -1
vn 0 -2.220446049250313e-16 -1
vn 0 -2.220446049250313e-16 -1
vn 0 -2.220446049250313e-16 -1
vn 0 -2.220446049250313e-16 -1
vn 0 -2.220446049250313e-16 -1
vn 0 -2.220446049250313e-16 -1
f 3162/3162/3162 3181/3181/3181 3163/3163/3163
f 3181/3181/3181 3182/3182/3182 3163/3163/3163
f 3163/3163/3163 3182/3182/3182 3164/3164/3164
f 3182/3182/3182 3183/3183/3183 3164/3164/3164
f 3164/3164/3164 3183/3183/3183 3165/3165/3165
f 3183/3183/3183 3184/3184/3184 3165/3165/3165
f 3165/3165/3165 3184/3184/3184 3166/3166/3166
f 3184/3184/3184 3185/3185/3185 3166/3166/3166
f 3166/3166/3166 3185/3185/3185 3167/3167/3167
f 3185/3185/3185 3186/3186/3186 3167/3167/3167
f 3167/3167/3167 3186/3186/3186 3168/3168/3168
f 3186/3186/3186 3187/3187/3187 3168/3168/3168
f 3168/3168/3168 3187/3187/3187 3169/3169/3169
f 3187/3187/3187 3188/3188/3188 3169/3169/3169
f 3169/3169/3169 3188/3188/3188 3170/3170/3170
f 3188/3188/3188 3189/3189/3189 3170/3170/3170
f 3170/3170/3170 3189/3189/3189 3171/3171/3171
f 3189/3189/3189 3190/3190/3190 3171/3171/3171
f 3171/3171/3171 3190/3190/3190 3172/3172/3172
f 3190/3190/3190 3191/3191/3191 3172/3172/3172
f 3172/3172/3172 3191/3191/3191 3173/3173/3173
f 3191/3191/3191 3192/3192/3192 3173/3173/3173
f 3173/3173/3173 3192/3192/3192 3174/3174/3174
f 3192/3192/3192 3193/3193/3193 3174/3174/3174
f 3174/3174/3174 3193/3193/3193 3175/3175/3175
f 3193/3193/3193 3194/3194/3194 3175/3175/3175
f 3175/3175/3175 3194/3194/3194 3176/3176/3176
f 3194/3194/3194 3195/3195/3195 3176/3176/3176
f 3176/3176/3176 3195/3195/3195 3177/3177/3177
f 3195/3195/3195 3196/3196/3196 3177/3177/3177
f 3177/3177/3177 3196/3196/3196 3178/3178/3178
f 3196/3196/3196 3197/3197/3197 3178/3178/3178
f 3178/3178/3178 3197/3197/3197 3179/3179/3179
f 3197/3197/3197 3198/3198/3198 3179/3179/3179
f 3179/3179/3179 3198/3198/3198 3180/3180/3180
f 3198/3198/3198 3199/3199/3199 3180/3180/3180
f 3218/3218/3218 3219/3219/3219 3200/3200/3200
f 3219/3219/3219 3220/3220/3220 3201/3201/3201
f 3220/3220/3220 3221/3221/3221 3202/3202/3202
f 3221/3221/3221 3222/3222/3222 3203/3203/3203
f 3222/3222/3222 3223/3223/3223 3204/3204/3204
f 3223/3223/3223 3224/3224/3224 3205/3205/3205
f 3224/3224/3224 3225/3225/3225 3206/3206/3206
f 3225/3225/3225 3226/3226/3226 3207/3207/3207
f 3226/3226/3226 3227/3227/3227 3208/3208/3208
f 3227/3227/3227 3228/3228/3228 3209/3209/3209
f 3228/3228/3228 3229/3229/3229 3210/3210/3210
f 3229/3229/3229 3230/3230/3230 3211/3211/3211
f 3230/3230/3230 3231/3231/3231 3212/3212/3212
f 3231/3231/3231 3232/3232/3232 3213/3213/3213
f 3232/3232/3232 3233/3233/3233 3214/3214/3214
f 3233/3233/3233 3234/3234/3234 3215/3215/3215
f 3234/3234/3234 3235/3235/3235 3216/3216/3216
f 3235/3235/3235 3236/3236/3236 3217/3217/3217
f 3256/3256/3256 3255/3255/3255 3237/3237/3237
f 3257/3257/3257 3256/3256/3256 3238/3238/3238
f 3258/3258/3258 3257/3257/3257 3239/3239/3239
f 3259/3259/3259 3258/3258/3258 3240/3240/3240
f 3260/3260/3260 3259/3259/3259 3241/3241/3241
f 3261/3261/3261 3260/3260/3260 3242/3242/3242
f 3262/3262/3262 3261/3261/3261 3243/3243/3243
f 3263/3263/3263 3262/3262/3262 3244/3244/3244
f 3264/3264/3264 3263/3263/3263 3245/3245/3245
f 3265/3265/3265 3264/3264/3264 3246/3246/3246
f 3266/3266/3266 3265/3265/3265 3247/3247/3247
f 3267/3267/3267 3266/3266/3266 3248/3248/3248
f 3268/3268/3268 3267/3267/3267 3249/3249/3249
f 3269/3269/3269 3268/3268/3268 3250/3250/3250
f 3270/3270/3270 3269/3269/3269 3251/3251/3251
f 3271/3271/3271 3270/3270/3270 3252/3252/3252
f 3272/3272/3272 3271/3271/3271 3253/3253/3253
f 3273/3273/3273 3272/3272/3272 3254/3254/3254
o head_barbs
usemtl steel_head
v 0.016617008788901412 0.016617008788901433 0.35900000043213365
v 0.016617008788901412 0.04985102636670426 0.35900000043213365
v -0.01661700878890141 0.04985102636670426 0.35900000043213365
v -0.016617008788901416 0.016617008788901436 0.35900000043213365
v 0.01661700878890141 0.016617008788901426 0.35900000043213365
v 0.005303300740361095 0.027930716837441735 0.32499999858438966
v 0.005303300740361096 0.03853731831816393 0.32499999858438966
v -0.005303300740361094 0.03853731831816393 0.32499999858438966
v -0.005303300740361097 0.02793071683744174 0.32499999858438966
v 0.005303300740361094 0.027930716837441735 0.32499999858438966
v 0 0.033234017577802845 0.35900000043213365
v 0 0.033234017577802845 0.35900000043213365
v 0 0.033234017577802845 0.35900000043213365
v 0 0.033234017577802845 0.35900000043213365
v 0.016617008788901412 0.016617008788901433 0.35900000043213365
v 0.016617008788901412 0.04985102636670426 0.35900000043213365
v -0.01661700878890141 0.04985102636670426 0.35900000043213365
v -0.016617008788901416 0.016617008788901436 0.35900000043213365
v 0.01661700878890141 0.016617008788901426 0.35900000043213365
v 0 0.03323401757780283 0.32499999858438966
v 0 0.03323401757780283 0.32499999858438966
v 0 0.03323401757780283 0.32499999858438966
v 0 0.03323401757780283 0.32499999858438966
v 0.005303300740361095 0.027930716837441735 0.32499999858438966
v 0.005303300740361096 0.03853731831816393 0.32499999858438966
v -0.005303300740361094 0.03853731831816393 0.32499999858438966
v -0.005303300740361097 0.02793071683744174 0.32499999858438966
v 0.005303300740361094 0.027930716837441735 0.32499999858438966
vt 0 1
vt 0.25 1
vt 0.5 1
vt 0.75 1
vt 1 1
vt 0 0
vt 0.25 0
vt 0.5 0
vt 0.75 0
vt 1 0
vt 0.5 0.5
vt 0.5 0.5
vt 0.5 0.5
vt 0.5 0.5
vt 1 0.5
vt 0.5 1
vt 0 0.5
vt 0.5 0
vt 1 0.5
vt 0.5 0.5
vt 0.5 0.5
vt 0.5 0.5
vt 0.5 0.5
vt 1 0.5
vt 0.5 0
vt 0 0.5
vt 0.5 1
vt 1 0.5
vn 0.6398034391155648 -0.639803439115565 -0.42579703920035794
vn 0.6398034391155648 0.6398034391155647 -0.4257970392003584
vn -0.6398034391155647 0.6398034391155649 -0.4257970392003584
vn -0.6398034391155649 -0.6398034391155648 -0.42579703920035794
vn 0.6398034391155647 -0.6398034391155651 -0.42579703920035794
vn 0.6398034391155648 -0.639803439115565 -0.42579703920035794
vn 0.6398034391155648 0.6398034391155647 -0.4257970392003584
vn -0.6398034391155647 0.6398034391155649 -0.4257970392003584
vn -0.6398034391155649 -0.6398034391155648 -0.42579703920035794
vn 0.6398034391155647 -0.6398034391155651 -0.42579703920035794
vn -7.850462293418876e-17 2.3551386880256634e-16 1
vn -7.850462293418876e-17 2.3551386880256634e-16 1
vn -7.850462293418876e-17 2.3551386880256634e-16 1
vn -7.850462293418876e-17 2.3551386880256634e-16 1
vn -7.850462293418876e-17 2.3551386880256634e-16 1
vn -7.850462293418876e-17 2.3551386880256634e-16 1
vn -7.850462293418876e-17 2.3551386880256634e-16 1
vn -7.850462293418876e-17 2.3551386880256634e-16 1
vn -7.850462293418876e-17 2.3551386880256634e-16 1
vn 7.850462293418876e-17 -2.3551386880256634e-16 -1
vn 7.850462293418876e-17 -2.3551386880256634e-16 -1
vn 7.850462293418876e-17 -2.3551386880256634e-16 -1
vn 7.850462293418876e-17 -2.3551386880256634e-16 -1
vn 7.850462293418876e-17 -2.3551386880256634e-16 -1
vn 7.850462293418876e-17 -2.3551386880256634e-16 -1
vn 7.850462293418876e-17 -2.3551386880256634e-16 -1
vn 7.850462293418876e-17 -2.3551386880256634e-16 -1
vn 7.850462293418876e-17 -2.3551386880256634e-16 -1
f 3274/3274/3274 3279/3279/3279 3275/3275/3275
f 3279/3279/3279 3280/3280/3280 3275/3275/3275
f 3275/3275/3275 3280/3280/3280 3276/3276/3276
f 3280/3280/3280 3281/3281/3281 3276/3276/3276
f 3276/3276/3276 3281/3281/3281 3277/3277/3277
f 3281/3281/3281 3282/3282/3282 3277/3277/3277
f 3277/3277/3277 3282/3282/3282 3278/3278/3278
f 3282/3282/3282 3283/3283/3283 3278/3278/3278
f 3288/3288/3288 3289/3289/3289 3284/3284/3284
f 3289/3289/3289 3290/3290/3290 3285/3285/3285
f 3290/3290/3290 3291/3291/3291 3286/3286/3286
f 3291/3291/3291 3292/3292/3292 3287/3287/3287
f 3298/3298/3298 3297/3297/3297 3293/3293/3293
f 3299/3299/3299 3298/3298/3298 3294/3294/3294
f 3300/3300/3300 3299/3299/3299 3295/3295/3295
f 3301/3301/3301 3300/3300/3300 3296/3296/3296
o head_point
usemtl steel_head
v 0 0.03323401757780285 0.4450000009685755
v 0 0.03323401757780285 0.4450000009685755
v 0 0.03323401757780285 0.4450000009685755
v 0 0.03323401757780285 0.4450000009685755
v 0 0.03323401757780285 0.4450000009685755
v 0.016617008788901412 0.016617008788901412 0.3589999980479479
v 0.016617008788901412 0.049851026366704236 0.3589999980479479
v -0.01661700878890141 0.049851026366704236 0.3589999980479479
v -0.016617008788901416 0.016617008788901416 0.3589999980479479
v 0.01661700878890141 0.01661700878890141 0.3589999980479479
v 0 0.033234017577802824 0.3589999980479479
v 0 0.033234017577802824 0.3589999980479479
v 0 0.033234017577802824 0.3589999980479479
v 0 0.033234017577802824 0.3589999980479479
v 0.016617008788901412 0.016617008788901412 0.3589999980479479
v 0.016617008788901412 0.049851026366704236 0.3589999980479479
v -0.01661700878890141 0.049851026366704236 0.3589999980479479
v -0.016617008788901416 0.016617008788901416 0.3589999980479479
v 0.01661700878890141 0.01661700878890141 0.3589999980479479
vt 0 1
vt 0.25 1
vt 0.5 1
vt 0.75 1
vt 1 1
vt 0 0
vt 0.25 0
vt 0.5 0
vt 0.75 0
vt 1 0
vt 0.5 0.5
vt 0.5 0.5
vt 0.5 0.5
vt 0.5 0.5
vt 1 0.5
vt 0.5 0
vt 0 0.5
vt 0.5 1
vt 1 0.5
vn 0.682099444428876 -0.682099444428876 0.2635919115216499
vn 0.682099444428876 0.6820994444288762 0.26359191152164946
vn -0.6820994444288759 0.6820994444288763 0.26359191152164946
vn -0.6820994444288762 -0.6820994444288758 0.2635919115216499
vn 0.6820994444288758 -0.6820994444288763 0.2635919115216499
vn 0.682099444428876 -0.682099444428876 0.2635919115216499
vn 0.682099444428876 0.6820994444288762 0.26359191152164946
vn -0.6820994444288759 0.6820994444288763 0.26359191152164946
vn -0.6820994444288762 -0.6820994444288758 0.2635919115216499
vn 0.6820994444288758 -0.6820994444288763 0.2635919115216499
vn 7.850462293418876e-17 -2.3551386880256634e-16 -1
vn 7.850462293418876e-17 -2.3551386880256634e-16 -1
vn 7.850462293418876e-17 -2.3551386880256634e-16 -1
vn 7.850462293418876e-17 -2.3551386880256634e-16 -1
vn 7.850462293418876e-17 -2.3551386880256634e-16 -1
vn 7.850462293418876e-17 -2.3551386880256634e-16 -1
vn 7.850462293418876e-17 -2.3551386880256634e-16 -1
vn 7.850462293418876e-17 -2.3551386880256634e-16 -1
vn 7.850462293418876e-17 -2.3551386880256634e-16 -1
f 3307/3307/3307 3308/3308/3308 3303/3303/3303
f 3308/3308/3308 3309/3309/3309 3304/3304/3304
f 3309/3309/3309 3310/3310/3310 3305/3305/3305
f 3310/3310/3310 3311/3311/3311 3306/3306/3306
f 3317/3317/3317 3316/3316/3316 3312/3312/3312
f 3318/3318/3318 3317/3317/3317 3313/3313/3313
f 3319/3319/3319 3318/3318/3318 3314/3314/3314
f 3320/3320/3320 3319/3319/3319 3315/3315/3315
